-- IELTS C20 seed
SET NAMES utf8mb4;
DELETE FROM IELTSUserAnswer WHERE attemptId IN (SELECT id FROM IELTSAttempt WHERE examId IN (2001,2002,2003,2004,10,20,30,40));
DELETE FROM IELTSAttempt WHERE examId IN (2001,2002,2003,2004,10,20,30,40);
DELETE FROM IELTSQuestion WHERE sectionId IN (SELECT id FROM IELTSExamSection WHERE examId IN (2001,2002,2003,2004,10,20,30,40));
DELETE FROM IELTSExamSection WHERE examId IN (2001,2002,2003,2004,10,20,30,40);
DELETE FROM IELTSExam WHERE id IN (2001,2002,2003,2004,10,20,30,40);

INSERT INTO IELTSExam (id, title, type, totalQuestions) VALUES (10, '剑桥雅思 20 - Test 1 阅读', 'reading', 40);
INSERT INTO IELTSExamSection (id, examId, sectionIndex, title, instructions, audioUrl, imageUrl) VALUES (100, 10, 1, 'Passage 1: The kākāpō', 'The kākāpō is a nocturnal, flightless parrot that is critically endangered and one of New Zealand\'s unique treasures\n\n\n\nThe kākāpō, also known as the owl parrot, is a large, forest-dwelling bird, with a pale owl-like face. Up to 64 cm in length, it has predominantly yellow-green feathers, forward-facing eyes, a large grey beak, large blue feet, and relatively short wings and tail. It is the world\'s only flightless parrot, and is also possibly one of the world\'s longest-living birds, with a reported lifespan of up to 100 years.\n\n\n\nKākāpō are solitary birds and tend to occupy the same home range for many years. They forage on the ground and climb high into trees. They often leap from trees and flap their wings, but at best manage a controlled descent to the ground. They are entirely vegetarian, with their diet including the leaves, roots and bark of trees as well as bulbs, and fern fronds.\n\n\n\nKākāpō breed in summer and autumn, but only in years when food is plentiful. Males play no part in incubation or chick-rearing – females alone incubate eggs and feed the chicks. The 1–4 eggs are laid in soil, which is repeatedly turned over before and during incubation. The female kākāpō has to spend long periods away from the nest searching for food, which leaves the unattended eggs and chicks particularly vulnerable to predators.\n\n\n\nBefore humans arrived, kākāpō were common throughout New Zealand\'s forests. However, this all changed with the arrival of the first Polynesian settlers about 700 years ago. For the early settlers, the flightless kākāpō was easy prey. They ate its meat and used its feathers to make soft cloaks. With them came the Polynesian dog and rat, which also preyed on kākāpō. By the time European colonisers arrived in the early 1800s, kākāpō had become confined to the central North Island and forested parts of the South Island. The fall in kākāpō numbers was accelerated by European colonisation. A great deal of habitat was lost through forest clearance, and introduced species such as deer depleted the remaining forests of food. Other predators such as cats, stoats and two more species of rat were also introduced. The kākāpō were in serious trouble.\n\n\n\nIn 1894, the New Zealand government launched its first attempt to save the kākāpō. Conservationist Richard Henry led an effort to relocate several hundred of the birds to predator-free Resolution Island in Fiordland. Unfortunately, the island didn\'t remain predator free – stoats arrived within six years, eventually destroying the kākāpō population. By the mid-1900s, the kākāpō was practically a lost species. Only a few clung to life in the most isolated parts of New Zealand.\n\n\n\nFrom 1949 to 1973, the newly formed New Zealand Wildlife Service made over 60 expeditions to find kākāpō, focusing mainly on Fiordland. Six were caught, but there were no females amongst them and all but one died within a few months of captivity. In 1974, a new initiative was launched, and by 1977, 18 more kākāpō were found in Fiordland. However, there were still no females. In 1977, a large population of males was spotted in Rakiura – a large island free from stoats, ferrets and weasels. There were about 200 individuals, and in 1980 it was confirmed females were also present. These birds have been the foundation of all subsequent work in managing the species.\n\n\n\nUnfortunately, predation by feral cats on Rakiura Island led to a rapid decline in kākāpō numbers. As a result, during 1980–97, the surviving population was evacuated to three island sanctuaries: Codfish Island, Maud Island and Little Barrier Island. However, breeding success was hard to achieve. Rats were found to be a major predator of kākāpō chicks and an insufficient number of chicks survived to offset adult mortality. By 1995, although at least 12 chicks had been produced on the islands, only three had survived. The kākāpō population had dropped to 51 birds. The critical situation prompted an urgent review of kākāpō management in New Zealand.\n\n\n\nIn 1996, a new Recovery Plan was launched, together with a specialist advisory group called the Kākāpō Scientific and Technical Advisory Committee and a higher amount of funding. Renewed steps were taken to control predators on the three islands. Cats were eradicated from Little Barrier Island in 1980, and possums were eradicated from Codfish Island by 1986. However, the population did not start to increase until rats were removed from all three islands, and the birds were more intensively managed. This involved moving the birds between islands, supplementary feeding of adults and rescuing and hand-raising any failing chicks.\n\n\n\nAfter the first five years of the Recovery Plan, the population was on target. By 2000, five new females had been produced, and the total population had grown to 62 birds. For the first time, there was cautious optimism for the future of kākāpō and by June 2020, a total of 210 birds was recorded.\n\n\n\nToday, kākāpō management continues to be guided by the kākāpō Recovery Plan. Its key goals are: minimise the loss of genetic diversity in the kākāpō population, restore or maintain sufficient habitat to accommodate the expected increase in the kākāpō population, and ensure stakeholders continue to be fully engaged in the preservation of the species.\n\nDo the following statements agree with the information given in Reading Passage 1? In boxes 1–6 on your answer sheet, write TRUE if the statement agrees with the information FALSE if the statement contradicts the information NOT GIVEN if there is no information on this\n\nComplete the notes below. Choose ONE WORD AND/OR A NUMBER from the passage for each answer. Write your answers in boxes 7–13 on your answer sheet.', NULL, NULL);
INSERT INTO IELTSQuestion (id, sectionId, questionIndex, questionType, questionText, passageText, options, correctAnswer) VALUES (24, 100, 1, 'true_false', 'There are other parrots that share the kakapo\'s inability to fly.', NULL, NULL, 'FALSE');
INSERT INTO IELTSQuestion (id, sectionId, questionIndex, questionType, questionText, passageText, options, correctAnswer) VALUES (25, 100, 2, 'true_false', 'Adult kakapo produce chicks every year.', NULL, NULL, 'FALSE');
INSERT INTO IELTSQuestion (id, sectionId, questionIndex, questionType, questionText, passageText, options, correctAnswer) VALUES (26, 100, 3, 'true_false', 'Adult male kakapo bring food back to nesting females.', NULL, NULL, 'FALSE');
INSERT INTO IELTSQuestion (id, sectionId, questionIndex, questionType, questionText, passageText, options, correctAnswer) VALUES (27, 100, 4, 'true_false', 'The Polynesian rat was a greater threat to the kakapo than Polynesian settlers.', NULL, NULL, 'NOT GIVEN');
INSERT INTO IELTSQuestion (id, sectionId, questionIndex, questionType, questionText, passageText, options, correctAnswer) VALUES (28, 100, 5, 'true_false', 'Kakapo were transferred from Rakiura Island to other locations because they were at risk from feral cats.', NULL, NULL, 'TRUE');
INSERT INTO IELTSQuestion (id, sectionId, questionIndex, questionType, questionText, passageText, options, correctAnswer) VALUES (29, 100, 6, 'true_false', 'One Recovery Plan initiative that helped increase the kakapo population size was caring for struggling young birds.', NULL, NULL, 'TRUE');
INSERT INTO IELTSQuestion (id, sectionId, questionIndex, questionType, questionText, passageText, options, correctAnswer) VALUES (30, 100, 7, 'fill_blank', 'West Indian manatees can be found in a variety of different aquatic habitats.', '## Summary\n\nNew Zealand\'s kākāpō\n\nA type of parrot:\n\n·diet consists of fern fronds, various parts of a tree and (7) ______\n\n·nests are created in  (8) ______ where eggs are laid.\n\nArrival of Polynesian settlers\n\n·the (9) ______ of the käkāpō were used to make clothes.\n\nArrival of European colonisers\n\n· (10) ______ were an animal which they introduced that ate the kākāpō\'s food sources.\n\nProtecting kākāpō\n\n·Richard Henry, a conservationist, tried to protect the käkāpō.\n\n·a definite sighting of female kākāpō on Rakiura Island was reported in the year (11) ______\n\n·the Recovery Plan included an increase in (12) ______\n\n·a current goal of the Recovery Plan is to maintain the involvement of  (13) ______ in kākāpō protection.', NULL, 'bulbs');
INSERT INTO IELTSQuestion (id, sectionId, questionIndex, questionType, questionText, passageText, options, correctAnswer) VALUES (31, 100, 8, 'fill_blank', 'Georgia O\'Keeffe\'s style was greatly influenced by the changing fashions in art over the seven decades of her career.', '## Summary\n\nNew Zealand\'s kākāpō\n\nA type of parrot:\n\n·diet consists of fern fronds, various parts of a tree and (7) ______\n\n·nests are created in  (8) ______ where eggs are laid.\n\nArrival of Polynesian settlers\n\n·the (9) ______ of the käkāpō were used to make clothes.\n\nArrival of European colonisers\n\n· (10) ______ were an animal which they introduced that ate the kākāpō\'s food sources.\n\nProtecting kākāpō\n\n·Richard Henry, a conservationist, tried to protect the käkāpō.\n\n·a definite sighting of female kākāpō on Rakiura Island was reported in the year (11) ______\n\n·the Recovery Plan included an increase in (12) ______\n\n·a current goal of the Recovery Plan is to maintain the involvement of  (13) ______ in kākāpō protection.', NULL, 'soil');
INSERT INTO IELTSQuestion (id, sectionId, questionIndex, questionType, questionText, passageText, options, correctAnswer) VALUES (32, 100, 9, 'fill_blank', 'When O\'Keeffe finished high school, she had already made her mind up about the career that she wanted.', '## Summary\n\nNew Zealand\'s kākāpō\n\nA type of parrot:\n\n·diet consists of fern fronds, various parts of a tree and (7) ______\n\n·nests are created in  (8) ______ where eggs are laid.\n\nArrival of Polynesian settlers\n\n·the (9) ______ of the käkāpō were used to make clothes.\n\nArrival of European colonisers\n\n· (10) ______ were an animal which they introduced that ate the kākāpō\'s food sources.\n\nProtecting kākāpō\n\n·Richard Henry, a conservationist, tried to protect the käkāpō.\n\n·a definite sighting of female kākāpō on Rakiura Island was reported in the year (11) ______\n\n·the Recovery Plan included an increase in (12) ______\n\n·a current goal of the Recovery Plan is to maintain the involvement of  (13) ______ in kākāpō protection.', NULL, 'feathers');
INSERT INTO IELTSQuestion (id, sectionId, questionIndex, questionType, questionText, passageText, options, correctAnswer) VALUES (33, 100, 10, 'fill_blank', 'Alfred Stieglitz first discovered O\'Keeffe\'s work when she sent some abstract drawings to his gallery in New York City.', '## Summary\n\nNew Zealand\'s kākāpō\n\nA type of parrot:\n\n·diet consists of fern fronds, various parts of a tree and (7) ______\n\n·nests are created in  (8) ______ where eggs are laid.\n\nArrival of Polynesian settlers\n\n·the (9) ______ of the käkāpō were used to make clothes.\n\nArrival of European colonisers\n\n· (10) ______ were an animal which they introduced that ate the kākāpō\'s food sources.\n\nProtecting kākāpō\n\n·Richard Henry, a conservationist, tried to protect the käkāpō.\n\n·a definite sighting of female kākāpō on Rakiura Island was reported in the year (11) ______\n\n·the Recovery Plan included an increase in (12) ______\n\n·a current goal of the Recovery Plan is to maintain the involvement of  (13) ______ in kākāpō protection.', NULL, 'deer');
INSERT INTO IELTSQuestion (id, sectionId, questionIndex, questionType, questionText, passageText, options, correctAnswer) VALUES (34, 100, 11, 'fill_blank', 'O\'Keeffe was the subject of Stieglitz\'s photographic work for many years.', '## Summary\n\nNew Zealand\'s kākāpō\n\nA type of parrot:\n\n·diet consists of fern fronds, various parts of a tree and (7) ______\n\n·nests are created in  (8) ______ where eggs are laid.\n\nArrival of Polynesian settlers\n\n·the (9) ______ of the käkāpō were used to make clothes.\n\nArrival of European colonisers\n\n· (10) ______ were an animal which they introduced that ate the kākāpō\'s food sources.\n\nProtecting kākāpō\n\n·Richard Henry, a conservationist, tried to protect the käkāpō.\n\n·a definite sighting of female kākāpō on Rakiura Island was reported in the year (11) ______\n\n·the Recovery Plan included an increase in (12) ______\n\n·a current goal of the Recovery Plan is to maintain the involvement of  (13) ______ in kākāpō protection.', NULL, '1980');
INSERT INTO IELTSQuestion (id, sectionId, questionIndex, questionType, questionText, passageText, options, correctAnswer) VALUES (35, 100, 12, 'fill_blank', 'O\'Keeffe\'s paintings of the patio of her house in Abiquiú were among the artist\'s favourite works.', '## Summary\n\nNew Zealand\'s kākāpō\n\nA type of parrot:\n\n·diet consists of fern fronds, various parts of a tree and (7) ______\n\n·nests are created in  (8) ______ where eggs are laid.\n\nArrival of Polynesian settlers\n\n·the (9) ______ of the käkāpō were used to make clothes.\n\nArrival of European colonisers\n\n· (10) ______ were an animal which they introduced that ate the kākāpō\'s food sources.\n\nProtecting kākāpō\n\n·Richard Henry, a conservationist, tried to protect the käkāpō.\n\n·a definite sighting of female kākāpō on Rakiura Island was reported in the year (11) ______\n\n·the Recovery Plan included an increase in (12) ______\n\n·a current goal of the Recovery Plan is to maintain the involvement of  (13) ______ in kākāpō protection.', NULL, 'funding');
INSERT INTO IELTSQuestion (id, sectionId, questionIndex, questionType, questionText, passageText, options, correctAnswer) VALUES (36, 100, 13, 'fill_blank', 'O\'Keeffe produced a greater quantity of work during the 1950s to 1970s than at any other time in her life.', '## Summary\n\nNew Zealand\'s kākāpō\n\nA type of parrot:\n\n·diet consists of fern fronds, various parts of a tree and (7) ______\n\n·nests are created in  (8) ______ where eggs are laid.\n\nArrival of Polynesian settlers\n\n·the (9) ______ of the käkāpō were used to make clothes.\n\nArrival of European colonisers\n\n· (10) ______ were an animal which they introduced that ate the kākāpō\'s food sources.\n\nProtecting kākāpō\n\n·Richard Henry, a conservationist, tried to protect the käkāpō.\n\n·a definite sighting of female kākāpō on Rakiura Island was reported in the year (11) ______\n\n·the Recovery Plan included an increase in (12) ______\n\n·a current goal of the Recovery Plan is to maintain the involvement of  (13) ______ in kākāpō protection.', NULL, 'stakeholders');
INSERT INTO IELTSExamSection (id, examId, sectionIndex, title, instructions, audioUrl, imageUrl) VALUES (200, 10, 2, 'Passage 2: Return of the elm: reintroducing the beloved tree to Britain', 'Mark Rowe investigates attempts to reintroduce elms to Britain\n\n\n\nA\nAround 25 million elms, accounting for 90% of all elm trees in the UK, died during the 1960s and \'70s of Dutch elm disease. In the aftermath, the elm, once so dominant in the British landscape, was largely forgotten. However, there\'s now hope the elm may be reintroduced to the countryside of central and southern England. Any reintroduction will start from a very low base. \'The impact of the disease is difficult to picture if you hadn\'t seen what was there before,\' says Matt Elliot of the Woodland Trust. \'You look at old photographs from the 1960s and it\'s only then that you realise the impact elms had … They were significant, large trees… then they were gone.\'\n\n\n\nB\nThe disease is caused by a fungus that blocks the elms\' vascular (water, nutrient and food transport) system, causing branches to wilt and die. A first epidemic, which occurred in the 1920s, gradually died down, but in the \'70s a second epidemic was triggered by shipments of elm from Canada. The wood came in the form of logs destined for boat building and its intact bark was perfect for the elm bark beetles that spread the deadly fungus. This time, the beetles carried a much more virulent strain that destroyed the vast majority of British elms.\n\n\n\nC\nToday, elms still exist in the southern English countryside but mostly only in low hedgerows between fields. \'We have millions of small elms in hedgerows but they get targeted by the beetle as soon as they reach a certain size,\' says Karen Russell, co-author of the report \'Where we are with elm\'. Once the trunk of the elm reaches 10-15 centimetres or so in diameter, it becomes a perfect size for beetles to lay eggs and for the fungus to take hold. Yet mature specimens have been identified, in counties such as Cambridgeshire, that are hundreds of years old, and have mysteriously escaped the epidemic.\n\n\nThe key, Russell says, is to identify and study those trees that have survived and work out why they stood tall when millions of others succumbed. Nevertheless, opportunities are limited as the number of these mature survivors is relatively small. \'What are the reasons for their survival?\' asks Russell. \'Avoidance, tolerance, resistance? We don\'t know where the balance lies between the three. I don\'t see how it can be entirely down to luck.\'\n\n\n\nD\nFor centuries, elm ran a close second to oak as the hardwood tree of choice in Britain and was in many instances the most prominent tree in the landscape. Not only was elm common in European forests, it became a key component of birch, ash and hazel woodlands. The use of elm is thought to go back to the Bronze Age, when it was widely used for tools. Elm was also the preferred material for shields and early swords. In the 18th century, it was planted more widely and its wood was used for items such as storage crates and flooring. It was also suitable for items that experienced high levels of impact and was used to build the keel of the 19th-century sailing ship Cutty Sark as well as mining equipment.\n\n\n\nE\nGiven how ingrained elm is in British culture, it\'s unsurprising the tree has many advocates. Amongst them is Peter Bourne of the National Elm Collection in Brighton. \'I saw Dutch elm disease unfold as a small boy,\' he says. \'The elm seemed to be part of rural England, but I remember watching trees just lose their leaves and that really stayed with me.\' Today, the city of Brighton\'s elms total about 17,000. Local factors appear to have contributed to their survival. Strong winds from the sea make it difficult for the determined elm bark beetle to attack this coastal city\'s elm population. However, the situation is precarious. \'The beetles can just march in if we\'re not careful, as the threat is right on our doorstep,\' says Bourne.\n\n\n\nF\nAny prospect of the elm returning relies heavily on trees being either resistant to, or tolerant of, the disease. This means a widespread reintroduction would involve existing or new hybrid strains derived from resistant, generally non-native elm species. A new generation of seedlings have been bred and tested to see if they can withstand the fungus by cutting a small slit on the bark and injecting a tiny amount of the pathogen. \'The effects are very quick,\' says Russell. \'You return in four to six weeks and trees that are resistant show no symptoms, whereas those that are susceptible show leaf loss and may even have died completely.\'\n\n\n\nG\nAll of this raises questions of social acceptance, acknowledges Russell. \'If we\'re putting elm back into the landscape, a small element of it is not native – are we bothered about that?\' For her, the environmental case for reintroducing elm is strong. \'They will host wildlife, which is a good thing. Others are more wary. \'On the face of it, it seems like a good idea,\' says Elliot. The problem, he suggests, is that, \'You\'re replacing a native species with a horticultural analogue*. You\'re effectively cloning.\' There\'s also the risk of introducing new diseases. Rather than plant new elms, the Woodland Trust emphasises providing space to those elms that have survived independently. \'Sometimes the best thing you can do is just give nature time to recover over time, you might get resistance,\' says Elliot.\n\n\n* horticultural analogue: a cultivated plant species that is genetically similar to an existing species\n\nReading Passage 2 has seven sections, A-G . Which section contains the following information? Write the correct letter, A-G, in boxes 14–18 on your answer sheet. NB You may use any letter more than once.\n\nLook at the following statements (Questions 19–23) and the list of people below. Match each statement with the correct person, A, B, or C . NB You may use any letter more than once.\n\nComplete the summary below. Choose ONE WORD ONLY from the passage for each answer. Write your answers in boxes 24–26 on your answer sheet.', NULL, NULL);
INSERT INTO IELTSQuestion (id, sectionId, questionIndex, questionType, questionText, passageText, options, correctAnswer) VALUES (1476, 200, 14, 'matching', 'reference to the research problems that arise from there being only a few surviving large elms', NULL, '["Parents must supervise their children.","There are new things to see.","It is closed today.","This is only for school groups.","There is a quiz for visitors.","It features something created by students.","An expert is here today.","There is a one-way system."]', 'C');
INSERT INTO IELTSQuestion (id, sectionId, questionIndex, questionType, questionText, passageText, options, correctAnswer) VALUES (1477, 200, 15, 'matching', 'details of a difference of opinion about the value of reintroducing elms to Britain', NULL, '["Parents must supervise their children.","There are new things to see.","It is closed today.","This is only for school groups.","There is a quiz for visitors.","It features something created by students.","An expert is here today.","There is a one-way system."]', 'It features something created by students.');
INSERT INTO IELTSQuestion (id, sectionId, questionIndex, questionType, questionText, passageText, options, correctAnswer) VALUES (1478, 200, 16, 'matching', 'reference to how Dutch elm disease was brought into Britain', NULL, '["Parents must supervise their children.","There are new things to see.","It is closed today.","This is only for school groups.","There is a quiz for visitors.","It features something created by students.","An expert is here today.","There is a one-way system."]', 'An expert is here today.');
INSERT INTO IELTSQuestion (id, sectionId, questionIndex, questionType, questionText, passageText, options, correctAnswer) VALUES (1479, 200, 17, 'matching', 'a description of the conditions that have enabled a location in Britain to escape Dutch elm disease', NULL, '["Parents must supervise their children.","There are new things to see.","It is closed today.","This is only for school groups.","There is a quiz for visitors.","It features something created by students.","An expert is here today.","There is a one-way system."]', 'There is a quiz for visitors.');
INSERT INTO IELTSQuestion (id, sectionId, questionIndex, questionType, questionText, passageText, options, correctAnswer) VALUES (1480, 200, 18, 'matching', 'reference to the stage at which young elms become vulnerable to Dutch elm disease', NULL, '["Parents must supervise their children.","There are new things to see.","It is closed today.","This is only for school groups.","There is a quiz for visitors.","It features something created by students.","An expert is here today.","There is a one-way system."]', 'Parents must supervise their children.');
INSERT INTO IELTSQuestion (id, sectionId, questionIndex, questionType, questionText, passageText, options, correctAnswer) VALUES (37, 200, 19, 'matching', 'If a tree gets infected with Dutch elm disease, the damage rapidly becomes visible.', NULL, '["Parents must supervise their children.","There are new things to see.","It is closed today.","This is only for school groups.","There is a quiz for visitors.","It features something created by students.","An expert is here today.","There is a one-way system."]', 'It is closed today.');
INSERT INTO IELTSQuestion (id, sectionId, questionIndex, questionType, questionText, passageText, options, correctAnswer) VALUES (38, 200, 20, 'matching', 'It may be better to wait and see if the mature elms that have survived continue to flourish.', NULL, '["Parents must supervise their children.","There are new things to see.","It is closed today.","This is only for school groups.","There is a quiz for visitors.","It features something created by students.","An expert is here today.","There is a one-way system."]', 'There are new things to see.');
INSERT INTO IELTSQuestion (id, sectionId, questionIndex, questionType, questionText, passageText, options, correctAnswer) VALUES (39, 200, 21, 'matching', 'There must be an explanation for the survival of some mature elms.', NULL, '["Parents must supervise their children.","There are new things to see.","It is closed today.","This is only for school groups.","There is a quiz for visitors.","It features something created by students.","An expert is here today.","There is a one-way system."]', 'Karen Russell');
INSERT INTO IELTSQuestion (id, sectionId, questionIndex, questionType, questionText, passageText, options, correctAnswer) VALUES (40, 200, 22, 'matching', 'We need to be aware that insects carrying Dutch elm disease are not very far away.', NULL, '["Parents must supervise their children.","There are new things to see.","It is closed today.","This is only for school groups.","There is a quiz for visitors.","It features something created by students.","An expert is here today.","There is a one-way system."]', 'Peter Bourne');
INSERT INTO IELTSQuestion (id, sectionId, questionIndex, questionType, questionText, passageText, options, correctAnswer) VALUES (41, 200, 23, 'matching', 'You understand the effect Dutch elm disease has had when you see evidence of how prominent the tree once was.', NULL, '["Parents must supervise their children.","There are new things to see.","It is closed today.","This is only for school groups.","There is a quiz for visitors.","It features something created by students.","An expert is here today.","There is a one-way system."]', 'Matt Elliot');
INSERT INTO IELTSQuestion (id, sectionId, questionIndex, questionType, questionText, passageText, options, correctAnswer) VALUES (42, 200, 24, 'fill_blank', 'Interventions which reduce heat are absolutely vital for our survival in this location.', '## Summary\n\nUses of a popular tree\nFor hundreds of years, the only tree that was more popular in Britain than elm was (24) ______. Starting in the Bronze Age, many tools were made from elm and people also used it to make weapons. In the 18th century, it was grown to provide wood for boxes and (25) ______. Due to its strength, elm was often used for mining equipment and the Cutty Sark\'s (26) ______ was also constructed from elm.', NULL, 'oak');
INSERT INTO IELTSQuestion (id, sectionId, questionIndex, questionType, questionText, passageText, options, correctAnswer) VALUES (43, 200, 25, 'fill_blank', 'More work will need to be done in future decades to deal with the impact of rising water levels.', '## Summary\n\nUses of a popular tree\nFor hundreds of years, the only tree that was more popular in Britain than elm was (24) ______. Starting in the Bronze Age, many tools were made from elm and people also used it to make weapons. In the 18th century, it was grown to provide wood for boxes and (25) ______. Due to its strength, elm was often used for mining equipment and the Cutty Sark\'s (26) ______ was also constructed from elm.', NULL, 'flooring');
INSERT INTO IELTSQuestion (id, sectionId, questionIndex, questionType, questionText, passageText, options, correctAnswer) VALUES (44, 200, 26, 'fill_blank', 'The number of locations requiring action to adapt to flooding has grown in recent years.', '## Summary\n\nUses of a popular tree\nFor hundreds of years, the only tree that was more popular in Britain than elm was (24) ______. Starting in the Bronze Age, many tools were made from elm and people also used it to make weapons. In the 18th century, it was grown to provide wood for boxes and (25) ______. Due to its strength, elm was often used for mining equipment and the Cutty Sark\'s (26) ______ was also constructed from elm.', NULL, 'keel');
INSERT INTO IELTSExamSection (id, examId, sectionIndex, title, instructions, audioUrl, imageUrl) VALUES (300, 10, 3, 'Passage 3: How stress affects our judgement', 'Some of the most important decisions of our lives occur while we\'re feeling stressed and anxious. From medical decisions to financial and professional ones, we are all sometimes required to weigh up information under stressful conditions. But do we become better or worse at processing and using information under such circumstances?\n\n\nMy colleague and I, both neuroscientists, wanted to investigate how the mind operates under stress, so we visited some local fire stations. Firefighters\' workdays vary quite a bit. Some are pretty relaxed; they\'ll spend their time washing the truck, cleaning equipment, cooking meals and reading. Other days can be hectic, with numerous life-threatening incidents to attend to; they\'ll enter burning homes to rescue trapped residents, and assist with medical emergencies. These ups and downs presented the perfect setting for an experiment on how people\'s ability to use information changes when they feel under pressure.\n\n\nWe found that perceived threat acted as a trigger for a stress reaction that made the task of processing information easier for the firefighters – but only as long as it conveyed bad news.\n\n\nThis is how we arrived at these results. We asked the firefighters to estimate their likelihood of experiencing 40 different adverse events in their life, such as being involved in an accident or becoming a victim of card fraud. We then gave them either good news (that their likelihood of experiencing these events was lower than they\'d thought) or bad news (that it was higher) and asked them to provide new estimates.\n\n\nPeople are normally quite optimistic – they will ignore bad news and embrace the good. This is what happened when the firefighters were relaxed; but when they were under stress, a different pattern emerged. Under these conditions, they became hyper-vigilant to bad news, even when it had nothing to do with their job (such as learning that the likelihood of card fraud was higher than they\'d thought), and altered their beliefs in response. In contrast, stress didn\'t change how they responded to good news (such as learning that the likelihood of card fraud was lower than they\'d thought).\n\n\nBack in our lab, we observed the same pattern in students who were told they had to give a surprise public speech, which would be judged by a panel, recorded and posted online. Sure enough, their cortisol levels spiked, their heart rates went up and they suddenly became better at processing unrelated, yet alarming, information about rates of disease and violence.\n\n\nWhen we experience stressful events, a physiological change is triggered that causes us to take in warnings and focus on what might go wrong. Brain imaging reveals that this \'switch\' is related to a sudden boost in a neural signal important for learning, specifically in response to unexpected warning signs, such as faces expressing fear.\n\n\nSuch neural engineering could have helped prehistoric humans to survive. When our ancestors found themselves surrounded by hungry animals, they would have benefited from an increased ability to learn about hazards. In a safe environment, however, it would have been wasteful to be on high alert constantly. So, a neural switch that automatically increases or decreases our ability to process warnings in response to changes in our environment could have been useful. In fact, people with clinical depression and anxiety seem unable to switch away from a state in which they absorb all the negative messages around them.\n\n\nIt is also important to realise that stress travels rapidly from one person to the next. If a co-worker is stressed, we are more likely to tense up and feel stressed ourselves. We don\'t even need to be in the same room with someone for their emotions to influence our behaviour. Studies show that if we observe positive feeds on social media, such as images of a pink sunset, we are more likely to post uplifting messages ourselves. If we observe negative posts, such as complaints about a long queue at the coffee shop, we will in turn create more negative posts.\n\n\nIn some ways, many of us now live as if we are in danger, constantly ready to tackle demanding emails and text messages, and respond to news alerts and comments on social media. Repeatedly checking your phone, according to a survey conducted by the American Psychological Association, is related to stress. In other words, a pre-programmed physiological reaction, which evolution has equipped us with to help us avoid famished predators, is now being triggered by an online post. Social media posting, according to one study, raises your pulse, makes you sweat, and enlarges your pupils more than most daily activities.\n\n\nThe fact that stress increases the likelihood that we will focus more on alarming messages, together with the fact that it spreads extremely rapidly, can create collective fear that is not always justified. After a stressful public event, such as a natural disaster or major financial crash, there is often a wave of alarming information in traditional and social media, which individuals become very aware of. But that has the effect of exaggerating existing danger. And so, a reliable pattern emerges – stress is triggered, spreading from one person to the next, which temporarily enhances the likelihood that people will take in negative reports, which increases stress further. As a result, trips are cancelled, even if the disaster took place across the globe; stocks are sold, even when holding on is the best thing to do.\n\n\nThe good news, however, is that positive emotions, such as hope, are contagious too, and are powerful in inducing people to act to find solutions. Being aware of the close relationship between people\'s emotional state and how they process information can help us frame our messages more effectively and become conscientious agents of change.\n\nChoose the correct letter, A, B, C or D .\n\nComplete each sentence with the correct ending, A–G, below.\n\nDo the following statements agree with the information given in Reading Passage 3? YES if the statement agrees with the claims of the writer NO if the statement contradicts the claims of the writer NOT GIVEN if it is impossible to say what the writer thinks about this', NULL, NULL);
INSERT INTO IELTSQuestion (id, sectionId, questionIndex, questionType, questionText, passageText, options, correctAnswer) VALUES (45, 300, 27, 'multiple_choice', 'In the first paragraph, the writer introduces the topic of the text by', NULL, '["A. defining some commonly used terms","B. questioning a widely held assumption","C. mentioning a challenge faced by everyone","D. specifying a situation which makes us most anxious"]', 'mentioning a challenge faced by everyone.');
INSERT INTO IELTSQuestion (id, sectionId, questionIndex, questionType, questionText, passageText, options, correctAnswer) VALUES (46, 300, 28, 'multiple_choice', 'What point does the writer make about firefighters in the second paragraph?', NULL, '["A. The regular changes of stress levels in their working lives make them ideal study subjects","B. The strategies they use to handle stress are of particular interest to researchers","C. The stressful nature of their job is typical of many public service professions","D. Their personalities make them especially well-suited to working under stress"]', 'The regular changes of stress levels in their working lives make them ideal study subjects.');
INSERT INTO IELTSQuestion (id, sectionId, questionIndex, questionType, questionText, passageText, options, correctAnswer) VALUES (47, 300, 29, 'multiple_choice', 'What is the writer doing in the fourth paragraph?', NULL, '["A. explaining their findings","B. justifying their approach","C. setting out their objectives","D. describing their methodology"]', 'describing their methodology');
INSERT INTO IELTSQuestion (id, sectionId, questionIndex, questionType, questionText, passageText, options, correctAnswer) VALUES (48, 300, 30, 'multiple_choice', 'In the seventh paragraph, the writer describes a mechanism in the brain which', NULL, '["A. enables people to respond more quickly to stressful situations","B. results in increased ability to control our levels of anxiety","C. produces heightened sensitivity to indications of external threats","D. is activated when there is a need to communicate a sense of danger"]', 'produces heightened sensitivity to indications of external threats.');
INSERT INTO IELTSQuestion (id, sectionId, questionIndex, questionType, questionText, passageText, options, correctAnswer) VALUES (49, 300, 31, 'matching', 'At times when they were relaxed, the firefighters usually', NULL, '["made them feel optimistic.","took relatively little notice of bad news.","responded to negative and positive information in the same way.","were feeling under stress.","put them in a stressful situation.","behaved in a similar manner, regardless of the circumstances.","thought it more likely that they would experience something bad."]', 'took relatively little notice of bad news.');
INSERT INTO IELTSQuestion (id, sectionId, questionIndex, questionType, questionText, passageText, options, correctAnswer) VALUES (50, 300, 32, 'matching', 'The researchers noted that when the firefighters were stressed, they', NULL, '["made them feel optimistic.","took relatively little notice of bad news.","responded to negative and positive information in the same way.","were feeling under stress.","put them in a stressful situation.","behaved in a similar manner, regardless of the circumstances.","thought it more likely that they would experience something bad."]', 'thought it more likely that they would experience something bad.');
INSERT INTO IELTSQuestion (id, sectionId, questionIndex, questionType, questionText, passageText, options, correctAnswer) VALUES (51, 300, 33, 'matching', 'When the firefighters were told good news, they always', NULL, '["made them feel optimistic.","took relatively little notice of bad news.","responded to negative and positive information in the same way.","were feeling under stress.","put them in a stressful situation.","behaved in a similar manner, regardless of the circumstances.","thought it more likely that they would experience something bad."]', 'behaved in a similar manner, regardless of the circumstances.');
INSERT INTO IELTSQuestion (id, sectionId, questionIndex, questionType, questionText, passageText, options, correctAnswer) VALUES (52, 300, 34, 'matching', 'The students\' cortisol levels and heart rates were affected when the researchers', NULL, '["made them feel optimistic.","took relatively little notice of bad news.","responded to negative and positive information in the same way.","were feeling under stress.","put them in a stressful situation.","behaved in a similar manner, regardless of the circumstances.","thought it more likely that they would experience something bad."]', 'put them in a stressful situation.');
INSERT INTO IELTSQuestion (id, sectionId, questionIndex, questionType, questionText, passageText, options, correctAnswer) VALUES (53, 300, 35, 'matching', 'In both experiments, negative information was processed better when the subjects', NULL, '["made them feel optimistic.","took relatively little notice of bad news.","responded to negative and positive information in the same way.","were feeling under stress.","put them in a stressful situation.","behaved in a similar manner, regardless of the circumstances.","thought it more likely that they would experience something bad."]', 'were feeling under stress.');
INSERT INTO IELTSQuestion (id, sectionId, questionIndex, questionType, questionText, passageText, options, correctAnswer) VALUES (54, 300, 36, 'true_false', 'The tone of the content we post on social media tends to reflect the nature of the posts in our feeds.', NULL, NULL, 'YES');
INSERT INTO IELTSQuestion (id, sectionId, questionIndex, questionType, questionText, passageText, options, correctAnswer) VALUES (55, 300, 37, 'true_false', 'Phones have a greater impact on our stress levels than other electronic media devices.', NULL, NULL, 'NOT GIVEN');
INSERT INTO IELTSQuestion (id, sectionId, questionIndex, questionType, questionText, passageText, options, correctAnswer) VALUES (56, 300, 38, 'true_false', 'The more we read about a stressful public event on social media, the less able we are to take the information in.', NULL, NULL, 'NO');
INSERT INTO IELTSQuestion (id, sectionId, questionIndex, questionType, questionText, passageText, options, correctAnswer) VALUES (57, 300, 39, 'true_false', 'Stress created by social media posts can lead us to take unnecessary precautions.', NULL, NULL, 'YES');
INSERT INTO IELTSQuestion (id, sectionId, questionIndex, questionType, questionText, passageText, options, correctAnswer) VALUES (58, 300, 40, 'true_false', 'Our tendency to be affected by other people\'s moods can be used in a positive way.', NULL, NULL, 'YES');
INSERT INTO IELTSExam (id, title, type, totalQuestions) VALUES (20, '剑桥雅思 20 - Test 2 阅读', 'reading', 40);
INSERT INTO IELTSExamSection (id, examId, sectionIndex, title, instructions, audioUrl, imageUrl) VALUES (210, 20, 1, 'Passage 1: Manatees', 'Manatees, also known as sea cows, are aquatic mammals that belong to a group of animals called Sirenia. This group also contains dugongs. Dugongs and manatees look quite alike – they are similar in size, colour and shape, and both have flexible flippers for forelimbs. However, the manatee has a broad, rounded tail, whereas the dugong\'s is fluked, like that of a whale. There are three species of manatees: the West Indian manatee (Trichechus manatus), the African manatee (Trichechus senegalensis) and the Amazonian manatee (Trichechus inunguis).\n\n\nUnlike most mammals, manatees have only six bones in their neck – most others, including humans and giraffes, have seven. This short neck allows a manatee to move its head up and down, but not side to side. To see something on its left or its right, a manatee must turn its entire body, steering with its flippers. Manatees have pectoral flippers but no back limbs, only a tail for propulsion. They do have pelvic bones, however – a leftover from their evolution from a four-legged to a fully aquatic animal. Manatees share some visual similarities to elephants. Like elephants, manatees have thick, wrinkled skin. They also have some hairs covering their bodies which help them sense vibrations in the water around them.\n\n\nSeagrasses and other marine plants make up most of a manatee\'s diet. Manatees spend about eight hours each day grazing and uprooting plants. They eat up to 15% of their weight in food each day. African manatees are omnivorous – studies have shown that molluscs and fish make up a small part of their diets. West Indian and Amazonian manatees are both herbivores.\n\n\nManatees\' teeth are all molars – flat, rounded teeth for grinding food. Due to manatees\' abrasive aquatic plant diet, these teeth get worn down and they eventually fall out, so they continually grow new teeth that get pushed forward to replace the ones they lose. Instead of having incisors to grasp their food, manatees have lips which function like a pair of hands to help tear food away from the seafloor.\n\n\nManatees are fully aquatic, but as mammals, they need to come up to the surface to breathe. When awake, they typically surface every two to four minutes, but they can hold their breath for much longer. Adult manatees sleep underwater for 10–12 hours a day, but they come up for air every 15–20 minutes. Active manatees need to breathe more frequently. It\'s thought that manatees use their muscular diaphragm and breathing to adjust their buoyancy. They may use diaphragm contractions to compress and store gas in folds in their large intestine to help them float.\n\n\nThe West Indian manatee reaches about 3.5 metres long and weighs on average around 500 kilogrammes. It moves between fresh water and salt water, taking advantage of coastal mangroves and coral reefs, rivers, lakes and inland lagoons. There are two subspecies of West Indian manatee: the Antillean manatee is found in waters from the Bahamas to Brazil, whereas the Florida manatee is found in US waters, although some individuals have been recorded in the Bahamas. In winter, the Florida manatee is typically restricted to Florida. When the ambient water temperature drops below 20ºC, it takes refuge in naturally and artificially warmed water, such as at the warm-water outfalls from powerplants.\n\n\nThe African manatee is also about 3.5 metres long and found in the sea along the west coast of Africa, from Mauritania down to Angola. The species also makes use of rivers, with the mammals seen in landlocked countries such as Mali and Niger.\n\n\nThe Amazonian manatee is the smallest species, though it is still a big animal. It grows to about 2.5 metres long and 350 kilogrammes. Amazonian manatees favour calm, shallow waters that are above 23ºC. This species is found in fresh water in the Amazon Basin in Brazil, as well as in Colombia, Ecuador and Peru.\n\n\nAll three manatee species are endangered or at a heightened risk of extinction. The African manatee and Amazonian manatee are both listed as Vulnerable by the International Union for Conservation of Nature (IUCN). It is estimated that 140,000. Amazonian manatees were killed between 1935 and 1954 for their meat, fat and skin, with the latter used to make leather. In more recent years, African manatee decline has been tied to incidental capture in fishing nets and hunting. Manatee hunting is now illegal in every country the African species is found in.\n\n\nThe two subspecies of West Indian manatee are listed as Endangered by the IUCN. Both are also expected to undergo a decline of 20% over the next 40 years. A review of almost 1,800 cases of entanglement in fishing nets and of plastic consumption among marine mammals in US waters from 2009 to 2020 found that at least 700 cases involved manatees. The chief cause of death in Florida manatees is boat strikes. However, laws in certain parts of Florida now limit boat speeds during winter, allowing slow-moving manatees more time to respond.\n\nComplete the notes below. Choose ONE WORD AND/OR A NUMBER from the passage for each answer. Write your answers in boxes 1–6 on your answer sheet.\n\nDo the following statements agree with the information given in Reading Passage 1? In boxes 7–13 on your answer sheet, write TRUE if the statement agrees with the information FALSE if the statement contradicts the information NOT GIVEN if there is no information on this', NULL, NULL);
INSERT INTO IELTSQuestion (id, sectionId, questionIndex, questionType, questionText, passageText, options, correctAnswer) VALUES (59, 210, 1, 'fill_blank', 'There are other parrots that share the kakapo\'s inability to fly.', '## Summary\n\nAppearance\n● look similar to dugongs, but with a differently shaped (1) ______\nMovement\n● have fewer neck bones than most mammals\n● need to use their  (2) ______ to help to turn their bodies around in order to look sideways\n● sense vibrations in the water by means of  (3) ______ on their skin\nFeeding\n● eat mainly aquatic vegetation, such as  (4) ______ \n● grasp and pull up plants with their  (5) ______ \nBreathing\n● come to the surface for air every 2-4 minutes when awake and every 15-20 while sleeping\n● may regulate the  (6) ______ of their bodies by using muscles of diaphragm to store air internally', NULL, 'tail');
INSERT INTO IELTSQuestion (id, sectionId, questionIndex, questionType, questionText, passageText, options, correctAnswer) VALUES (60, 210, 2, 'fill_blank', 'Adult kakapo produce chicks every year.', '## Summary\n\nAppearance\n● look similar to dugongs, but with a differently shaped (1) ______\nMovement\n● have fewer neck bones than most mammals\n● need to use their  (2) ______ to help to turn their bodies around in order to look sideways\n● sense vibrations in the water by means of  (3) ______ on their skin\nFeeding\n● eat mainly aquatic vegetation, such as  (4) ______ \n● grasp and pull up plants with their  (5) ______ \nBreathing\n● come to the surface for air every 2-4 minutes when awake and every 15-20 while sleeping\n● may regulate the  (6) ______ of their bodies by using muscles of diaphragm to store air internally', NULL, 'flippers');
INSERT INTO IELTSQuestion (id, sectionId, questionIndex, questionType, questionText, passageText, options, correctAnswer) VALUES (61, 210, 3, 'fill_blank', 'Adult male kakapo bring food back to nesting females.', '## Summary\n\nAppearance\n● look similar to dugongs, but with a differently shaped (1) ______\nMovement\n● have fewer neck bones than most mammals\n● need to use their  (2) ______ to help to turn their bodies around in order to look sideways\n● sense vibrations in the water by means of  (3) ______ on their skin\nFeeding\n● eat mainly aquatic vegetation, such as  (4) ______ \n● grasp and pull up plants with their  (5) ______ \nBreathing\n● come to the surface for air every 2-4 minutes when awake and every 15-20 while sleeping\n● may regulate the  (6) ______ of their bodies by using muscles of diaphragm to store air internally', NULL, 'hairs');
INSERT INTO IELTSQuestion (id, sectionId, questionIndex, questionType, questionText, passageText, options, correctAnswer) VALUES (62, 210, 4, 'fill_blank', 'The Polynesian rat was a greater threat to the kakapo than Polynesian settlers.', '## Summary\n\nAppearance\n● look similar to dugongs, but with a differently shaped (1) ______\nMovement\n● have fewer neck bones than most mammals\n● need to use their  (2) ______ to help to turn their bodies around in order to look sideways\n● sense vibrations in the water by means of  (3) ______ on their skin\nFeeding\n● eat mainly aquatic vegetation, such as  (4) ______ \n● grasp and pull up plants with their  (5) ______ \nBreathing\n● come to the surface for air every 2-4 minutes when awake and every 15-20 while sleeping\n● may regulate the  (6) ______ of their bodies by using muscles of diaphragm to store air internally', NULL, 'seagrasses');
INSERT INTO IELTSQuestion (id, sectionId, questionIndex, questionType, questionText, passageText, options, correctAnswer) VALUES (63, 210, 5, 'fill_blank', 'Kakapo were transferred from Rakiura Island to other locations because they were at risk from feral cats.', '## Summary\n\nAppearance\n● look similar to dugongs, but with a differently shaped (1) ______\nMovement\n● have fewer neck bones than most mammals\n● need to use their  (2) ______ to help to turn their bodies around in order to look sideways\n● sense vibrations in the water by means of  (3) ______ on their skin\nFeeding\n● eat mainly aquatic vegetation, such as  (4) ______ \n● grasp and pull up plants with their  (5) ______ \nBreathing\n● come to the surface for air every 2-4 minutes when awake and every 15-20 while sleeping\n● may regulate the  (6) ______ of their bodies by using muscles of diaphragm to store air internally', NULL, 'lips');
INSERT INTO IELTSQuestion (id, sectionId, questionIndex, questionType, questionText, passageText, options, correctAnswer) VALUES (64, 210, 6, 'fill_blank', 'One Recovery Plan initiative that helped increase the kakapo population size was caring for struggling young birds.', '## Summary\n\nAppearance\n● look similar to dugongs, but with a differently shaped (1) ______\nMovement\n● have fewer neck bones than most mammals\n● need to use their  (2) ______ to help to turn their bodies around in order to look sideways\n● sense vibrations in the water by means of  (3) ______ on their skin\nFeeding\n● eat mainly aquatic vegetation, such as  (4) ______ \n● grasp and pull up plants with their  (5) ______ \nBreathing\n● come to the surface for air every 2-4 minutes when awake and every 15-20 while sleeping\n● may regulate the  (6) ______ of their bodies by using muscles of diaphragm to store air internally', NULL, 'buoyancy');
INSERT INTO IELTSQuestion (id, sectionId, questionIndex, questionType, questionText, passageText, options, correctAnswer) VALUES (65, 210, 7, 'true_false', 'West Indian manatees can be found in a variety of different aquatic habitats.', NULL, NULL, 'TRUE');
INSERT INTO IELTSQuestion (id, sectionId, questionIndex, questionType, questionText, passageText, options, correctAnswer) VALUES (66, 210, 8, 'true_false', 'The Florida manatee lives in warmer waters than the Antillean manatee.', NULL, NULL, 'NOT GIVEN');
INSERT INTO IELTSQuestion (id, sectionId, questionIndex, questionType, questionText, passageText, options, correctAnswer) VALUES (67, 210, 9, 'true_false', 'The African manatee\'s range is limited to coastal waters between the West African countries of Mauritania and Angola.', NULL, NULL, 'FALSE');
INSERT INTO IELTSQuestion (id, sectionId, questionIndex, questionType, questionText, passageText, options, correctAnswer) VALUES (68, 210, 10, 'true_false', 'The extent of the loss of Amazonian manatees in the mid-twentieth century was only revealed many years later.', NULL, NULL, 'NOT GIVEN');
INSERT INTO IELTSQuestion (id, sectionId, questionIndex, questionType, questionText, passageText, options, correctAnswer) VALUES (69, 210, 11, 'true_false', 'It is predicted that West Indian manatee populations will fall in the coming decades.', NULL, NULL, 'TRUE');
INSERT INTO IELTSQuestion (id, sectionId, questionIndex, questionType, questionText, passageText, options, correctAnswer) VALUES (70, 210, 12, 'true_false', 'The risk to manatees from entanglement and plastic consumption increased significantly in the period 2009–2020.', NULL, NULL, 'NOT GIVEN');
INSERT INTO IELTSQuestion (id, sectionId, questionIndex, questionType, questionText, passageText, options, correctAnswer) VALUES (71, 210, 13, 'true_false', 'There is some legislation in place which aims to reduce the likelihood of boat strikes on manatees in Florida.', NULL, NULL, 'TRUE');
INSERT INTO IELTSExamSection (id, examId, sectionIndex, title, instructions, audioUrl, imageUrl) VALUES (220, 20, 2, 'Passage 2: Procrastination', 'A psychologist explains why we put off important tasks and how we can break this habit\n\n\n\nA\nProcrastination is the habit of delaying a necessary task, usually by focusing on less urgent, more enjoyable, and easier activities instead. We all do it from time to time. We might be composing a message to a friend who we have to let down, or putting together an important report for college or work; we\'re doing our best to avoid doing the job at hand, but deep down we know that we should just be getting on with it. Unfortunately, berating ourselves won\'t stop us procrastinating again. In fact, it\'s one of the worst things we can do. This matters because, as my research shows, procrastination doesn\'t just waste time, but is actually linked to other problems, too.\n\n\n\nB\nContrary to popular belief, procrastination is not due to laziness or poor time management. Scientific studies suggest procrastination is, in fact, caused by poor mood management. This makes sense if we consider that people are more likely to put off starting or completing tasks that they are really not keen to do. If just thinking about the task threatens our sense of self-worth or makes us anxious, we will be more likely to put it off. Research involving brain imaging has found that areas of the brain linked to detection of threats and emotion regulation are actually different in people who chronically procrastinate compared to those who don\'t procrastinate frequently.\n\n\n\nC\nTasks that are emotionally loaded or difficult, such as preparing for exams, are prime candidates for procrastination. People with low self-esteem are more likely to procrastinate. Another group of people who tend to procrastinate are perfectionists, who worry their work will be judged harshly by others. We know that if we don\'t finish that report or complete those home repairs, then what we did can\'t be evaluated. When we avoid such tasks, we also avoid the negative emotions associated with them. This is rewarding, and it conditions us to use procrastination to repair our mood. If we engage in more enjoyable tasks instead, we get another mood boost. In the long run, however, procrastination isn\'t an effective way of managing emotions. The \'mood repair\' we experience is temporary. Afterwards, people tend to be left with a sense of guilt that not only increases their negative mood, but also reinforces their tendency to procrastinate.\n\n\n\nD\nSo why is this such a problem? When most people think of the costs of procrastination, they think of the toll on productivity. For example, studies have shown that procrastination negatively impacts on student performance. But putting off reading textbooks and writing essays may affect other areas of students\' lives. In one study of over 3,000 German students over a six-month period, those who reported procrastinating over their university work were also more likely to engage in study-related misconduct, such as cheating and plagiarism. But the behaviour that procrastination was most closely linked with was using fraudulent excuses to get deadline extensions. Other research shows that employees on average spend almost a quarter of their workday procrastinating, and again this is linked with negative outcomes. In fact, in one US survey of over 22,000 employees, participants who said they regularly procrastinated had less annual income and less employment stability. For every one-point increase on a measure of chronic procrastination, annual income decreased by US$15,000.\n\n\n\nE\nProcrastination also correlates with serious health and well-being problems. A tendency to procrastinate is linked to poor mental health, including higher levels of depression and anxiety. Across numerous studies, I\'ve found people who regularly procrastinate report a greater number of health issues, such as headaches, flu and colds, and digestive issues. They also experience higher levels of stress and poor sleep quality. They are less likely to practise healthy behaviours, such as eating a healthy diet and regularly exercising, and use destructive coping strategies to manage their stress. In one study of over 700 people, I found people prone to procrastination had a 63% greater risk of poor heart health after accounting for other personality traits and demographics.\n\n\n\nF\nFinding better ways of managing our emotions is one route out of the vicious cycle of procrastination. An important first step is to manage our environment and how we view the task. There are a number of evidence-based strategies that can help us fend off distractions that can occupy our minds when we should be focusing on the thing we should be getting on with. For example, reminding ourselves about why the task is important and valuable can increase positive feelings towards it. Forgiving ourselves and feeling compassion when we procrastinate can help break the procrastination cycle. We should admit that we feel bad, but not be overly critical of ourselves. We should remind ourselves that we\'re not the first person to procrastinate, nor the last. Doing this can take the edge off the negative feelings we have about ourselves when we procrastinate. This can all make it easier to get back on track.\n\nReading Passage 2 has six paragraphs, A–F . Which paragraph contains the following information? Write the correct letter, A–F, in boxes 14–16 on your answer sheet. NB You may use any letter more than once.\n\nComplete the summary below. Choose ONE WORD ONLY from the passage for each answer.\n\nChoose TWO letters, A–E .', NULL, NULL);
INSERT INTO IELTSQuestion (id, sectionId, questionIndex, questionType, questionText, passageText, options, correctAnswer) VALUES (72, 220, 14, 'matching', 'mention of false assumptions about why people procrastinate', NULL, '["A","B","C","D","E","F"]', 'B');
INSERT INTO IELTSQuestion (id, sectionId, questionIndex, questionType, questionText, passageText, options, correctAnswer) VALUES (73, 220, 15, 'matching', 'reference to the realisation that others also procrastinate', NULL, '["A","B","C","D","E","F"]', 'F');
INSERT INTO IELTSQuestion (id, sectionId, questionIndex, questionType, questionText, passageText, options, correctAnswer) VALUES (74, 220, 16, 'matching', 'neurological evidence of a link between procrastination and emotion', NULL, '["A","B","C","D","E","F"]', 'B');
INSERT INTO IELTSQuestion (id, sectionId, questionIndex, questionType, questionText, passageText, options, correctAnswer) VALUES (75, 220, 17, 'fill_blank', 'a mention of a technology used to locate areas most in need of intervention', '## Summary\n\nWhat makes us procrastinate?\nMany people think that procrastination is the result of (17) ______.\nOthers believe it to be the result of an inability to organise time efficiently.\nBut scientific studies suggest that procrastination is actually due to poor mood management. The tasks we are most likely to put off are those that could damage our self-esteem or cause us to feel (18) ______ when we think about them. Research comparing chronic procrastinators with other people even found differences in the brain regions associated with regulating emotions and identifying (19) ______.\nEmotionally loaded and difficult tasks often cause us to procrastinate. Getting ready to take (20) ______ might be a typical example of one such task.\nPeople who are likely to procrastinate tend to be either (21) ______ or those with low self-esteem.\nProcrastination is only a short-term measure for managing emotions. It\'s often followed by a feeling of (22) ______, which worsens our mood and leads to more procrastination.', NULL, 'laziness');
INSERT INTO IELTSQuestion (id, sectionId, questionIndex, questionType, questionText, passageText, options, correctAnswer) VALUES (76, 220, 18, 'fill_blank', 'The stormwater-management programme in Miami Beach has involved the installation of efficient ______.', '## Summary\n\nWhat makes us procrastinate?\nMany people think that procrastination is the result of (17) ______.\nOthers believe it to be the result of an inability to organise time efficiently.\nBut scientific studies suggest that procrastination is actually due to poor mood management. The tasks we are most likely to put off are those that could damage our self-esteem or cause us to feel (18) ______ when we think about them. Research comparing chronic procrastinators with other people even found differences in the brain regions associated with regulating emotions and identifying (19) ______.\nEmotionally loaded and difficult tasks often cause us to procrastinate. Getting ready to take (20) ______ might be a typical example of one such task.\nPeople who are likely to procrastinate tend to be either (21) ______ or those with low self-esteem.\nProcrastination is only a short-term measure for managing emotions. It\'s often followed by a feeling of (22) ______, which worsens our mood and leads to more procrastination.', NULL, 'anxious');
INSERT INTO IELTSQuestion (id, sectionId, questionIndex, questionType, questionText, passageText, options, correctAnswer) VALUES (77, 220, 19, 'fill_blank', 'The construction of ______ was the first stage of a project to ensure the success of mangroves in Indonesia.', '## Summary\n\nWhat makes us procrastinate?\nMany people think that procrastination is the result of (17) ______.\nOthers believe it to be the result of an inability to organise time efficiently.\nBut scientific studies suggest that procrastination is actually due to poor mood management. The tasks we are most likely to put off are those that could damage our self-esteem or cause us to feel (18) ______ when we think about them. Research comparing chronic procrastinators with other people even found differences in the brain regions associated with regulating emotions and identifying (19) ______.\nEmotionally loaded and difficult tasks often cause us to procrastinate. Getting ready to take (20) ______ might be a typical example of one such task.\nPeople who are likely to procrastinate tend to be either (21) ______ or those with low self-esteem.\nProcrastination is only a short-term measure for managing emotions. It\'s often followed by a feeling of (22) ______, which worsens our mood and leads to more procrastination.', NULL, 'threats');
INSERT INTO IELTSQuestion (id, sectionId, questionIndex, questionType, questionText, passageText, options, correctAnswer) VALUES (78, 220, 20, 'fill_blank', 'As a response to rising floodwaters in the Mekong Delta, a not-for-profit organisation has been building houses that can ______', '## Summary\n\nWhat makes us procrastinate?\nMany people think that procrastination is the result of (17) ______.\nOthers believe it to be the result of an inability to organise time efficiently.\nBut scientific studies suggest that procrastination is actually due to poor mood management. The tasks we are most likely to put off are those that could damage our self-esteem or cause us to feel (18) ______ when we think about them. Research comparing chronic procrastinators with other people even found differences in the brain regions associated with regulating emotions and identifying (19) ______.\nEmotionally loaded and difficult tasks often cause us to procrastinate. Getting ready to take (20) ______ might be a typical example of one such task.\nPeople who are likely to procrastinate tend to be either (21) ______ or those with low self-esteem.\nProcrastination is only a short-term measure for managing emotions. It\'s often followed by a feeling of (22) ______, which worsens our mood and leads to more procrastination.', NULL, 'exams');
INSERT INTO IELTSQuestion (id, sectionId, questionIndex, questionType, questionText, passageText, options, correctAnswer) VALUES (79, 220, 21, 'fill_blank', 'Rising sea levels in Bangladesh have made it necessary to introduce various ______ that are suitable for areas of high salt content.', '## Summary\n\nWhat makes us procrastinate?\nMany people think that procrastination is the result of (17) ______.\nOthers believe it to be the result of an inability to organise time efficiently.\nBut scientific studies suggest that procrastination is actually due to poor mood management. The tasks we are most likely to put off are those that could damage our self-esteem or cause us to feel (18) ______ when we think about them. Research comparing chronic procrastinators with other people even found differences in the brain regions associated with regulating emotions and identifying (19) ______.\nEmotionally loaded and difficult tasks often cause us to procrastinate. Getting ready to take (20) ______ might be a typical example of one such task.\nPeople who are likely to procrastinate tend to be either (21) ______ or those with low self-esteem.\nProcrastination is only a short-term measure for managing emotions. It\'s often followed by a feeling of (22) ______, which worsens our mood and leads to more procrastination.', NULL, 'perfectionists');
INSERT INTO IELTSQuestion (id, sectionId, questionIndex, questionType, questionText, passageText, options, correctAnswer) VALUES (80, 220, 22, 'fill_blank', 'A project in LA has increased the number of ______ on the city\'s streets.', '## Summary\n\nWhat makes us procrastinate?\nMany people think that procrastination is the result of (17) ______.\nOthers believe it to be the result of an inability to organise time efficiently.\nBut scientific studies suggest that procrastination is actually due to poor mood management. The tasks we are most likely to put off are those that could damage our self-esteem or cause us to feel (18) ______ when we think about them. Research comparing chronic procrastinators with other people even found differences in the brain regions associated with regulating emotions and identifying (19) ______.\nEmotionally loaded and difficult tasks often cause us to procrastinate. Getting ready to take (20) ______ might be a typical example of one such task.\nPeople who are likely to procrastinate tend to be either (21) ______ or those with low self-esteem.\nProcrastination is only a short-term measure for managing emotions. It\'s often followed by a feeling of (22) ______, which worsens our mood and leads to more procrastination.', NULL, 'guilt');
INSERT INTO IELTSQuestion (id, sectionId, questionIndex, questionType, questionText, passageText, options, correctAnswer) VALUES (81, 220, 23, 'multiple_choice', 'Which  **TWO**  comparisons between employees who often procrastinate and those who do not are mentioned in the text?', NULL, '["A. Their salaries are lower.","B. The quality of their work is inferior.","C. They don\'t keep their jobs for as long.","D. They don\'t enjoy their working lives as much.","E. They have poorer relationships with colleagues."]', 'A. Their salaries are lower.');
INSERT INTO IELTSQuestion (id, sectionId, questionIndex, questionType, questionText, passageText, options, correctAnswer) VALUES (82, 220, 24, 'multiple_choice', 'Which  **TWO**  comparisons between employees who often procrastinate and those who do not are mentioned in the text?', NULL, '["A. Their salaries are lower.","B. The quality of their work is inferior.","C. They don\'t keep their jobs for as long.","D. They don\'t enjoy their working lives as much.","E. They have poorer relationships with colleagues."]', 'C. They don\'t keep their jobs for as long.');
INSERT INTO IELTSQuestion (id, sectionId, questionIndex, questionType, questionText, passageText, options, correctAnswer) VALUES (83, 220, 25, 'multiple_choice', 'Which  **TWO**  recommendations for getting out of a cycle of procrastination does the writer give?', NULL, '["A. not judging ourselves harshly","B. setting ourselves manageable aims","C. rewarding ourselves for tasks achieved","D. prioritising tasks according to their importance","E. avoiding things that stop us concentrating on our tasks"]', 'A. not judging ourselves harshly');
INSERT INTO IELTSQuestion (id, sectionId, questionIndex, questionType, questionText, passageText, options, correctAnswer) VALUES (84, 220, 26, 'multiple_choice', 'Which  **TWO**  recommendations for getting out of a cycle of procrastination does the writer give?', NULL, '["A. not judging ourselves harshly","B. setting ourselves manageable aims","C. rewarding ourselves for tasks achieved","D. prioritising tasks according to their importance","E. avoiding things that stop us concentrating on our tasks"]', 'E. avoiding things that stop us concentrating on our tasks');
INSERT INTO IELTSExamSection (id, examId, sectionIndex, title, instructions, audioUrl, imageUrl) VALUES (230, 20, 3, 'Passage 3: Invasion of the Robot Umpires', 'A few years ago, Fred DeJesus from Brooklyn, New York became the first umpire in a minor league baseball game to use something called the Automated Ball-Strike System (ABS), often referred to as the \'robo-umpire\'. Instead of making any judgments himself about a strike”, DeJesus had decisions fed to him through an earpiece, connected to a modified missile-tracking system. The contraption looked like a large black pizza box with one glowing green eye; it was mounted above the press stand.\n\n\nMajor League Baseball (MLB), who had commissioned the system, wanted human umpires to announce the calls, just as they would have done in the past. When the first pitch came in, a recorded voice told DeJesus it was a strike. Previously, calling a strike was a judgment call on the part of the umpire. Even if the batter does not hit the ball, a pitch that passes through the \'strike zone (an imaginary zone about seventeen inches wide, stretching from the batter\'s knees to the middle of his chest) is considered a strike. During that first game, when DeJesus announced calls, there was no heckling and no shouted disagreement. Nobody said a word.\n\n\nFor a hundred and fifty years or so, the strike zone has been the game\'s animating force-countless arguments between a team\'s manager and the umpire have taken place over its boundaries and whether a ball had crossed through it. The rules of play have evolved in various stages. Today, everyone knows that you may scream your disagreement in an umpire\'s face, but you must never shout personal abuse at them or touch them. That\'s a no-no. When the robo-umpires came, however, the arguments stopped.\n\n\nDuring the first robo-umpire season, players complained about some strange calls. In response, MLB decided to tweak the dimensions of the zone, and the following year the consensus was that ABS is profoundly consistent. MLB says the device is near-perfect, precise to within fractions of an inch. “It\'ll reduce controversy in the game, and be good for the game,” says Rob Manfred, who is Commissioner for MLB. But the question is whether controversy is worth reducing, or whether it is the sign of a human hand.\n\n\nA human, at least, yells back. When I spoke with Frank Viola, a coach for a North Carolina team, he said that ABS works as designed, but that it was also unforgiving and pedantic, almost legalistic. “Manfred is a lawyer,” Viola noted. Some pitchers have complained that, compared with a human\'s, the robot\'s strike zone seems too precise. Viola was once a major-league player himself. When he was pitching, he explained, umpires rewarded skill. “Throw it where you aimed, and it would be a strike, even if it was an inch or two outside. There was a dialogue between pitcher and umpire.”\n\n\nThe executive tasked with running the experiment for MLB is Morgan Sword, who\'s in charge of baseball operations. According to Sword, ABS was part of a larger project to make baseball more exciting since executives are terrified of losing younger fans, as has been the case with horse racing and boxing. He explains how they began the process by asking fans what version of baseball they found most exciting. The results showed that everyone wanted more action: more hits, more defense, more baserunning. This type of baseball essentially hasn\'t existed since the 1960s, when the hundred-mile-an-hour fastball, which is difficult to hit and control, entered the game. It flattened the game into strikeouts, walks, and home runs a type of play lacking much action.\n\n\nSword\'s team brainstormed potential fixes. Any rule that existed, they talked about changing-from changing the bats to changing the geometry of the field. But while all of these were ruled out as potential fixes, ABS was seen as a perfect vehicle for change. According to Sword, once you get the technology right, you can load any strike zone you want into the system. “It might be a triangle, or a blob, or something shaped like Texas. Over time, as baseball evolves, ABS can allow the zone to change with it.”\n\n\n“In the past twenty years, sports have moved away from judgment calls. Soccer has Video Assistant Referees (for offside decisions, for example). Tennis has Hawk-Eye da chon 1 muc (for line calls, for example). For almost a decade, baseball has used instant replay on the base paths. This is widely liked, even if the precision can sometimes cause problems. But these applications deal with something physical: bases, lines, goals. The boundaries of action are precise, delineated like the keys of a piano. This is not the case with ABS and the strike zone. Historically, a certain discretion has been appreciated.”\n\n\nI decided to email Alva Noë, a professor at Berkeley University and a baseball fan, for his opinion. “Hardly a day goes by that I don\'t wake up and run through the reasons that this [robo-umpires] is such a terrible idea,” he replied. He later told me, “This is part of a movement to use algorithms to take the hard choices of living out of life.” Perhaps he\'s right. We watch baseball to kill time, not to maximize it. Some players I have met take a dissenting stance toward the robots too, believing that accuracy is not the answer. According to Joe Russo, who plays for a New Jersey team, “With technology, people just want everything to be perfect. That\'s not reality. I think perfect would be weird. Your teams are always winning, work is always just great, there\'s always money in your pocket, your car never breaks down. What is there to talk about?”\n\n\n*strike: a strike is when the batter swings at a ball and misses or when the batter does not swing at a ball that passes through the strike zone.\n\nDo the following statements agree with the claims of the writer in Reading Passage 3? YES if the statement agrees with the claims of the writer NO if the statement contradicts the claims of the writer NOT GIVEN if it is impossible to say what the writer thinks about this\n\nComplete the summary using the list of phrases, A–H, below. Write the correct letter, A–H, in boxes 33-37 on your answer sheet.\n\nChoose the correct letter, A, B, C or D .', NULL, NULL);
INSERT INTO IELTSQuestion (id, sectionId, questionIndex, questionType, questionText, passageText, options, correctAnswer) VALUES (85, 230, 27, 'true_false', 'When DeJesus first used ABS, he shared decision-making about strikes with it.', NULL, NULL, 'NO');
INSERT INTO IELTSQuestion (id, sectionId, questionIndex, questionType, questionText, passageText, options, correctAnswer) VALUES (86, 230, 28, 'true_false', 'MLB considered it necessary to amend the size of the strike zone when criticisms were received from players.', NULL, NULL, 'YES');
INSERT INTO IELTSQuestion (id, sectionId, questionIndex, questionType, questionText, passageText, options, correctAnswer) VALUES (87, 230, 29, 'true_false', 'MLB is keen to justify the money spent on improving the accuracy of ABS\'s calculations.', NULL, NULL, 'NOT GIVEN');
INSERT INTO IELTSQuestion (id, sectionId, questionIndex, questionType, questionText, passageText, options, correctAnswer) VALUES (88, 230, 30, 'true_false', 'The hundred-mile-an-hour fastball led to a more exciting style of play.', NULL, NULL, 'NO');
INSERT INTO IELTSQuestion (id, sectionId, questionIndex, questionType, questionText, passageText, options, correctAnswer) VALUES (89, 230, 31, 'true_false', 'The differing proposals for alterations to the baseball bat led to fierce debate on Sword\'s team.', NULL, NULL, 'NOT GIVEN');
INSERT INTO IELTSQuestion (id, sectionId, questionIndex, questionType, questionText, passageText, options, correctAnswer) VALUES (90, 230, 32, 'true_false', 'ABS makes changes to the shape of the strike zone feasible.', NULL, NULL, 'YES');
INSERT INTO IELTSQuestion (id, sectionId, questionIndex, questionType, questionText, passageText, options, correctAnswer) VALUES (91, 230, 33, 'matching', 'Claims of a change in behaviour from those using livestock guard dogs may not be totally accurate.', 'Calls by the umpire Even after ABS was developed, MLB still wanted human umpires to shout out decisions as they had in their . The umpire\'s job had, at one time, required a about whether a ball was a strike. A ball is considered a strike when the batter does not hit it and it crosses through a extending approximately from the batter\'s knee to his chest. In the past, over strike calls were not uncommon, but today everyone accepts the complete ban on pushing or shoving the umpire. One difference, however, is that during the first game DeJesus used ABS, strike calls were met with .', '["pitch boundary","numerous disputes","team tactics","subjective assessment","widespread approval","former roles","total silence","perceived area"]', 'former roles');
INSERT INTO IELTSQuestion (id, sectionId, questionIndex, questionType, questionText, passageText, options, correctAnswer) VALUES (92, 230, 34, 'matching', 'There may be negative results if the use of livestock guard dogs is not sufficiently widespread.', NULL, '["pitch boundary","numerous disputes","team tactics","subjective assessment","widespread approval","former roles","total silence","perceived area"]', 'subjective assessment');
INSERT INTO IELTSQuestion (id, sectionId, questionIndex, questionType, questionText, passageText, options, correctAnswer) VALUES (93, 230, 35, 'matching', 'Livestock guard dogs are the best way of protecting farm animals, as long as the dogs are appropriately handled.', NULL, '["pitch boundary","numerous disputes","team tactics","subjective assessment","widespread approval","former roles","total silence","perceived area"]', 'perceived area');
INSERT INTO IELTSQuestion (id, sectionId, questionIndex, questionType, questionText, passageText, options, correctAnswer) VALUES (94, 230, 36, 'matching', 'Teaching a livestock guard dog how to do its work needs a different focus from teaching a house guard dog.', NULL, '["pitch boundary","numerous disputes","team tactics","subjective assessment","widespread approval","former roles","total silence","perceived area"]', 'numerous disputes');
INSERT INTO IELTSQuestion (id, sectionId, questionIndex, questionType, questionText, passageText, options, correctAnswer) VALUES (95, 230, 37, 'matching', 'What point does Richardson make about fear of machines?', NULL, '["pitch boundary","numerous disputes","team tactics","subjective assessment","widespread approval","former roles","total silence","perceived area"]', 'total silence');
INSERT INTO IELTSQuestion (id, sectionId, questionIndex, questionType, questionText, passageText, options, correctAnswer) VALUES (96, 230, 38, 'multiple_choice', 'What does the writer suggest about ABS in the fifth paragraph?', NULL, '["A. It is bound to make key decisions that are wrong","B. It may reduce some of the appeal of the game","C. It will lead to the disappearance of human umpires","D. It may increase calls for the rules of baseball to be changed"]', 'It may reduce some of the appeal of the game.');
INSERT INTO IELTSQuestion (id, sectionId, questionIndex, questionType, questionText, passageText, options, correctAnswer) VALUES (97, 230, 39, 'multiple_choice', 'Morgan Sword says that the introduction of ABS', NULL, '["A. was regarded as an experiment without a guaranteed outcome","B. was intended to keep up with developments in other sports","C. was a response to changing attitudes about the role of sport","D. was an attempt to ensure baseball retained a young audience"]', 'was an attempt to ensure baseball retained a young audience.');
INSERT INTO IELTSQuestion (id, sectionId, questionIndex, questionType, questionText, passageText, options, correctAnswer) VALUES (98, 230, 40, 'multiple_choice', 'Why does the writer include the views of Noë and Russo?', NULL, '["A. to show that attitudes to technology vary widely","B. to argue that people have unrealistic expectations of sport","C. to indicate that accuracy is not the same thing as enjoyment","D. to suggest that the number of baseball fans needs to increase"]', 'to indicate that accuracy is not the same thing as enjoyment');
INSERT INTO IELTSExam (id, title, type, totalQuestions) VALUES (30, '剑桥雅思 20 - Test 3 阅读', 'reading', 40);
INSERT INTO IELTSExamSection (id, examId, sectionIndex, title, instructions, audioUrl, imageUrl) VALUES (310, 30, 1, 'Passage 1: Frozen Food', 'A US perspective on the development of the frozen food industry\n\n\nAt some point in history, humans discovered that ice preserved food. There is evidence that winter ice was stored to preserve food in the summer as far back as 10,000 years ago. Two thousand years ago, the inhabitants of South America\'s Andean mountains had a unique means of conserving potatoes for later consumption. They froze them overnight, then trampled them to squeeze out the moisture, then dried them in the sun. This preserved their nutritional value-if not their aesthetic appeal.\n\n\nNatural ice remained the main form of refrigeration until late in the 19th century. In the early 1800s, ship owners from Boston, USA, had enormous blocks of Arctic ice towed all over the Atlantic for the purpose of food preservation. In 1851, railroads first began putting blocks of ice in insulated rail cars to send butter from Ogdensburg, New York, to Boston.\n\n\nFinally, in 1870, Australian inventors found a way to make \'mechanical ice\'. They used a compressor to force a gas-ammonia at first and later Freon-through a condenser. The compressed gas gave up some of its heat as it moved through the condenser. Then the gas was released quickly into a low-pressure evaporator coil where it became liquid and cold. Air was blown over the evaporator coil and then this cooled air passed into an insulated compartment, lowering its temperature to freezing point.\n\n\nInitially, this process was invented to keep Australian beer cool even in hot weather. But Australian cattlemen were quick to realize that, if they could put this new invention on a ship, they could export meat across the oceans. In 1880, a shipment of Australian beef and mutton was sent, frozen, to England. While the food frozen this way was still palatable, there was some deterioration. During the freezing process, crystals formed within the cells of the food, and when the ice expanded and the cells burst, this spoilt the flavor and texture of the food.\n\n\nThe modern frozen food industry began with the indigenous Inuit people of Canada. In 1912, a biology student in Massachusetts, USA, named Clarence Birdseye, ran out of money and went to Labrador in Canada to trap and trade furs. While he was there, he became fascinated with how the Inuit would quickly freeze fish in the Arctic air. The fish looked and tasted fresh even months later.\n\n\nBirdseye returned to the USA in 1917 and began developing mechanical freezers capable of quick-freezing food. Birdseye methodically kept inventing better freezers and gradually built a business selling frozen fish from Gloucester, Massachusetts. In 1929, his business was sold and became General Foods, but he stayed with the company as director of research, and his division continued to innovate.\n\n\nBirdseye was responsible for several key innovations that made the frozen food industry possible. He developed quick-freezing techniques that reduced the damage that crystals caused, as well as the technique of freezing the product in the package it was to be sold in. He also introduced the use of cellophane, the first transparent material for food packaging, which allowed consumers to see the quality of the product. Birdseye products also came in convenient size packages that could be prepared with a minimum of effort.\n\n\nBut there were still obstacles. In the 1930s, few grocery stores could afford to buy freezers for a market that wasn\'t established yet. So, Birdseye leased inexpensive freezer cases to them. He also leased insulated railroad cars so that he could ship his products nationwide. However, few consumers had freezers large enough or efficient enough to take advantage of the products.\n\n\nSales increased in the early 1940s, when World War II gave a boost to the frozen food industry because tin was being used for munitions. Canned foods were rationed to save tin for the war effort, while frozen foods were abundant and cheap. Finally, by the 1950s, refrigerator technology had developed far enough to make these appliances affordable for the average family. By 1953, 33 million US families owned a refrigerator, and manufacturers were gradually increasing the size of the freezer compartments in them.\n\n\n1950s families were also looking for convenience at mealtimes, so the moment was right for the arrival of the \'TV Dinner\'. Swanson Foods was a large, nationally recognized producer of canned and frozen poultry. In 1954, the company adapted some of Birdseye\'s freezing techniques, and with the help of a clever name and a huge advertising budget, it launched the first \'TV Dinner\'. This consisted of frozen turkey, potatoes and vegetables served in the same segmented aluminum tray that was used by airlines. The product was an instant success. Within a year, Swanson had sold 13 million TV dinners. American consumers couldn\'t resist the combination of a trusted brand name, a single-serving package and the convenience of a meal that could be ready after only 25 minutes in a hot oven. By 1959, Americans were spending $2.7 billion annually on frozen foods, and half a billion of that was spent on ready-prepared meals such as the TV Dinner.\n\n\nToday, the US frozen food industry has a turnover of over $67 billion annually, with $26.6 billion of that sold to consumers for home consumption. The remaining $40 billion in frozen food sales come through restaurants, cafeterias, hospitals and schools, and that represents a third of the total food service sales.\n\nComplete the notes below. Choose ONE WORD ONLY from the passage for each answer. Write your answers in boxes 1–7 on your answer sheet.\n\nDo the following statements agree with the information given in Reading Passage 1? TRUE if the statement agrees with the information FALSE if the statement contradicts the information NOT GIVEN if there is no information on this', NULL, NULL);
INSERT INTO IELTSQuestion (id, sectionId, questionIndex, questionType, questionText, passageText, options, correctAnswer) VALUES (99, 310, 1, 'fill_blank', '● People conserved the nutritional value of ______, using a method of freezing then drying.', '## The history of frozen food\n**2,000 years ago, South America**\n● People conserved the nutritional value of  (1) ______, using a method of freezing then drying.\n**1851, USA**\n●  (2) ______ was kept cool by ice during transportation in specially adapted trains.\n**1880, Australia**\n● Two kinds of  (3) ______ were the first frozen food shipped to England.\n**1917 onwards, USA**\n● Clarence Birdseye introduced innovations including:\n○ quick-freezing methods, so that  (4) ______ did not spoil the food.\n○ packaging products with  (5) ______ so the product was visible.\n**Early 1940s, USA**\n● Frozen food became popular because of a shortage of  (6) ______\n**1950s, USA**\n● A large number of homes now had a  (7) ______', NULL, 'potatoes');
INSERT INTO IELTSQuestion (id, sectionId, questionIndex, questionType, questionText, passageText, options, correctAnswer) VALUES (100, 310, 2, 'fill_blank', '● ______ was kept cool by ice during transportation in specially adapted trains.', NULL, NULL, 'Butter');
INSERT INTO IELTSQuestion (id, sectionId, questionIndex, questionType, questionText, passageText, options, correctAnswer) VALUES (101, 310, 3, 'fill_blank', '● Two kinds of ______ were the first frozen food shipped to England.', NULL, NULL, 'meat');
INSERT INTO IELTSQuestion (id, sectionId, questionIndex, questionType, questionText, passageText, options, correctAnswer) VALUES (102, 310, 4, 'fill_blank', '○ quick-freezing methods, so that ______ did not spoil the food.', NULL, NULL, 'crystals');
INSERT INTO IELTSQuestion (id, sectionId, questionIndex, questionType, questionText, passageText, options, correctAnswer) VALUES (103, 310, 5, 'fill_blank', '○ packaging products with ______ so the product was visible.', NULL, NULL, 'cellophane');
INSERT INTO IELTSQuestion (id, sectionId, questionIndex, questionType, questionText, passageText, options, correctAnswer) VALUES (104, 310, 6, 'fill_blank', '● Frozen food became popular because of a shortage of ______', NULL, NULL, 'tin');
INSERT INTO IELTSQuestion (id, sectionId, questionIndex, questionType, questionText, passageText, options, correctAnswer) VALUES (105, 310, 7, 'fill_blank', '● A large number of homes now had a ______', NULL, NULL, 'refrigerator');
INSERT INTO IELTSQuestion (id, sectionId, questionIndex, questionType, questionText, passageText, options, correctAnswer) VALUES (106, 310, 8, 'true_false', 'The ice transportation business made some Boston ship owners very wealthy in the early 1800s.', NULL, NULL, 'NOT GIVEN');
INSERT INTO IELTSQuestion (id, sectionId, questionIndex, questionType, questionText, passageText, options, correctAnswer) VALUES (107, 310, 9, 'true_false', 'A disadvantage of the freezing process invented in Australia was that it affected the taste of food.', NULL, NULL, 'TRUE');
INSERT INTO IELTSQuestion (id, sectionId, questionIndex, questionType, questionText, passageText, options, correctAnswer) VALUES (108, 310, 10, 'true_false', 'Clarence Birdseye travelled to Labrador in order to learn how the Inuit people froze fish.', NULL, NULL, 'FALSE');
INSERT INTO IELTSQuestion (id, sectionId, questionIndex, questionType, questionText, passageText, options, correctAnswer) VALUES (109, 310, 11, 'true_false', 'Swanson Foods invested a great deal of money in the promotion of the TV Dinner.', NULL, NULL, 'TRUE');
INSERT INTO IELTSQuestion (id, sectionId, questionIndex, questionType, questionText, passageText, options, correctAnswer) VALUES (110, 310, 12, 'true_false', 'Swanson Foods developed a new style of container for the launch of the TV Dinner.', NULL, NULL, 'FALSE');
INSERT INTO IELTSQuestion (id, sectionId, questionIndex, questionType, questionText, passageText, options, correctAnswer) VALUES (111, 310, 13, 'true_false', 'The US frozen food industry is currently the largest in the world.', NULL, NULL, 'NOT GIVEN');
INSERT INTO IELTSExamSection (id, examId, sectionIndex, title, instructions, audioUrl, imageUrl) VALUES (320, 30, 2, 'Passage 2: Can the planet’s coral reefs be saved?', 'A\nConservationists have put the final touches to a giant artificial reef they have been assembling at the world-renowned Zoological Society of London (London Zoo). Samples of the planet\'s most spectacular corals – vivid green branching coral, yellow scroll, blue ridge and many more species – have been added to the giant tank along with fish that thrive in their presence: blue tang, clownfish and many others. The reef is in the zoo\'s new gallery, Tiny Giants, which is dedicated to the minuscule invertebrate creatures that sustain life across the planet. The coral reef tank and its seven-metre-wide window form the core of the exhibition.\n\n\n\'Coral reefs are the most diverse ecosystems on Earth and we want to show people how wonderful they are,\' said Paul Pearce-Kelly, senior curator of invertebrates and fish at the Zoological Society of London. \'However, we also want to highlight the research and conservation efforts that are now being carried out to try to save them from the threat of global warming.\' They want people to see what is being done to try to save these wonders.\n\n\n\n\n\nB\nCorals are composed of tiny animals, known as polyps, with tentacles for capturing small marine creatures in the sea water. These polyps are transparent but get their brilliant tones of pink, orange, blue, green, etc. from algae that live within them, which in turn get protection, while their photosynthesising of the sun\'s rays provides nutrients for the polyps. This comfortable symbiotic relationship has led to the growth of coral reefs that cover 0.1% of the planet\'s ocean bed while providing homes for more than 25% of marine species, including fish, molluscs, sponges and shellfish.\n\n\n\n\n\nC\nAs a result, coral reefs are often described as the \'rainforests of the sea\', though the comparison is dismissed by some naturalists, including David Attenborough. \'People say you cannot beat the rainforest,\' Attenborough has stated. \'But that is simply not true. You go there and the first thing you think is: where are the birds? Where are the animals? They are hiding in the trees, of course. No, if you want beauty and wildlife, you want a coral reef. Put on a mask and stick your head under the water. The sight is mind-blowing.\'\n\n\n\n\n\nD\nUnfortunately, these majestic sights are now under very serious threat, with the most immediate problem coming in the form of thermal stress. Rising ocean temperatures are triggering bleaching events that strip reefs of their colour and eventually kill them. And that is just the start. Other menaces include ocean acidification, sea level increase, pollution by humans, deoxygenation and ocean current changes, while the climate crisis is also increasing habitat destruction. As a result, vast areas – including massive chunks of Australia\'s Great Barrier Reef – have already been destroyed, and scientists advise that more than 90% of reefs could be lost by 2050 unless urgent action is taken to tackle global heating and greenhouse gas emissions.\n\n\nPearce-Kelly says that coral reefs have to survive really harsh conditions – wave erosion and other factors. And \'when things start to go wrong in the oceans, then corals will be the first to react. And that is exactly what we are seeing now. Coral reefs are dying and they are telling us that all is not well with our planet.\'\n\n\n\n\n\nE\nHowever, scientists are trying to pinpoint hardy types of coral that could survive our overheated oceans, and some of this research will be carried out at London Zoo. \'Behind our … coral reef tank we have built laboratories where scientists will be studying coral species,\' said Pearce-Kelly. One aim will be to carry out research on species to find those that can survive best in warm, acidic waters. Another will be to try to increase coral breeding rates. \'Coral spawn just once a year,\' he added. \'However, aquarium-based research has enabled some corals to spawn artificially, which can assist coral reef restoration efforts. And if this can be extended for all species, we could consider the launching of coral-spawning programmes several times a year. That would be a big help in restoring blighted reefs.\'\n\n\n\n\n\nF\nResearch in these fields is being conducted in laboratories around the world, with the London Zoo centre linked to this global network. Studies carried out in one centre can then be tested in others. The resulting young coral can then be displayed in the tank in Tiny Giants. \'The crucial point is that the progress we make in making coral better able to survive in a warming world can be shown to the public and encourage them to believe that we can do something to save the planet\'s reefs,\' said Pearce-Kelly. \'Saving our coral reefs is now a critically important ecological goal.\'\n\nReading Passage 2 has six sections, A–F . Choose the correct heading for each section from the list of headings below. Write the correct number, i-vii, in boxes 14-19 on your answer sheet.\n\nChoose TWO letters, A–E .\n\nComplete the sentences below. Choose ONE WORD ONLY from the passage for each answer.', NULL, NULL);
INSERT INTO IELTSQuestion (id, sectionId, questionIndex, questionType, questionText, passageText, options, correctAnswer) VALUES (112, 320, 14, 'matching', 'how a type of plant functions as a natural protection for coastlines', NULL, '["Tried and tested solutions","Cooperation beneath the waves","Working to lessen the problems","Disagreement about the accuracy of a certain phrase","Two clear educational goals","Promoting hope","A warning of further trouble ahead"]', 'Two clear educational goals');
INSERT INTO IELTSQuestion (id, sectionId, questionIndex, questionType, questionText, passageText, options, correctAnswer) VALUES (113, 320, 15, 'matching', 'a prediction about how long it could take to stop noticing the effects of climate change', NULL, '["Tried and tested solutions","Cooperation beneath the waves","Working to lessen the problems","Disagreement about the accuracy of a certain phrase","Two clear educational goals","Promoting hope","A warning of further trouble ahead"]', 'Cooperation beneath the waves');
INSERT INTO IELTSQuestion (id, sectionId, questionIndex, questionType, questionText, passageText, options, correctAnswer) VALUES (114, 320, 16, 'matching', 'a reference to the fact that a solution is particularly cost-effective', NULL, '["Tried and tested solutions","Cooperation beneath the waves","Working to lessen the problems","Disagreement about the accuracy of a certain phrase","Two clear educational goals","Promoting hope","A warning of further trouble ahead"]', 'Disagreement about the accuracy of a certain phrase');
INSERT INTO IELTSQuestion (id, sectionId, questionIndex, questionType, questionText, passageText, options, correctAnswer) VALUES (115, 320, 17, 'matching', 'examples of insects that attack trees', NULL, '["Tried and tested solutions","Cooperation beneath the waves","Working to lessen the problems","Disagreement about the accuracy of a certain phrase","Two clear educational goals","Promoting hope","A warning of further trouble ahead"]', 'A warning of further trouble ahead');
INSERT INTO IELTSQuestion (id, sectionId, questionIndex, questionType, questionText, passageText, options, correctAnswer) VALUES (116, 320, 18, 'matching', 'an alternative name for trees that produce low-use wood', NULL, '["Tried and tested solutions","Cooperation beneath the waves","Working to lessen the problems","Disagreement about the accuracy of a certain phrase","Two clear educational goals","Promoting hope","A warning of further trouble ahead"]', 'Working to lessen the problems');
INSERT INTO IELTSQuestion (id, sectionId, questionIndex, questionType, questionText, passageText, options, correctAnswer) VALUES (117, 320, 19, 'matching', 'how a type of plant functions as a natural protection for coastlines', NULL, '["Tried and tested solutions","Cooperation beneath the waves","Working to lessen the problems","Disagreement about the accuracy of a certain phrase","Two clear educational goals","Promoting hope","A warning of further trouble ahead"]', 'Promoting hope');
INSERT INTO IELTSQuestion (id, sectionId, questionIndex, questionType, questionText, passageText, options, correctAnswer) VALUES (118, 320, 20, 'multiple_choice', 'Which  **TWO**  of these causes of damage to coral reefs are mentioned by the writer of the text?', NULL, '["A. a rising number of extreme storms","B. the removal of too many fish from the sea","C. the contamination of the sea from waste","D. increased disease among marine species","E. alterations in the usual flow of water in the seas"]', 'C. the contamination of the sea from waste');
INSERT INTO IELTSQuestion (id, sectionId, questionIndex, questionType, questionText, passageText, options, correctAnswer) VALUES (119, 320, 21, 'multiple_choice', 'Which  **TWO**  of these causes of damage to coral reefs are mentioned by the writer of the text?', NULL, '["A. a rising number of extreme storms","B. the removal of too many fish from the sea","C. the contamination of the sea from waste","D. increased disease among marine species","E. alterations in the usual flow of water in the seas"]', 'E. alterations in the usual flow of water in the seas');
INSERT INTO IELTSQuestion (id, sectionId, questionIndex, questionType, questionText, passageText, options, correctAnswer) VALUES (120, 320, 22, 'multiple_choice', 'Which  **TWO**  of the following statements are true of the researchers at London Zoo?', NULL, '["A. They are hoping to expand the numbers of different corals being bred in laboratories.","B. They want to identify corals that can cope well with the changed sea conditions.","C. They are looking at ways of creating artificial reefs that corals could grow on.","D. They are trying out methods that would speed up reproduction in some corals.","E. They are investigating materials that might protect reefs from higher temperatures."]', 'B. They want to identify corals that can cope well with the changed sea conditions.');
INSERT INTO IELTSQuestion (id, sectionId, questionIndex, questionType, questionText, passageText, options, correctAnswer) VALUES (121, 320, 23, 'multiple_choice', 'Which  **TWO**  of the following statements are true of the researchers at London Zoo?', NULL, '["A. They are hoping to expand the numbers of different corals being bred in laboratories.","B. They want to identify corals that can cope well with the changed sea conditions.","C. They are looking at ways of creating artificial reefs that corals could grow on.","D. They are trying out methods that would speed up reproduction in some corals.","E. They are investigating materials that might protect reefs from higher temperatures."]', 'D. They are trying out methods that would speed up reproduction in some corals.');
INSERT INTO IELTSQuestion (id, sectionId, questionIndex, questionType, questionText, passageText, options, correctAnswer) VALUES (122, 320, 24, 'fill_blank', 'For hundreds of years, the only tree that was more popular in Britain than elm was ______. Starting in the Bronze Age, many tools were made from elm and people also used it to make weapons. In the 18th century, it was grown to provide wood for boxes and ______. Due to its strength, elm was often used for mining equipment and the Cutty Sark\'s ______ was also constructed from elm.', '## Summary\n\nCorals have a number of (24) ______ which they use to collect their food.\nAlgae gain (25) ______ from being inside the coral.\nIncreases in the warmth of the sea water can remove the  (26) ______  from coral.', NULL, 'tentacles');
INSERT INTO IELTSQuestion (id, sectionId, questionIndex, questionType, questionText, passageText, options, correctAnswer) VALUES (123, 320, 25, 'fill_blank', 'For hundreds of years, the only tree that was more popular in Britain than elm was ______. Starting in the Bronze Age, many tools were made from elm and people also used it to make weapons. In the 18th century, it was grown to provide wood for boxes and ______. Due to its strength, elm was often used for mining equipment and the Cutty Sark\'s ______ was also constructed from elm.', '## Summary\n\nCorals have a number of (24) ______ which they use to collect their food.\nAlgae gain (25) ______ from being inside the coral.\nIncreases in the warmth of the sea water can remove the  (26) ______  from coral.', NULL, 'protection');
INSERT INTO IELTSQuestion (id, sectionId, questionIndex, questionType, questionText, passageText, options, correctAnswer) VALUES (124, 320, 26, 'fill_blank', 'For hundreds of years, the only tree that was more popular in Britain than elm was ______. Starting in the Bronze Age, many tools were made from elm and people also used it to make weapons. In the 18th century, it was grown to provide wood for boxes and ______. Due to its strength, elm was often used for mining equipment and the Cutty Sark\'s ______ was also constructed from elm.', '## Summary\n\nCorals have a number of (24) ______ which they use to collect their food.\nAlgae gain (25) ______ from being inside the coral.\nIncreases in the warmth of the sea water can remove the  (26) ______  from coral.', NULL, 'colour');
INSERT INTO IELTSExamSection (id, examId, sectionIndex, title, instructions, audioUrl, imageUrl) VALUES (330, 30, 3, 'Passage 3: Robots and us', 'Three leaders in their fields answer questions about our relationships with robot\n\n\nWhen asked \'Should robots be used to colonise other planets?\', cosmology and astrophysics Professor Martin Rees said he believed the solar system would be mapped by robotic craft by the end of the century. \'The next step would be mining of asteroids, enabling fabrication of large structures in space without having to bring all the raw materials from Earth…. I think this is more realistic and benign than the … “terraforming”* of planets.\' He maintains that colonised planets \'should be preserved with a status that is analogous to Antarctica here on Earth.\'\n\n\nOn the question of using robots to colonise other planets and exploit mineral resources, engineering Professor Daniel Wolpert replied, \'I don\'t see a pressing need to colonise other planets unless we can bring [these] resources back to Earth. The vast majority of Earth is currently inaccessible to us. Using robots to gather resources nearer to home would seem to be a better use of our robotic tools.\'\n\n\nMeanwhile, for anthropology Professor Kathleen Richardson, the idea of \'colonisation\' of other planets seemed morally dubious: \'I think whether we do something on Earth or on Mars we should always do it in the spirit of a genuine interest in “the Other”, not to impose a particular model, but to meet “the Other”.”\n\n\nIn response to the second question, \'How soon will machine intelligence outstrip human intelligence?\', Rees mentions robots that are advanced enough to beat humans at chess, but then goes on to say, \'Robots are still limited in their ability to sense their environment: they can\'t yet recognise and move the pieces on a real chessboard as cleverly as a child can. Later this century, however, their more advanced successors may relate to their surroundings, and to people, as adeptly as we do. Moral questions then arise. … Should we feel guilty about exploiting sophisticated robots? Should we fret if they are underemployed, frustrated, or bored?\'\n\n\nWolpert\'s response to the question about machine intelligence outstripping human intelligence was this: \'In a limited sense it already has. Machines can already navigate, remember and search for items with an ability that far outstrips humans. However, there is no machine that can identify visual objects or speech with the reliability and flexibility of humans…. Expecting a machine close to the creative intelligence of a human within the next 50 years would be highly ambitious.\'\n\n\nRichardson believes that our fear of machines becoming too advanced has more to do with human nature than anything intrinsic to the machines themselves. In her view, it stems from humans\' tendency to personify inanimate objects: we create machines based on representations of ourselves, imagine that machines think and behave as we do, and therefore see them as an autonomous threat. \'One of the consequences of thinking that the problem lies with machines is that we tend to imagine they are greater and more powerful than they really are and subsequently they become so.\'\n\n\nThis led on to the third question, \'Should we be scared by advances in artificial intelligence?\' To this question, Rees replied, \'Those who should be worried are the futurologists who believe in the so-called “singularity”.** … And another worry is that we are increasingly dependent on computer networks, and that these could behave like a single “brain” with a mind of its own, and with goals that may be contrary to human welfare. I think we should ensure that robots remain as no more than “idiot savants” lacking the capacity to outwit us, even though they may greatly surpass us in the ability to calculate and process information.\'\n\n\nWolpert\'s response was to say that we have already seen the damaging effects of artificial intelligence in the form of computer viruses. \'But in this case,\' he says, \'the real intelligence is the malicious designer. Critically, the benefits of computers outweigh the damage that computer viruses cause. Similarly, while there may be misuses of robotics in the near future, the benefits that they will bring are likely to outweigh these negative aspects.\'\n\n\nRichardson\'s response to this question was this: \'We need to ask why fears of artificial intelligence and robots persist; none have in fact risen up and challenged human supremacy.\' She believes that as robots have never shown themselves to be a threat to humans, it seems unlikely that they ever will. In fact, she went on, \'Not all fear [robots]; many people welcome machine intelligence.\'\n\n\nIn answer to the fourth question, What can science fiction tell us about robotics?\', Rees replied, \'I sometimes advise students that it\'s better to read first-rate science fiction than second-rate science more stimulating, and perhaps no more likely to be wrong.\'\n\n\nAs his response, Wolpert commented, \'Science fiction has often been remarkable at predicting the future. Science fiction has painted a vivid spectrum of possible futures, from cute and helpful robots to dystopian robotic societies. Interestingly, almost no science fiction envisages a future without robots.\'\n\n\nFinally, on the question of science fiction, Richardson pointed out that in modern society, people tend to think there is reality on the one hand, and fiction and fantasy on the other. She then explained that the division did not always exist, and that scientists and technologists made this separation because they wanted to carve out the sphere of their work. \'But the divide is not so clear cut, and that is why the worlds seem to collide at times,\' she said. \'In some cases, we need to bring these different understandings together to get a whole perspective. Perhaps then, we won\'t be so frightened that something we create as a copy of ourselves will be a [threat] to us.\'\n\n\n*terraforming: modifying a planet\'s atmosphere to suit human needs\n\n** singularity: the point when robots will be able to start creating ever more sophisticated versions of themselves\n\nLook at the following statements (27-33) and the list of experts below. Match each statement with the correct expert, A, B or C . Write the correct letter in boxes 27–33 on your answer sheet. NB You may use any letter more than once.\n\nComplete each sentence with the correct ending, A–D, below. Write the correct letter, A–D, in boxes 34–36 on your answer sheet.\n\nChoose the correct letter, A, B, C or D .', NULL, NULL);
INSERT INTO IELTSQuestion (id, sectionId, questionIndex, questionType, questionText, passageText, options, correctAnswer) VALUES (125, 330, 27, 'matching', 'For our own safety, humans will need to restrict the abilities of robots.', NULL, '["A","B","C","D","E","F"]', 'C');
INSERT INTO IELTSQuestion (id, sectionId, questionIndex, questionType, questionText, passageText, options, correctAnswer) VALUES (126, 330, 28, 'matching', 'The risk of robots harming us is less serious than humans believe it to be.', NULL, '["A","B","C","D","E","F"]', 'F');
INSERT INTO IELTSQuestion (id, sectionId, questionIndex, questionType, questionText, passageText, options, correctAnswer) VALUES (127, 330, 29, 'matching', 'It will take many decades for robot intelligence to be as imaginative as human intelligence.', NULL, '["A","B","C","D","E","F"]', 'A');
INSERT INTO IELTSQuestion (id, sectionId, questionIndex, questionType, questionText, passageText, options, correctAnswer) VALUES (128, 330, 30, 'matching', 'We may have to start considering whether we are treating robots fairly.', NULL, '["A","B","C","D","E","F"]', 'E');
INSERT INTO IELTSQuestion (id, sectionId, questionIndex, questionType, questionText, passageText, options, correctAnswer) VALUES (129, 330, 31, 'matching', 'Robots are probably of more help to us on Earth than in space.', NULL, '["A","B","C","D","E","F"]', 'B');
INSERT INTO IELTSQuestion (id, sectionId, questionIndex, questionType, questionText, passageText, options, correctAnswer) VALUES (130, 330, 32, 'matching', 'The ideas in high-quality science fiction may prove to be just as accurate as those found in the work of mediocre scientists.', NULL, '["A","B","C","D","E","F"]', 'Martin Rees');
INSERT INTO IELTSQuestion (id, sectionId, questionIndex, questionType, questionText, passageText, options, correctAnswer) VALUES (131, 330, 33, 'matching', 'There are those who look forward to robots developing greater intelligence.', NULL, '["A","B","C","D","E","F"]', 'Kathleen Richardson');
INSERT INTO IELTSQuestion (id, sectionId, questionIndex, questionType, questionText, passageText, options, correctAnswer) VALUES (132, 330, 34, 'matching', 'Richardson and Rees express similar views regarding the ethical aspect of', NULL, '["A","B","C","D","E","F"]', 'changes made to other planets for our own benefit.');
INSERT INTO IELTSQuestion (id, sectionId, questionIndex, questionType, questionText, passageText, options, correctAnswer) VALUES (133, 330, 35, 'matching', 'Rees and Wolpert share an opinion about the extent of', NULL, '["A","B","C","D","E","F"]', 'advances made in machine intelligence so far.');
INSERT INTO IELTSQuestion (id, sectionId, questionIndex, questionType, questionText, passageText, options, correctAnswer) VALUES (134, 330, 36, 'matching', 'Wolpert disagrees with Richardson on the question of', NULL, '["A","B","C","D","E","F"]', 'the harm already done by artificial intelligence.');
INSERT INTO IELTSQuestion (id, sectionId, questionIndex, questionType, questionText, passageText, options, correctAnswer) VALUES (135, 330, 37, 'multiple_choice', 'What point does Richardson make about fear of machines?', NULL, '["A. It has grown alongside the development of ever more advanced robots.","B. It is the result of our inclination to attribute human characteristics to non-human entities.","C. It has its origins in basic misunderstandings about how inanimate objects function.","D. It demonstrates a key difference between human intelligence and machine intelligence."]', 'B. It is the result of our inclination to attribute human characteristics to non-human entities.');
INSERT INTO IELTSQuestion (id, sectionId, questionIndex, questionType, questionText, passageText, options, correctAnswer) VALUES (136, 330, 38, 'multiple_choice', 'What potential advance does Rees see as a cause for concern?', NULL, '["A. robots outnumbering people","B. robots having abilities which humans do not","C. artificial intelligence developing independent thought","D. artificial intelligence taking over every aspect of our lives"]', 'C. artificial intelligence developing independent thought');
INSERT INTO IELTSQuestion (id, sectionId, questionIndex, questionType, questionText, passageText, options, correctAnswer) VALUES (137, 330, 39, 'multiple_choice', 'What does Wolpert emphasise in his response to the question about science fiction?', NULL, '["A. how science fiction influences our attitudes to robots","B. how fundamental robots are to the science fiction genre","C. how the image of robots in science fiction has changed over time","D. how reactions to similar portrayals of robots in science fiction may vary"]', 'B. how fundamental robots are to the science fiction genre');
INSERT INTO IELTSQuestion (id, sectionId, questionIndex, questionType, questionText, passageText, options, correctAnswer) VALUES (138, 330, 40, 'multiple_choice', 'What is Richardson doing in her comment about reality and fantasy?', NULL, '["A. warning people not to confuse one with the other","B. outlining ways in which one has impacted on the other","C. recommending a change of approach in how people view them","D. explaining why scientists have a different perspective on them from other people"]', 'C. recommending a change of approach in how people view them');
INSERT INTO IELTSExam (id, title, type, totalQuestions) VALUES (40, '剑桥雅思 20 - Test 4 阅读', 'reading', 40);
INSERT INTO IELTSExamSection (id, examId, sectionIndex, title, instructions, audioUrl, imageUrl) VALUES (410, 40, 1, 'Passage 1: Georgia O’Keeffe', 'For seven decades, Georgia O\'Keeffe (1887-1986) was a major figure in American art. Remarkably, she remained independent from shifting art trends and her work stayed true to her own vision, which was based on finding the essential, abstract forms in nature. With exceptionally keen powers of observation and great finesse with a paintbrush, she recorded subtle nuances of colour, shape, and light that enlivened her paintings and attracted a wide audience.\n\n\nBorn in 1887 near Sun Prairie, Wisconsin to cattle breeders Francis and Ida O\'Keeffe, Georgia was raised on their farm along with her six siblings. By the time she graduated from high school in 1905, she had determined to make her way as an artist. She studied the techniques of traditional painting at the Art Institute of Chicago school (1905) and the Art Students League of New York (1907-8). After attending university and then training college, she became an art teacher and taught in elementary schools, high schools, and colleges in Virginia, Texas, and South Carolina from 1911 to 1918.\n\n\nDuring this period, O\'Keeffe began to experiment with creating abstract compositions in charcoal, and produced a series of innovative drawings that led her art in a new direction. She sent some of these drawings to a friend in New York, who showed them to art collector and photographer Alfred Stieglitz in January 1916. Stieglitz was impressed, and exhibited the drawings later that year at his gallery on Fifth Avenue, New York City, where the works of many avant-garde artists and photographers were introduced to the American public.\n\n\nWith Stieglitz\'s encouragement and promise of financial support, O\'Keeffe arrived in New York in June 1918 to begin a career as an artist. For the next three decades, Stieglitz vigorously promoted her work in twenty-two solo exhibitions and numerous group installations. The two were married in 1924. The ups and downs of their personal and professional relationship were recorded in Stieglitz\'s celebrated black-and-white portraits of O\'Keeffe, taken over the course of twenty years (1917-37).\n\n\nBy the mid-1920s, O\'Keeffe was recognized as one of America\'s most important and successful artists, widely known for the architectural pictures that dramatically depict the soaring skyscrapers of New York. But most often, she painted botanical subjects, inspired by annual trips to the Stieglitz family summer home. In her magnified images depicting flowers, begun in 1924, O\'Keeffe brings the viewer right into the picture.\n\n\nEnlarging the tiniest details to fill an entire metre-wide canvas emphasized their shapes and lines and made them appear abstract. Such daring compositions helped establish O\'Keeffe\'s reputation as an innovative modernist.\n\n\nIn 1929, O\'Keeffe made her first extended trip to the state of New Mexico. It was a visit that had a lasting impact on her life, and an immediate effect on her work. Over the next two decades she made almost annual trips to New Mexico, staying up to six months there, painting in relative solitude, then returning to New York each winter to exhibit the new work at Stieglitz\'s gallery. This pattern continued until she moved permanently to New Mexico in 1949.\n\n\nThere, O\'Keeffe found new inspiration: at first, it was the numerous sun-bleached bones she came across in the state\'s rugged terrain that sparked her imagination. Two of her earliest and most celebrated Southwestern paintings exquisitely reproduce a cow skull\'s weathered surfaces, jagged edges, and irregular openings. Later, she also explored another variation on this theme in her large series of Pelvis pictures, which focused on the contrasts between convex and concave surfaces, and solid and open spaces. However, it was the region\'s spectacular landscape, with its unusual geological formations, vivid colours, clarity of light, and exotic vegetation, that held the artist\'s imagination for more than four decades. Often, she painted the rocks, cliffs, and mountains in striking close-up, just as she had done with her botanical subjects.\n\n\nO\'Keeffe eventually owned two homes in New Mexico – the first, her summer retreat at Ghost Ranch, was nestled beneath 200-metre cliffs, while the second, used as her winter residence, was in the small town of Abiquiú. While both locales provided a wealth of imagery for her paintings, one feature of the Abiquiú house – the large walled patio with its black door – was particularly inspirational. In more than thirty pictures between 1946 and 1960, she reinvented the patio into an abstract arrangement of geometric shapes.\n\n\nFrom the 1950s into the 1970s, O\'Keeffe travelled widely, making trips to Asia, the Middle East, and Europe. Flying in planes inspired her last two major series – aerial views of rivers and expansive paintings of the sky viewed from just above clouds. In both series, O\'Keeffe increased the size of her canvases, sometimes to mural proportions, reflecting perhaps her newly expanded view of the world. When in 1965 she successfully translated one of her cloud motifs to a monumental canvas measuring 6 metres in length (with the help of assistants), it was an enormous challenge and a special feat for an artist nearing eighty years of age.\n\n\nThe last two decades of the artist\'s life were relatively unproductive as ill health and blindness hindered her ability to work. O\'Keeffe died in 1986 at the age of ninety-eight, but her rich legacy of some 900 paintings has continued to attract subsequent generations of artists and art lovers who derive inspiration from these very American images.\n\nComplete the notes below. Choose ONE WORD ONLY from the passage for each answer. Write your answers in boxes 1–7 on your answer sheet.\n\nDo the following statements agree with the information given in Reading Passage 1? TRUE if the statement agrees with the information FALSE if the statement contradicts the information NOT GIVEN if there is no information on this', NULL, NULL);
INSERT INTO IELTSQuestion (id, sectionId, questionIndex, questionType, questionText, passageText, options, correctAnswer) VALUES (139, 410, 1, 'fill_blank', '● look similar to dugongs, but with a differently shaped ______', '## Summary\n\nThe life and work of Georgia O\'Keeffe\n● studied art, then worked as a (1) ______ in various places in the USA\n● created drawings using (2) ______ which were exhibited in New York City\n● moved to New York and became famous for her paintings of the city\'s (3) ______\n● produced a series of innovative close-up paintings of (4) ______\n● went to New Mexico and was initially inspired to paint the many (5) ______ that could be found there\n● continued to paint various features that together formed the dramatic (6) ______ of New Mexico for over forty years\n● travelled widely by plane in later years, and painted pictures of clouds and (7) ______ seen from above', NULL, 'teacher');
INSERT INTO IELTSQuestion (id, sectionId, questionIndex, questionType, questionText, passageText, options, correctAnswer) VALUES (140, 410, 2, 'fill_blank', '● need to use their ______ to help to turn their bodies around in order to look sideways', '## Summary\n\nThe life and work of Georgia O\'Keeffe\n● studied art, then worked as a (1) ______ in various places in the USA\n● created drawings using (2) ______ which were exhibited in New York City\n● moved to New York and became famous for her paintings of the city\'s (3) ______\n● produced a series of innovative close-up paintings of (4) ______\n● went to New Mexico and was initially inspired to paint the many (5) ______ that could be found there\n● continued to paint various features that together formed the dramatic (6) ______ of New Mexico for over forty years\n● travelled widely by plane in later years, and painted pictures of clouds and (7) ______ seen from above', NULL, 'charcoal');
INSERT INTO IELTSQuestion (id, sectionId, questionIndex, questionType, questionText, passageText, options, correctAnswer) VALUES (141, 410, 3, 'fill_blank', '● sense vibrations in the water by means of ______ on their skin', '## Summary\n\nThe life and work of Georgia O\'Keeffe\n● studied art, then worked as a (1) ______ in various places in the USA\n● created drawings using (2) ______ which were exhibited in New York City\n● moved to New York and became famous for her paintings of the city\'s (3) ______\n● produced a series of innovative close-up paintings of (4) ______\n● went to New Mexico and was initially inspired to paint the many (5) ______ that could be found there\n● continued to paint various features that together formed the dramatic (6) ______ of New Mexico for over forty years\n● travelled widely by plane in later years, and painted pictures of clouds and (7) ______ seen from above', NULL, 'skyscrapers');
INSERT INTO IELTSQuestion (id, sectionId, questionIndex, questionType, questionText, passageText, options, correctAnswer) VALUES (142, 410, 4, 'fill_blank', '● eat mainly aquatic vegetation, such as ______', '## Summary\n\nThe life and work of Georgia O\'Keeffe\n● studied art, then worked as a (1) ______ in various places in the USA\n● created drawings using (2) ______ which were exhibited in New York City\n● moved to New York and became famous for her paintings of the city\'s (3) ______\n● produced a series of innovative close-up paintings of (4) ______\n● went to New Mexico and was initially inspired to paint the many (5) ______ that could be found there\n● continued to paint various features that together formed the dramatic (6) ______ of New Mexico for over forty years\n● travelled widely by plane in later years, and painted pictures of clouds and (7) ______ seen from above', NULL, 'flowers');
INSERT INTO IELTSQuestion (id, sectionId, questionIndex, questionType, questionText, passageText, options, correctAnswer) VALUES (143, 410, 5, 'fill_blank', '● grasp and pull up plants with their ______', '## Summary\n\nThe life and work of Georgia O\'Keeffe\n● studied art, then worked as a (1) ______ in various places in the USA\n● created drawings using (2) ______ which were exhibited in New York City\n● moved to New York and became famous for her paintings of the city\'s (3) ______\n● produced a series of innovative close-up paintings of (4) ______\n● went to New Mexico and was initially inspired to paint the many (5) ______ that could be found there\n● continued to paint various features that together formed the dramatic (6) ______ of New Mexico for over forty years\n● travelled widely by plane in later years, and painted pictures of clouds and (7) ______ seen from above', NULL, 'bones');
INSERT INTO IELTSQuestion (id, sectionId, questionIndex, questionType, questionText, passageText, options, correctAnswer) VALUES (144, 410, 6, 'fill_blank', '● may regulate the ______ of their bodies by using muscles of diaphragm to store air internally', '## Summary\n\nThe life and work of Georgia O\'Keeffe\n● studied art, then worked as a (1) ______ in various places in the USA\n● created drawings using (2) ______ which were exhibited in New York City\n● moved to New York and became famous for her paintings of the city\'s (3) ______\n● produced a series of innovative close-up paintings of (4) ______\n● went to New Mexico and was initially inspired to paint the many (5) ______ that could be found there\n● continued to paint various features that together formed the dramatic (6) ______ of New Mexico for over forty years\n● travelled widely by plane in later years, and painted pictures of clouds and (7) ______ seen from above', NULL, 'landscape');
INSERT INTO IELTSQuestion (id, sectionId, questionIndex, questionType, questionText, passageText, options, correctAnswer) VALUES (145, 410, 7, 'fill_blank', '**·**diet consists of fern fronds, various parts of a tree and ______', '## Summary\n\nThe life and work of Georgia O\'Keeffe\n● studied art, then worked as a (1) ______ in various places in the USA\n● created drawings using (2) ______ which were exhibited in New York City\n● moved to New York and became famous for her paintings of the city\'s (3) ______\n● produced a series of innovative close-up paintings of (4) ______\n● went to New Mexico and was initially inspired to paint the many (5) ______ that could be found there\n● continued to paint various features that together formed the dramatic (6) ______ of New Mexico for over forty years\n● travelled widely by plane in later years, and painted pictures of clouds and (7) ______ seen from above', NULL, 'rivers');
INSERT INTO IELTSQuestion (id, sectionId, questionIndex, questionType, questionText, passageText, options, correctAnswer) VALUES (146, 410, 8, 'true_false', 'Georgia O\'Keeffe\'s style was greatly influenced by the changing fashions in art over the seven decades of her career.', NULL, NULL, 'FALSE');
INSERT INTO IELTSQuestion (id, sectionId, questionIndex, questionType, questionText, passageText, options, correctAnswer) VALUES (147, 410, 9, 'true_false', 'When O\'Keeffe finished high school, she had already made her mind up about the career that she wanted.', NULL, NULL, 'TRUE');
INSERT INTO IELTSQuestion (id, sectionId, questionIndex, questionType, questionText, passageText, options, correctAnswer) VALUES (148, 410, 10, 'true_false', 'Alfred Stieglitz first discovered O\'Keeffe\'s work when she sent some abstract drawings to his gallery in New York City.', NULL, NULL, 'FALSE');
INSERT INTO IELTSQuestion (id, sectionId, questionIndex, questionType, questionText, passageText, options, correctAnswer) VALUES (149, 410, 11, 'true_false', 'O\'Keeffe was the subject of Stieglitz\'s photographic work for many years.', NULL, NULL, 'TRUE');
INSERT INTO IELTSQuestion (id, sectionId, questionIndex, questionType, questionText, passageText, options, correctAnswer) VALUES (150, 410, 12, 'true_false', 'O\'Keeffe\'s paintings of the patio of her house in Abiquiú were among the artist\'s favourite works.', NULL, NULL, 'NOT GIVEN');
INSERT INTO IELTSQuestion (id, sectionId, questionIndex, questionType, questionText, passageText, options, correctAnswer) VALUES (151, 410, 13, 'true_false', 'O\'Keeffe produced a greater quantity of work during the 1950s to 1970s than at any other time in her life.', NULL, NULL, 'NOT GIVEN');
INSERT INTO IELTSExamSection (id, examId, sectionIndex, title, instructions, audioUrl, imageUrl) VALUES (420, 40, 2, 'Passage 2: Adapting to the effects of climate change', 'A\nAll around the world, nations are already preparing for, and adapting to, climate change and its impacts. Even if we stopped all CO2 emissions tomorrow, we would continue to see the impact of the CO2 already released since industrial times, with scientists forecasting that global warming would continue for around 40 years. In the meantime, ice caps would continue to melt and sea levels rise. Some countries and regions will suffer more extreme impacts from these changes than others. It\'s in these places that innovation is thriving.\n\n\n\nB\nIn Miami Beach, Florida, USA, seawater isn\'t just breaching the island city\'s walls, it\'s seeping up through the ground, so the only way to save the city is to lift it up above sea level. Starting in the lowest and most vulnerable neighbourhoods, roads have been raised by as much as 61 centimetres. The elevation work was carried out as part of Miami Beach\'s ambitious but much-needed stormwater-management programme. In addition to the road adaptations, the city has set up new pumps that can remove up to 75,000 litres of water per minute. In the face of floods, climate-mitigation strategies have often been overlooked, says Yanira Pineda, a senior sustainability coordinator. She knows that they\'re essential and that the job is far from over. \'We know that in 20, 30, 40 years, we\'ll need to go back in there and adjust to the changing environment,\' she says.\n\n\n\nC\nSeawalls are a staple strategy for many coastal communities, but on the soft, muddy northern shores of Java, Indonesia, they frequently collapse, further exacerbating coastal erosion. There have been many attempts to restore the island\'s coastal mangroves: ecosystems of trees and shrubs that help defend coastal areas by trapping sediment in their net-like root systems, elevating the sea bed and dampening the energy of waves and tidal currents. But Susanna Tol of the not-for-profit organisation Wetlands International says that, while hugely popular, the majority of mangrove-planting projects fail. So, Wetlands International started out with a different approach, building semi-permeable dams, made from bamboo poles and brushwood, to mimic the role of mangrove roots and create favourable conditions for mangroves to grow back naturally. The programme has seen moderate success, mainly in areas with less subsidence. “Unfortunately, traditional infrastructure is often single-solution focused,\' says Tol. \'For long-term success, it\'s critical that we transition towards multifunctional approaches that embed natural processes and that engage and benefit communities and local decision-makers.”\n\n\n\nD\nAs the floodwaters rose in the rice fields of the Mekong Delta in September 2018, four small houses rose with them. Homes in this part of Vietnam are traditionally built on stilts but these ones had been built to float. The modifications were made by the Buoyant Foundation Project, a not-for-profit organisation that has been researching and retrofitting amphibious houses since 2006. \'When I started this,\' explains founder Elizabeth English, \'climate change was not on the tip of everybody\'s tongue, but this technology is becoming necessary in places that didn\'t previously need it.\' It\'s much cheaper than permanently elevating houses, English explains – about a third of what it would cost to completely replace a building\'s foundations. It also avoids the problem of taller houses being at greater risk from wind damage. Another plus comes from the fact that amphibious structures can be sensitively adapted to meet cultural needs and match the kind of houses that are already common in a community.\n\n\n\nE\nBangladesh is especially vulnerable to climate change. Most of the country is less than a metre above sea level and 80 per cent of its land lies on floodplains. \'Almost 35 million people living on the coastal belt of Bangladesh are currently affected by soil and water salinity,\' says Raisa Chowdhury of the international development organisation ICCO Cooperation. Rather than fighting against it, one project is helping communities adapt to salt-affected soils. ICCO Cooperation has been working with 10,000 farmers in Bangladesh to start cultivating naturally salt-tolerant crops in the region. Certain varieties of carrot, potato, kohlrabi, cabbage and beetroot have been found to be better suited to salty soil than the rice and wheat that is typically grown there. Chowdhury says that the results are very visible, comparing a barren plot of land to the \'beautiful, lush green vegetable garden\' sitting beside it, in which he and his team have been working with the farmers. Since the project began, farmers trained in saline agriculture have reported increases of two to three more harvests per year.\n\n\n\nF\nGreg Spotts from Los Angeles (LA) in the USA is chief sustainability officer of the city\'s street services department. He leads the Cool Streets LA programme, a series of pilot projects, which include the planting of trees and the installation of a \'cool pavement\' system, designed to help reach the city\'s goal of bringing down its average temperature by 1.5°C. \'Urban cooling is literally a matter of life and death for our future in LA,\' says Spotts. Using a Geographic Information System data mapping tool, the programme identified streets with low tree canopy cover in three of the city\'s neighbourhoods and covered them with a light-grey, light-reflecting coating, which had already been shown to lower road surface temperature in Los Angeles by 6°C. Spotts says one of these streets, in the Winnetka neighbourhood of San Fernando Valley, can now be seen as a pale crescent, the only cool spot on an otherwise red thermal image, from the International Space Station.\n\nReading Passage 2 has six paragraphs, A–F . Which paragraph contains the following information?\n\nComplete the sentences below. Choose ONE WORD ONLY from the passage for each answer.\n\nLook at the following statements (Questions 23–26) and the list of people below. Match each statement with the correct person, A–E .', NULL, NULL);
INSERT INTO IELTSQuestion (id, sectionId, questionIndex, questionType, questionText, passageText, options, correctAnswer) VALUES (152, 420, 14, 'matching', 'how a type of plant functions as a natural protection for coastlines', NULL, '["demonstrated independence","asked for teacher support","developed a competitive attitude","seemed to find the activity calming","seemed pleased with the results","seemed confused","seemed to find the activity easy"]', 'C');
INSERT INTO IELTSQuestion (id, sectionId, questionIndex, questionType, questionText, passageText, options, correctAnswer) VALUES (153, 420, 15, 'matching', 'a prediction about how long it could take to stop noticing the effects of climate change', NULL, '["demonstrated independence","asked for teacher support","developed a competitive attitude","seemed to find the activity calming","seemed pleased with the results","seemed confused","seemed to find the activity easy"]', 'A');
INSERT INTO IELTSQuestion (id, sectionId, questionIndex, questionType, questionText, passageText, options, correctAnswer) VALUES (154, 420, 16, 'matching', 'a reference to the fact that a solution is particularly cost-effective', NULL, '["demonstrated independence","asked for teacher support","developed a competitive attitude","seemed to find the activity calming","seemed pleased with the results","seemed confused","seemed to find the activity easy"]', 'D');
INSERT INTO IELTSQuestion (id, sectionId, questionIndex, questionType, questionText, passageText, options, correctAnswer) VALUES (155, 420, 17, 'matching', 'a mention of a technology used to locate areas most in need of intervention', NULL, '["demonstrated independence","asked for teacher support","developed a competitive attitude","seemed to find the activity calming","seemed pleased with the results","seemed confused","seemed to find the activity easy"]', 'F');
INSERT INTO IELTSQuestion (id, sectionId, questionIndex, questionType, questionText, passageText, options, correctAnswer) VALUES (156, 420, 18, 'fill_blank', 'But scientific studies suggest that procrastination is actually due to poor mood management. The tasks we are most likely to put off are those that could damage our self-esteem or cause us to feel ______ when we think about them. Research comparing chronic procrastinators with other people even found differences in the brain regions associated with regulating emotions and identifying ______.', NULL, NULL, 'pumps');
INSERT INTO IELTSQuestion (id, sectionId, questionIndex, questionType, questionText, passageText, options, correctAnswer) VALUES (157, 420, 19, 'fill_blank', 'But scientific studies suggest that procrastination is actually due to poor mood management. The tasks we are most likely to put off are those that could damage our self-esteem or cause us to feel ______ when we think about them. Research comparing chronic procrastinators with other people even found differences in the brain regions associated with regulating emotions and identifying ______.', NULL, NULL, 'dams');
INSERT INTO IELTSQuestion (id, sectionId, questionIndex, questionType, questionText, passageText, options, correctAnswer) VALUES (158, 420, 20, 'fill_blank', 'Emotionally loaded and difficult tasks often cause us to procrastinate. Getting ready to take ______ might be a typical example of one such task.', NULL, NULL, 'float');
INSERT INTO IELTSQuestion (id, sectionId, questionIndex, questionType, questionText, passageText, options, correctAnswer) VALUES (159, 420, 21, 'fill_blank', 'People who are likely to procrastinate tend to be either ______ or those with low self-esteem.', NULL, NULL, 'crops');
INSERT INTO IELTSQuestion (id, sectionId, questionIndex, questionType, questionText, passageText, options, correctAnswer) VALUES (160, 420, 22, 'fill_blank', 'Procrastination is only a short-term measure for managing emotions. It\'s often followed by a feeling of ______, which worsens our mood and leads to more procrastination.', NULL, NULL, 'trees');
INSERT INTO IELTSQuestion (id, sectionId, questionIndex, questionType, questionText, passageText, options, correctAnswer) VALUES (161, 420, 23, 'matching', 'It is essential to adopt strategies which involve and help residents of the region.', NULL, '["demonstrated independence","asked for teacher support","developed a competitive attitude","seemed to find the activity calming","seemed pleased with the results","seemed confused","seemed to find the activity easy"]', 'seemed to find the activity calming');
INSERT INTO IELTSQuestion (id, sectionId, questionIndex, questionType, questionText, passageText, options, correctAnswer) VALUES (162, 420, 24, 'matching', 'Interventions which reduce heat are absolutely vital for our survival in this location.', NULL, '["demonstrated independence","asked for teacher support","developed a competitive attitude","seemed to find the activity calming","seemed pleased with the results","seemed confused","seemed to find the activity easy"]', 'demonstrated independence');
INSERT INTO IELTSQuestion (id, sectionId, questionIndex, questionType, questionText, passageText, options, correctAnswer) VALUES (163, 420, 25, 'matching', 'More work will need to be done in future decades to deal with the impact of rising water levels.', NULL, '["demonstrated independence","asked for teacher support","developed a competitive attitude","seemed to find the activity calming","seemed pleased with the results","seemed confused","seemed to find the activity easy"]', 'developed a competitive attitude');
INSERT INTO IELTSQuestion (id, sectionId, questionIndex, questionType, questionText, passageText, options, correctAnswer) VALUES (164, 420, 26, 'matching', 'The number of locations requiring action to adapt to flooding has grown in recent years.', NULL, '["demonstrated independence","asked for teacher support","developed a competitive attitude","seemed to find the activity calming","seemed pleased with the results","seemed confused","seemed to find the activity easy"]', 'seemed to find the activity easy');
INSERT INTO IELTSExamSection (id, examId, sectionIndex, title, instructions, audioUrl, imageUrl) VALUES (430, 40, 3, 'Passage 3: A new role for livestock guard dogs', 'Livestock guard dogs, traditionally used to protect farm animals from predators, are now being used to protect the predators themselves\n\n\n\nA\nFor thousands of years, livestock guard dogs worked alongside shepherds to protect their sheep, goats and cattle from predators such as wolves and bears. But in the 19th and 20th centuries, when such predators were largely exterminated, most guard dogs lost their jobs. In recent years, however, as increased efforts have been made to protect wild animals, predators have become more widespread again. As a result, farmers once more need to protect their livestock, and guard dogs are enjoying an unexpected revival.\n\n\n\nB\nToday there are around 50 breeds of guard dogs on duty in various parts of the world. These dogs are raised from an early age with the animals they will be watching and eventually these animals become the dog\'s family. The dogs will place themselves between the livestock and any threat, barking loudly. If necessary, they will chase away predators, but often their mere presence is sufficient. \'Their initial training is to make them understand that livestock is going to be their life,\' says Dan Macon, a shepherd with three guard dogs. \'A fluffy white puppy is fun to be around, but too much human affection makes it a great dog for guarding the front porch, rather than a great livestock guard dog.\'\n\n\n\nC\nThe evidence indicates that guard dogs are highly effective. For example, in Portugal, biologist Silvia Ribeiro has found that more than 90 per cent of the farmers participating in a programme to train and use guard dogs to protect their herds against attack from wolves rate the performance of the dogs as very good or excellent. In a study carried out in Australia by Linda van Bommel and Chris Johnson at the University of Tasmania, more than 65 per cent of herders reported that predation stopped completely after they got the dogs, and almost all the rest saw a decrease in attacks. \'If they are managed and used properly, livestock guard dogs are the most efficient control method that we have in terms of the amount of livestock that they save from predation,\' says van Bommel.\n\n\n\nD\nBut today\'s guard dogs also have a new role – to help preserve the predators. It is hoped that reductions in livestock losses can make farmers more tolerant of predators and less likely to kill them. In Namibia, more than 90 per cent of cheetahs live outside protected areas, close to humans raising livestock. As a result, the cheetahs are often held responsible for animal losses, and large numbers have been killed by farmers. When guard dogs were introduced, more than 90 per cent of farmers reported a dramatic reduction in livestock losses, and said that as a result they were less likely to kill predators. Julie Young, at Utah State University in the US, believes this result applies widely. “There is common ground from the livestock perspective and from the conservation perspective,\' she says. \'If ranchers don\'t have a dead cow, they will not make a call to apply for a permit to kill a wolf.”\n\n\n\nE\nLooking at all the published evidence, Bethany Smith at Nottingham Trent University in the UK found that up to 88 per cent of farmers said they no longer killed predators after using dogs – but warned that such self-reported results must be taken with a pinch of salt. What\'s more, it is possible that livestock guard dogs merely displace predators to unprotected neighbouring properties, where their fate isn\'t recorded. \'In some regions, we work with almost every farmer, but in others only one or two have dogs,\' says Ribeiro. \'If we are not working with everybody, we are transferring the wolf pressure to the neighbour\'s herd and he can use poison and kill an entire pack of wolves.\'\n\n\n\nF\nAnother concern is whether there may be unintended ecological effects of using guard dogs. Studies suggest that reducing deaths of one type of predator may have a negative impact on other species. The extent of this problem isn\'t known, but the consequences are clear in Namibia. Cheetahs aren\'t the only species that cause sheep and goat losses there: other predators also attack livestock. In 2015, researchers reported that in spite of the impact farmers obtaining guard dogs had on cheetahs, the number of jackals killed by dogs and people actually increased. Guard dogs have other ecological impacts too. They have been found to spread diseases to wild animals, including endangered Ethiopian wolves. They may also compete with other carnivores for food. And by creating a \'landscape of fear\', their mere presence can influence the behaviour of prey animals.\n\n\n\nG\nThe evidence so far, however, indicates that these consequences aren\'t always negative. Guard dogs can deliver unexpected benefits by protecting vulnerable wildlife from predators. For example, their presence has been found to protect birds which build their nests on the ground in fields, where foxes would normally raid them. Indeed, Australian researchers are now using dogs to enhance biodiversity and create refuges for species threatened by predation. So if we can get this right, there may be a bright future for guard dogs in promoting harmonious coexistence between humans and wildlife.\n\nReading Passage 3 has seven paragraphs, A–G. Which paragraph contains the following information? NB You may use any letter more than once.\n\nLook at the following statements (Questions 32–36) and the list of people below. Match each statement with the correct person, A–E .\n\nComplete the summary below. Choose ONE WORD ONLY from the passage for each answer.', NULL, NULL);
INSERT INTO IELTSQuestion (id, sectionId, questionIndex, questionType, questionText, passageText, options, correctAnswer) VALUES (165, 430, 27, 'matching', 'an example of how one predator has been protected by the introduction of livestock guard dogs', NULL, '["A","B","C","D","E","F"]', 'C');
INSERT INTO IELTSQuestion (id, sectionId, questionIndex, questionType, questionText, passageText, options, correctAnswer) VALUES (166, 430, 28, 'matching', 'an optimistic suggestion about the possible positive developments in the use of livestock guard dogs', NULL, '["A","B","C","D","E","F"]', 'F');
INSERT INTO IELTSQuestion (id, sectionId, questionIndex, questionType, questionText, passageText, options, correctAnswer) VALUES (167, 430, 29, 'matching', 'a description of how the methods used by livestock guard dogs help to keep predators away', NULL, '["A","B","C","D","E","F"]', 'A');
INSERT INTO IELTSQuestion (id, sectionId, questionIndex, questionType, questionText, passageText, options, correctAnswer) VALUES (168, 430, 30, 'matching', 'claims by different academics that the use of livestock guard dogs is a successful way of protecting farmers\' herds', NULL, '["A","B","C","D","E","F"]', 'E');
INSERT INTO IELTSQuestion (id, sectionId, questionIndex, questionType, questionText, passageText, options, correctAnswer) VALUES (169, 430, 31, 'matching', 'a reference to how livestock guard dogs gain their skills', NULL, '["A","B","C","D","E","F"]', 'B');
INSERT INTO IELTSQuestion (id, sectionId, questionIndex, questionType, questionText, passageText, options, correctAnswer) VALUES (170, 430, 32, 'matching', 'The use of guard dogs may save the lives of both livestock and wild animals.', NULL, '["A","B","C","D","E","F"]', 'Julie Young');
INSERT INTO IELTSQuestion (id, sectionId, questionIndex, questionType, questionText, passageText, options, correctAnswer) VALUES (171, 430, 33, 'matching', 'Claims of a change in behaviour from those using livestock guard dogs may not be totally accurate.', NULL, '["A","B","C","D","E","F"]', 'Bethany Smith');
INSERT INTO IELTSQuestion (id, sectionId, questionIndex, questionType, questionText, passageText, options, correctAnswer) VALUES (172, 430, 34, 'matching', 'There may be negative results if the use of livestock guard dogs is not sufficiently widespread.', NULL, '["A","B","C","D","E","F"]', 'Silvia Ribeiro');
INSERT INTO IELTSQuestion (id, sectionId, questionIndex, questionType, questionText, passageText, options, correctAnswer) VALUES (173, 430, 35, 'matching', 'Livestock guard dogs are the best way of protecting farm animals, as long as the dogs are appropriately handled.', NULL, '["A","B","C","D","E","F"]', 'Linda van Bommel');
INSERT INTO IELTSQuestion (id, sectionId, questionIndex, questionType, questionText, passageText, options, correctAnswer) VALUES (174, 430, 36, 'matching', 'Teaching a livestock guard dog how to do its work needs a different focus from teaching a house guard dog.', NULL, '["A","B","C","D","E","F"]', 'Dan Macon');
INSERT INTO IELTSQuestion (id, sectionId, questionIndex, questionType, questionText, passageText, options, correctAnswer) VALUES (175, 430, 37, 'fill_blank', 'In the past, ______ over strike calls were not uncommon, but today everyone accepts the complete ban on pushing or shoving the umpire. One difference, however, is that during the first game DeJesus used ABS, strike calls were met with ______.', '## Summary\n\nUnintended ecological effects of using guard dogs\nIn Namibia, livestock guard dogs have been used to protect domestic animals from attacks by cheetahs. This has led to a rise in the deaths of other predators, particularly (37) ______. In addition, it has been suggested that the dogs could have (38) ______ which may affect other species, and that they may reduce the amount of (39) ______ available to certain wild animals. On the other hand, these dogs may help birds by protecting their nests. These might otherwise be threatened by predators such as (40) ______.', NULL, 'jackals');
INSERT INTO IELTSQuestion (id, sectionId, questionIndex, questionType, questionText, passageText, options, correctAnswer) VALUES (176, 430, 38, 'fill_blank', 'What potential advance does Rees see as a cause for concern?', '## Summary\n\nUnintended ecological effects of using guard dogs\nIn Namibia, livestock guard dogs have been used to protect domestic animals from attacks by cheetahs. This has led to a rise in the deaths of other predators, particularly (37) ______. In addition, it has been suggested that the dogs could have (38) ______ which may affect other species, and that they may reduce the amount of (39) ______ available to certain wild animals. On the other hand, these dogs may help birds by protecting their nests. These might otherwise be threatened by predators such as (40) ______.', NULL, 'diseases');
INSERT INTO IELTSQuestion (id, sectionId, questionIndex, questionType, questionText, passageText, options, correctAnswer) VALUES (177, 430, 39, 'fill_blank', 'What does Wolpert emphasise in his response to the question about science fiction?', '## Summary\n\nUnintended ecological effects of using guard dogs\nIn Namibia, livestock guard dogs have been used to protect domestic animals from attacks by cheetahs. This has led to a rise in the deaths of other predators, particularly (37) ______. In addition, it has been suggested that the dogs could have (38) ______ which may affect other species, and that they may reduce the amount of (39) ______ available to certain wild animals. On the other hand, these dogs may help birds by protecting their nests. These might otherwise be threatened by predators such as (40) ______.', NULL, 'food');
INSERT INTO IELTSQuestion (id, sectionId, questionIndex, questionType, questionText, passageText, options, correctAnswer) VALUES (178, 430, 40, 'fill_blank', 'What is Richardson doing in her comment about reality and fantasy?', '## Summary\n\nUnintended ecological effects of using guard dogs\nIn Namibia, livestock guard dogs have been used to protect domestic animals from attacks by cheetahs. This has led to a rise in the deaths of other predators, particularly (37) ______. In addition, it has been suggested that the dogs could have (38) ______ which may affect other species, and that they may reduce the amount of (39) ______ available to certain wild animals. On the other hand, these dogs may help birds by protecting their nests. These might otherwise be threatened by predators such as (40) ______.', NULL, 'foxes');
INSERT INTO IELTSExam (id, title, type, totalQuestions) VALUES (2001, '剑桥雅思 20 - Test 1 听力', 'listening', 40);
INSERT INTO IELTSExamSection (id, examId, sectionIndex, title, instructions, audioUrl, imageUrl) VALUES (20011, 2001, 1, 'Part 1: Name of Restaurant', 'Complete the notes below. Write ONE WORD AND/OR A NUMBER for each answer.', 'https://yxzm-audio.oss-cn-beijing.aliyuncs.com/Cambridge-IELTS-20/T1/S1.mp3', NULL);
INSERT INTO IELTSQuestion (id, sectionId, questionIndex, questionType, questionText, passageText, options, correctAnswer) VALUES (2004291, 20011, 1, 'fill_blank', '', '[table]\n| Name of restaurant | Location | Reason for recommendation | Other comments |\n| The Junction | Greyson Street, near the station | Good for people who are especially keen on ______ | Quite expensive The ______ is a good place for a drink |\n| Paloma | In Bow Street next to the cinema | ______ food, good for sharing | Staff are very friendly Need to pay £50 deposit A limited selection of ______ food on the menu |\n| The ______ | At the top of a ______ | A famous chef All the ______ are very good Only uses ______ ingredients | Set lunch costs £ ______ per person Portions probably of ______ size |\n', NULL, 'fish');
INSERT INTO IELTSQuestion (id, sectionId, questionIndex, questionType, questionText, passageText, options, correctAnswer) VALUES (2004292, 20011, 2, 'fill_blank', '', NULL, NULL, 'roof');
INSERT INTO IELTSQuestion (id, sectionId, questionIndex, questionType, questionText, passageText, options, correctAnswer) VALUES (2004293, 20011, 3, 'fill_blank', '', NULL, NULL, 'Spanish');
INSERT INTO IELTSQuestion (id, sectionId, questionIndex, questionType, questionText, passageText, options, correctAnswer) VALUES (2004294, 20011, 4, 'fill_blank', '', NULL, NULL, 'vegetarian');
INSERT INTO IELTSQuestion (id, sectionId, questionIndex, questionType, questionText, passageText, options, correctAnswer) VALUES (2004295, 20011, 5, 'fill_blank', '', NULL, NULL, 'Audley');
INSERT INTO IELTSQuestion (id, sectionId, questionIndex, questionType, questionText, passageText, options, correctAnswer) VALUES (2004296, 20011, 6, 'fill_blank', '', NULL, NULL, 'hotel');
INSERT INTO IELTSQuestion (id, sectionId, questionIndex, questionType, questionText, passageText, options, correctAnswer) VALUES (2004297, 20011, 7, 'fill_blank', '', NULL, NULL, 'reviews');
INSERT INTO IELTSQuestion (id, sectionId, questionIndex, questionType, questionText, passageText, options, correctAnswer) VALUES (2004298, 20011, 8, 'fill_blank', '', NULL, NULL, 'local');
INSERT INTO IELTSQuestion (id, sectionId, questionIndex, questionType, questionText, passageText, options, correctAnswer) VALUES (2004299, 20011, 9, 'fill_blank', '', NULL, NULL, '30|thirty');
INSERT INTO IELTSQuestion (id, sectionId, questionIndex, questionType, questionText, passageText, options, correctAnswer) VALUES (2004300, 20011, 10, 'fill_blank', '', NULL, NULL, 'average');
INSERT INTO IELTSExamSection (id, examId, sectionIndex, title, instructions, audioUrl, imageUrl) VALUES (20012, 2001, 2, 'Part 2: Pottery', 'Choose the correct letter, A, B or C .\n\nChoose TWO letters, A–E .', 'https://yxzm-audio.oss-cn-beijing.aliyuncs.com/Cambridge-IELTS-20/T1/S2.mp3', NULL);
INSERT INTO IELTSQuestion (id, sectionId, questionIndex, questionType, questionText, passageText, options, correctAnswer) VALUES (2004301, 20012, 11, 'multiple_choice', 'Heather says pottery differs from other art forms because', NULL, '["A. it lasts longer in the ground.","B. it is practised by more people.","C. it can be repaired more easily."]', 'A. it lasts longer in the ground.');
INSERT INTO IELTSQuestion (id, sectionId, questionIndex, questionType, questionText, passageText, options, correctAnswer) VALUES (2004302, 20012, 12, 'multiple_choice', 'Archaeologists sometimes identify the use of ancient pottery from', NULL, '["A. the clay it was made with.","B. the marks that are on it.","C. the basic shape of it."]', 'B. the marks that are on it.');
INSERT INTO IELTSQuestion (id, sectionId, questionIndex, questionType, questionText, passageText, options, correctAnswer) VALUES (2004303, 20012, 13, 'multiple_choice', 'Some people join Heather\'s pottery class because they want to', NULL, '["A. create an item that looks very old.","B. find something that they are good at.","C. make something that will outlive them."]', 'C. make something that will outlive them.');
INSERT INTO IELTSQuestion (id, sectionId, questionIndex, questionType, questionText, passageText, options, correctAnswer) VALUES (2004304, 20012, 14, 'multiple_choice', 'What does Heather value most about being a potter?', NULL, '["A. its calming effect","B. its messy nature","C. its physical benefits"]', 'A. its calming effect');
INSERT INTO IELTSQuestion (id, sectionId, questionIndex, questionType, questionText, passageText, options, correctAnswer) VALUES (2004305, 20012, 15, 'multiple_choice', 'Most of the visitors to Edelman Pottery', NULL, '["A. bring friends to join courses.","B. have never made a pot before.","C. try to learn techniques too quickly."]', 'B. have never made a pot before.');
INSERT INTO IELTSQuestion (id, sectionId, questionIndex, questionType, questionText, passageText, options, correctAnswer) VALUES (2004306, 20012, 16, 'multiple_choice', 'Heather reminds her visitors that they should', NULL, '["A. put on their aprons.","B. change their clothes.","C. take off their jewellery."]', 'C. take off their jewellery.');
INSERT INTO IELTSQuestion (id, sectionId, questionIndex, questionType, questionText, passageText, options, correctAnswer) VALUES (2004307, 20012, 17, 'multiple_choice', 'Which **TWO** things does Heather explain about kilns?', NULL, '["A. what their function is","B. when they were invented","C. ways of keeping them safe","D. where to put one in your home","E. what some people use instead of one"]', 'A. what their function is');
INSERT INTO IELTSQuestion (id, sectionId, questionIndex, questionType, questionText, passageText, options, correctAnswer) VALUES (2004308, 20012, 18, 'multiple_choice', 'Which **TWO** things does Heather explain about kilns? (second)', NULL, '["A. what their function is","B. when they were invented","C. ways of keeping them safe","D. where to put one in your home","E. what some people use instead of one"]', 'E. what some people use instead of one');
INSERT INTO IELTSQuestion (id, sectionId, questionIndex, questionType, questionText, passageText, options, correctAnswer) VALUES (2004309, 20012, 19, 'multiple_choice', 'Which **TWO** points does Heather make about a potter\'s tools?', NULL, '["A. Some are hard to hold.","B. Some are worth buying.","C. Some are essential items.","D. Some have memorable names.","E. Some are available for use by participants."]', 'C. Some are essential items.');
INSERT INTO IELTSQuestion (id, sectionId, questionIndex, questionType, questionText, passageText, options, correctAnswer) VALUES (2004310, 20012, 20, 'multiple_choice', 'Which **TWO** points does Heather make about a potters tools? (second)', NULL, '["A. Some are hard to hold.","B. Some are worth buying.","C. Some are essential items.","D. Some have memorable names.","E. Some are available for use by participants."]', 'E. Some are available for use by participants.');
INSERT INTO IELTSExamSection (id, examId, sectionIndex, title, instructions, audioUrl, imageUrl) VALUES (20013, 2001, 3, 'Part 3: Loneliness Study', 'Choose TWO letters, A–E .\n\nChoose the correct letter, A, B or C .', 'https://yxzm-audio.oss-cn-beijing.aliyuncs.com/Cambridge-IELTS-20/T1/S3.mp3', NULL);
INSERT INTO IELTSQuestion (id, sectionId, questionIndex, questionType, questionText, passageText, options, correctAnswer) VALUES (2004311, 20013, 21, 'multiple_choice', 'Which **TWO** things do the students both believe are responsible for the increase in loneliness?', NULL, '["A. social media","B. smaller nuclear families","C. urban design","D. longer lifespans","E. a mobile workforce"]', 'C. urban design');
INSERT INTO IELTSQuestion (id, sectionId, questionIndex, questionType, questionText, passageText, options, correctAnswer) VALUES (2004312, 20013, 22, 'multiple_choice', '(second answer)', NULL, '["A. social media","B. smaller nuclear families","C. urban design","D. longer lifespans","E. a mobile workforce"]', 'E. a mobile workforce');
INSERT INTO IELTSQuestion (id, sectionId, questionIndex, questionType, questionText, passageText, options, correctAnswer) VALUES (2004313, 20013, 23, 'multiple_choice', 'Which **TWO** health risks associated with loneliness do the students agree are based on solid evidence?', NULL, '["A. a weakened immune system","B. dementia","C. cancer","D. obesity","E. cardiovascular disease"]', 'A. a weakened immune system');
INSERT INTO IELTSQuestion (id, sectionId, questionIndex, questionType, questionText, passageText, options, correctAnswer) VALUES (2004314, 20013, 24, 'multiple_choice', '(second answer)', NULL, '["A. a weakened immune system","B. dementia","C. cancer","D. obesity","E. cardiovascular disease"]', 'C. cancer');
INSERT INTO IELTSQuestion (id, sectionId, questionIndex, questionType, questionText, passageText, options, correctAnswer) VALUES (2004315, 20013, 25, 'multiple_choice', 'Which **TWO** opinions do both the students express about the evolutionary theory of loneliness?', NULL, '["A. It has little practical relevance.","B. It needs further investigation.","C. It is misleading.","D. It should be more widely accepted.","E. It is difficult to understand."]', 'A. It has little practical relevance.');
INSERT INTO IELTSQuestion (id, sectionId, questionIndex, questionType, questionText, passageText, options, correctAnswer) VALUES (2004316, 20013, 26, 'multiple_choice', '(second answer)', NULL, '["A. It has little practical relevance.","B. It needs further investigation.","C. It is misleading.","D. It should be more widely accepted.","E. It is difficult to understand."]', 'B. It needs further investigation.');
INSERT INTO IELTSQuestion (id, sectionId, questionIndex, questionType, questionText, passageText, options, correctAnswer) VALUES (2004317, 20013, 27, 'multiple_choice', 'When comparing loneliness to depression, the students', NULL, '["A. doubt that there will ever be a medical cure for loneliness.","B. claim that the link between loneliness and mental health is overstated.","C. express frustration that loneliness is not taken more seriously."]', 'A. doubt that there will ever be a medical cure for loneliness.');
INSERT INTO IELTSQuestion (id, sectionId, questionIndex, questionType, questionText, passageText, options, correctAnswer) VALUES (2004318, 20013, 28, 'multiple_choice', 'Why do the students decide to start their presentation with an example from their  own experience?', NULL, '["A. to explain how difficult loneliness can be","B. to highlight a situation that most students will recognise","C. to emphasise that feeling lonely is more common for men than women"]', 'B. to highlight a situation that most students will recognise');
INSERT INTO IELTSQuestion (id, sectionId, questionIndex, questionType, questionText, passageText, options, correctAnswer) VALUES (2004319, 20013, 29, 'multiple_choice', 'The students agree that talking to strangers is a good strategy for dealing with loneliness because', NULL, '["A. it creates a sense of belonging.","B. it builds self-confidence.","C. it makes people feel more positive."]', 'A. it creates a sense of belonging.');
INSERT INTO IELTSQuestion (id, sectionId, questionIndex, questionType, questionText, passageText, options, correctAnswer) VALUES (2004320, 20013, 30, 'multiple_choice', 'The students find it difficult to understand why solitude is considered to be', NULL, '["A. similar to loneliness.","B. necessary for mental health.","C. an enjoyable experience."]', 'C. an enjoyable experience.');
INSERT INTO IELTSExamSection (id, examId, sectionIndex, title, instructions, audioUrl, imageUrl) VALUES (20014, 2001, 4, 'Part 4: Reclaiming Urban Rivers', 'Complete the notes below. Write ONE WORD ONLY for each answer.', 'https://yxzm-audio.oss-cn-beijing.aliyuncs.com/Cambridge-IELTS-20/T1/S4.mp3', NULL);
INSERT INTO IELTSQuestion (id, sectionId, questionIndex, questionType, questionText, passageText, options, correctAnswer) VALUES (2004321, 20014, 31, 'fill_blank', NULL, '[note]\n# Reclaiming urban rivers\n## Historical background\n● Nearly all major cities were built on a river.\n● Rivers were traditionally used by city dwellers for transport, fishing and recreation.\n● Industrial development and rising populations later led to:\n○ more sewage from houses being discharged into the river\n○ pollution from {Q31} on the river bank.\n● In 1957, the River Thames in London was declared biologically {Q32} .\n## Recent improvements\n● Seals and even a {Q33} have been seen in the River Thames.\n● Riverside warehouses are converted to restaurants and {Q34}\n● In Los Angeles, there are plans to:\n○ build a riverside {Q35}\n○ display {Q36} projects.\n● In Paris, {Q37} are created on the sides of the river every summer.\n## Transport possibilities\n● Over 2 billion passengers already travel by {Q38} in cities round the world.\n● Changes in shopping habits mean the number of deliveries that are made is increasing.\n● Instead of road transport, goods could be transported by large freight barges and electric {Q39} or, in future, by {Q40} .', NULL, 'factories');
INSERT INTO IELTSQuestion (id, sectionId, questionIndex, questionType, questionText, passageText, options, correctAnswer) VALUES (2004322, 20014, 32, 'fill_blank', NULL, NULL, NULL, 'dead');
INSERT INTO IELTSQuestion (id, sectionId, questionIndex, questionType, questionText, passageText, options, correctAnswer) VALUES (2004323, 20014, 33, 'fill_blank', NULL, NULL, NULL, 'whale');
INSERT INTO IELTSQuestion (id, sectionId, questionIndex, questionType, questionText, passageText, options, correctAnswer) VALUES (2004324, 20014, 34, 'fill_blank', NULL, NULL, NULL, 'apartments');
INSERT INTO IELTSQuestion (id, sectionId, questionIndex, questionType, questionText, passageText, options, correctAnswer) VALUES (2004325, 20014, 35, 'fill_blank', NULL, NULL, NULL, 'park');
INSERT INTO IELTSQuestion (id, sectionId, questionIndex, questionType, questionText, passageText, options, correctAnswer) VALUES (2004326, 20014, 36, 'fill_blank', NULL, NULL, NULL, 'art');
INSERT INTO IELTSQuestion (id, sectionId, questionIndex, questionType, questionText, passageText, options, correctAnswer) VALUES (2004327, 20014, 37, 'fill_blank', NULL, NULL, NULL, 'beaches');
INSERT INTO IELTSQuestion (id, sectionId, questionIndex, questionType, questionText, passageText, options, correctAnswer) VALUES (2004328, 20014, 38, 'fill_blank', NULL, NULL, NULL, 'ferry');
INSERT INTO IELTSQuestion (id, sectionId, questionIndex, questionType, questionText, passageText, options, correctAnswer) VALUES (2004329, 20014, 39, 'fill_blank', NULL, NULL, NULL, 'bikes');
INSERT INTO IELTSQuestion (id, sectionId, questionIndex, questionType, questionText, passageText, options, correctAnswer) VALUES (2004330, 20014, 40, 'fill_blank', NULL, NULL, NULL, 'drone');
INSERT INTO IELTSExam (id, title, type, totalQuestions) VALUES (2002, '剑桥雅思 20 - Test 2 听力', 'listening', 40);
INSERT INTO IELTSExamSection (id, examId, sectionIndex, title, instructions, audioUrl, imageUrl) VALUES (20021, 2002, 1, 'Part 1: Elderly Care Support', 'Complete the table below. Write ONE WORD AND/OR A NUMBER for each answer.', 'https://yxzm-audio.oss-cn-beijing.aliyuncs.com/Cambridge-IELTS-20/T2/S1.mp3', NULL);
INSERT INTO IELTSQuestion (id, sectionId, questionIndex, questionType, questionText, passageText, options, correctAnswer) VALUES (2004331, 20021, 1, 'fill_blank', '● a ______', '[note]\nLocal councils can arrange practical support to help those caring for elderly people at home.\nThis can give the carer:\n● time for other responsibilities\n● a {Q1}\n## Assessment of mother\'s needs\nThis may include discussion of:\n● how much {Q2} the caring involves\n● what types of tasks are involved, e.g.\n○ help with dressing\n○ helping her have a {Q3}\n○ shopping\n○ helping with meals\n○ dealing with {Q4}\n● any aspects of caring that are especially difficult, e.g.\n○ loss of {Q5}\n○ {Q6} her\n○ preventing a {Q7}\n## Types of support that may be offered to carers\n● transport costs, e.g. cost of a {Q8}\n● car-related costs, e.g. fuel and {Q9}\n● help with housework\n● help to reduce {Q10}', NULL, 'break');
INSERT INTO IELTSQuestion (id, sectionId, questionIndex, questionType, questionText, passageText, options, correctAnswer) VALUES (2004332, 20021, 2, 'fill_blank', '● how much ______ the caring involves', NULL, NULL, 'time');
INSERT INTO IELTSQuestion (id, sectionId, questionIndex, questionType, questionText, passageText, options, correctAnswer) VALUES (2004333, 20021, 3, 'fill_blank', '○ helping her have a ______', NULL, NULL, 'shower');
INSERT INTO IELTSQuestion (id, sectionId, questionIndex, questionType, questionText, passageText, options, correctAnswer) VALUES (2004334, 20021, 4, 'fill_blank', '○ dealing with ______', NULL, NULL, 'money');
INSERT INTO IELTSQuestion (id, sectionId, questionIndex, questionType, questionText, passageText, options, correctAnswer) VALUES (2004335, 20021, 5, 'fill_blank', '○ loss of ______', NULL, NULL, 'memory');
INSERT INTO IELTSQuestion (id, sectionId, questionIndex, questionType, questionText, passageText, options, correctAnswer) VALUES (2004336, 20021, 6, 'fill_blank', '○ ______ her', NULL, NULL, 'lifting');
INSERT INTO IELTSQuestion (id, sectionId, questionIndex, questionType, questionText, passageText, options, correctAnswer) VALUES (2004337, 20021, 7, 'fill_blank', '○ preventing a ______', NULL, NULL, 'fall');
INSERT INTO IELTSQuestion (id, sectionId, questionIndex, questionType, questionText, passageText, options, correctAnswer) VALUES (2004338, 20021, 8, 'fill_blank', '● transport costs, e.g. cost of a ______', NULL, NULL, 'taxi');
INSERT INTO IELTSQuestion (id, sectionId, questionIndex, questionType, questionText, passageText, options, correctAnswer) VALUES (2004339, 20021, 9, 'fill_blank', '● car-related costs, e.g. fuel and ______', NULL, NULL, 'insurance');
INSERT INTO IELTSQuestion (id, sectionId, questionIndex, questionType, questionText, passageText, options, correctAnswer) VALUES (2004340, 20021, 10, 'fill_blank', '● help to reduce ______', NULL, NULL, 'stress');
INSERT INTO IELTSExamSection (id, examId, sectionIndex, title, instructions, audioUrl, imageUrl) VALUES (20022, 2002, 2, 'Part 2: Community Volunteers', 'What is the role of the volunteers in each of the following activities? Choose SIX answers from the box and write the correct letter, A-I, next to Questions 11-16.\n\nChoose the correct letter, A, B or C .', 'https://yxzm-audio.oss-cn-beijing.aliyuncs.com/Cambridge-IELTS-20/T2/S2.mp3', NULL);
INSERT INTO IELTSQuestion (id, sectionId, questionIndex, questionType, questionText, passageText, options, correctAnswer) VALUES (2004341, 20022, 11, 'matching', 'walking around the town centre', NULL, '["providing entertainment","providing publicity about a council service","contacting local businesses","giving advice to visitors","collecting feedback on events","selling tickets","introducing guest speakers at an event","encouraging cooperation between local organisations","helping people find their seats"]', 'giving advice to visitors');
INSERT INTO IELTSQuestion (id, sectionId, questionIndex, questionType, questionText, passageText, options, correctAnswer) VALUES (2004342, 20022, 12, 'matching', 'helping at concerts', NULL, '["providing entertainment","providing publicity about a council service","contacting local businesses","giving advice to visitors","collecting feedback on events","selling tickets","introducing guest speakers at an event","encouraging cooperation between local organisations","helping people find their seats"]', 'helping people find their seats');
INSERT INTO IELTSQuestion (id, sectionId, questionIndex, questionType, questionText, passageText, options, correctAnswer) VALUES (2004343, 20022, 13, 'matching', 'getting involved with community groups', NULL, '["providing entertainment","providing publicity about a council service","contacting local businesses","giving advice to visitors","collecting feedback on events","selling tickets","introducing guest speakers at an event","encouraging cooperation between local organisations","helping people find their seats"]', 'encouraging cooperation between local organisations');
INSERT INTO IELTSQuestion (id, sectionId, questionIndex, questionType, questionText, passageText, options, correctAnswer) VALUES (2004344, 20022, 14, 'matching', 'helping with a magazine', NULL, '["providing entertainment","providing publicity about a council service","contacting local businesses","giving advice to visitors","collecting feedback on events","selling tickets","introducing guest speakers at an event","encouraging cooperation between local organisations","helping people find their seats"]', 'collecting feedback on events');
INSERT INTO IELTSQuestion (id, sectionId, questionIndex, questionType, questionText, passageText, options, correctAnswer) VALUES (2004345, 20022, 15, 'matching', 'participating at lunches for retired people', NULL, '["providing entertainment","providing publicity about a council service","contacting local businesses","giving advice to visitors","collecting feedback on events","selling tickets","introducing guest speakers at an event","encouraging cooperation between local organisations","helping people find their seats"]', 'providing entertainment');
INSERT INTO IELTSQuestion (id, sectionId, questionIndex, questionType, questionText, passageText, options, correctAnswer) VALUES (2004346, 20022, 16, 'matching', 'helping with the website', NULL, '["providing entertainment","providing publicity about a council service","contacting local businesses","giving advice to visitors","collecting feedback on events","selling tickets","introducing guest speakers at an event","encouraging cooperation between local organisations","helping people find their seats"]', 'providing publicity about a council service');
INSERT INTO IELTSQuestion (id, sectionId, questionIndex, questionType, questionText, passageText, options, correctAnswer) VALUES (2004347, 20022, 17, 'multiple_choice', 'Which event requires the largest number of volunteers?', NULL, '["A. the music festival","B. the science festival","C. the book festival"]', 'B. the science festival');
INSERT INTO IELTSQuestion (id, sectionId, questionIndex, questionType, questionText, passageText, options, correctAnswer) VALUES (2004348, 20022, 18, 'multiple_choice', 'What is the most important requirement for volunteers at the festivals?', NULL, '["A. interpersonal skills","B. personal interest in the event","C. flexibility"]', 'A. interpersonal skills');
INSERT INTO IELTSQuestion (id, sectionId, questionIndex, questionType, questionText, passageText, options, correctAnswer) VALUES (2004349, 20022, 19, 'multiple_choice', 'New volunteers will start working in the week beginning', NULL, '["A. 2 September.","B. 9 September.","C. 23 September."]', 'B. 9 September.');
INSERT INTO IELTSQuestion (id, sectionId, questionIndex, questionType, questionText, passageText, options, correctAnswer) VALUES (2004350, 20022, 20, 'multiple_choice', 'What is the next annual event for volunteers?', NULL, '["A. a boat trip","B. a barbecue","C. a party"]', 'A. a boat trip');
INSERT INTO IELTSExamSection (id, examId, sectionIndex, title, instructions, audioUrl, imageUrl) VALUES (20023, 2002, 3, 'Part 3: Human Geography', 'What is Rosie and Colin’s opinion about each of the following aspects of human geography? Choose FIVE answers from the box and write the correct letter, A–G, next to Questions 21–25.\n\nChoose the correct letter, A, B or C .', 'https://yxzm-audio.oss-cn-beijing.aliyuncs.com/Cambridge-IELTS-20/T2/S3.mp3', NULL);
INSERT INTO IELTSQuestion (id, sectionId, questionIndex, questionType, questionText, passageText, options, correctAnswer) VALUES (2004351, 20023, 21, 'matching', 'Population', NULL, '["The information given about this was too vague.","This may not be relevant to their course.","This will involve only a small number of statistics.","It will be easy to find facts about this.","The facts about this may not be reliable.","No useful research has been done on this.","The information provided about this was interesting."]', 'It will be easy to find facts about this.');
INSERT INTO IELTSQuestion (id, sectionId, questionIndex, questionType, questionText, passageText, options, correctAnswer) VALUES (2004352, 20023, 22, 'matching', 'Health', NULL, '["The information given about this was too vague.","This may not be relevant to their course.","This will involve only a small number of statistics.","It will be easy to find facts about this.","The facts about this may not be reliable.","No useful research has been done on this.","The information provided about this was interesting."]', 'The information provided about this was interesting.');
INSERT INTO IELTSQuestion (id, sectionId, questionIndex, questionType, questionText, passageText, options, correctAnswer) VALUES (2004353, 20023, 23, 'matching', 'Economies', NULL, '["The information given about this was too vague.","This may not be relevant to their course.","This will involve only a small number of statistics.","It will be easy to find facts about this.","The facts about this may not be reliable.","No useful research has been done on this.","The information provided about this was interesting."]', 'This may not be relevant to their course.');
INSERT INTO IELTSQuestion (id, sectionId, questionIndex, questionType, questionText, passageText, options, correctAnswer) VALUES (2004354, 20023, 24, 'matching', 'Culture', NULL, '["The information given about this was too vague.","This may not be relevant to their course.","This will involve only a small number of statistics.","It will be easy to find facts about this.","The facts about this may not be reliable.","No useful research has been done on this.","The information provided about this was interesting."]', 'The information given about this was too vague.');
INSERT INTO IELTSQuestion (id, sectionId, questionIndex, questionType, questionText, passageText, options, correctAnswer) VALUES (2004355, 20023, 25, 'matching', 'Poverty', NULL, '["The information given about this was too vague.","This may not be relevant to their course.","This will involve only a small number of statistics.","It will be easy to find facts about this.","The facts about this may not be reliable.","No useful research has been done on this.","The information provided about this was interesting."]', 'The facts about this may not be reliable.');
INSERT INTO IELTSQuestion (id, sectionId, questionIndex, questionType, questionText, passageText, options, correctAnswer) VALUES (2004356, 20023, 26, 'multiple_choice', 'Rosie says that in her own city the main problem is', NULL, '["A. crime.","B. housing.","C. unemployment."]', 'C. unemployment.');
INSERT INTO IELTSQuestion (id, sectionId, questionIndex, questionType, questionText, passageText, options, correctAnswer) VALUES (2004357, 20023, 27, 'multiple_choice', 'What recent additions to the outskirts of their cities are both students happy about?', NULL, '["A. conference centres","B. sports centres","C. retail centres"]', 'A. conference centres');
INSERT INTO IELTSQuestion (id, sectionId, questionIndex, questionType, questionText, passageText, options, correctAnswer) VALUES (2004358, 20023, 28, 'multiple_choice', 'The students agree that developing disused industrial sites may', NULL, '["A. have unexpected costs.","B. damage the urban environment.","C. destroy valuable historical buildings."]', 'A. have unexpected costs.');
INSERT INTO IELTSQuestion (id, sectionId, questionIndex, questionType, questionText, passageText, options, correctAnswer) VALUES (2004359, 20023, 29, 'multiple_choice', 'The students will mention Masdar City as an example of an attempt to achieve', NULL, '["A. daily collections for waste recycling.","B. sustainable energy use.","C. free transport for everyone."]', 'B. sustainable energy use.');
INSERT INTO IELTSQuestion (id, sectionId, questionIndex, questionType, questionText, passageText, options, correctAnswer) VALUES (2004360, 20023, 30, 'multiple_choice', 'When discussing the ecotown of Greenhill Abbots, Colin is uncertain about', NULL, '["A. what its objectives were.","B. why there was opposition to it.","C. how much of it has actually been built."]', 'C. how much of it has actually been built.');
INSERT INTO IELTSExamSection (id, examId, sectionIndex, title, instructions, audioUrl, imageUrl) VALUES (20024, 2002, 4, 'Part 4: Developing Food Trends', 'Complete the notes below. Write ONE WORD ONLY for each answer.', 'https://yxzm-audio.oss-cn-beijing.aliyuncs.com/Cambridge-IELTS-20/T2/S4.mp3', NULL);
INSERT INTO IELTSQuestion (id, sectionId, questionIndex, questionType, questionText, passageText, options, correctAnswer) VALUES (2004361, 20024, 31, 'fill_blank', NULL, '[note]\n# Developing food trends\n● The growth in interest in food fashions started with {Q31} of food being shared on social media.\n● The UK food industry is constantly developing products which are new or different.\n● Influencers on social media become \'ambassadors\' for a brand.\n○ Sales of {Q32} food brands have grown rapidly this way.\n● Supermarkets track demand for ingredients on social media.\n○ Famous {Q33} are influential.\n# Marketing campaigns\n● The avocado:\n○ {Q34} were invited to visit growers in South Africa.\n○ Advertising focused on its {Q35} benefits.\n● Oat milk:\n○ A Swedish brand\'s media campaign received publicity by upsetting competitors.\n○ Promotion in the USA through {Q36} shops reduced the need for advertising.\n○ It appealed to consumers who are concerned about the {Q37}\n● Norwegian skrei:\n○ has helped strengthen the {Q38} of Norwegian seafood.\n● Ethical concerns\n● Quinoa:\n○ Its success led to an increase in its {Q39}\n○ Overuse of resources resulted in poor quality {Q40}', NULL, 'photos|photographs|pictures');
INSERT INTO IELTSQuestion (id, sectionId, questionIndex, questionType, questionText, passageText, options, correctAnswer) VALUES (2004362, 20024, 32, 'fill_blank', NULL, NULL, NULL, 'vegan');
INSERT INTO IELTSQuestion (id, sectionId, questionIndex, questionType, questionText, passageText, options, correctAnswer) VALUES (2004363, 20024, 33, 'fill_blank', NULL, NULL, NULL, 'chefs|cooks');
INSERT INTO IELTSQuestion (id, sectionId, questionIndex, questionType, questionText, passageText, options, correctAnswer) VALUES (2004364, 20024, 34, 'fill_blank', NULL, NULL, NULL, 'Journalists|Reporters');
INSERT INTO IELTSQuestion (id, sectionId, questionIndex, questionType, questionText, passageText, options, correctAnswer) VALUES (2004365, 20024, 35, 'fill_blank', NULL, NULL, NULL, 'health');
INSERT INTO IELTSQuestion (id, sectionId, questionIndex, questionType, questionText, passageText, options, correctAnswer) VALUES (2004366, 20024, 36, 'fill_blank', NULL, NULL, NULL, 'coffee');
INSERT INTO IELTSQuestion (id, sectionId, questionIndex, questionType, questionText, passageText, options, correctAnswer) VALUES (2004367, 20024, 37, 'fill_blank', NULL, NULL, NULL, 'environment');
INSERT INTO IELTSQuestion (id, sectionId, questionIndex, questionType, questionText, passageText, options, correctAnswer) VALUES (2004368, 20024, 38, 'fill_blank', NULL, NULL, NULL, 'reputation');
INSERT INTO IELTSQuestion (id, sectionId, questionIndex, questionType, questionText, passageText, options, correctAnswer) VALUES (2004369, 20024, 39, 'fill_blank', NULL, NULL, NULL, 'price|cost');
INSERT INTO IELTSQuestion (id, sectionId, questionIndex, questionType, questionText, passageText, options, correctAnswer) VALUES (2004370, 20024, 40, 'fill_blank', NULL, NULL, NULL, 'soil');
INSERT INTO IELTSExam (id, title, type, totalQuestions) VALUES (2003, '剑桥雅思 20 - Test 3 听力', 'listening', 40);
INSERT INTO IELTSExamSection (id, examId, sectionIndex, title, instructions, audioUrl, imageUrl) VALUES (20031, 2003, 1, 'Part 1: Furniture Rental', 'Complete the table below. Write ONE WORD AND/OR A NUMBER for each answer.', 'https://yxzm-audio.oss-cn-beijing.aliyuncs.com/Cambridge-IELTS-20/T3/S1.mp3', NULL);
INSERT INTO IELTSQuestion (id, sectionId, questionIndex, questionType, questionText, passageText, options, correctAnswer) VALUES (2004371, 20031, 1, 'fill_blank', '$______ per room per month.', '[table]\n| Name of company | Information about costs | Additional notes |\n| Peak Rentals | Prices range from $105 to $______ per room per month. | The furniture is very ______ Delivers in 1-2 days Special offer: free ______with every living room set |\n| ______ and Oliver | Mid-range prices 12% monthly free for ______ | Also offers a cleaning service |\n| Larch Furniture | Offers cheapest prices for renting furniture and ______ items | Must have own ______ Minimum contract length: six months |\n| ______ Rentals | See the ______ for the most up-to-date prices | ______ are allowed within 7 days of delivery |\n', NULL, '239|two hundred thirty-nine|two hundred and thirty-nine');
INSERT INTO IELTSQuestion (id, sectionId, questionIndex, questionType, questionText, passageText, options, correctAnswer) VALUES (2004372, 20031, 2, 'fill_blank', 'The furniture is very ______', NULL, NULL, 'modern');
INSERT INTO IELTSQuestion (id, sectionId, questionIndex, questionType, questionText, passageText, options, correctAnswer) VALUES (2004373, 20031, 3, 'fill_blank', 'free ______with every living room set', NULL, NULL, 'lamp');
INSERT INTO IELTSQuestion (id, sectionId, questionIndex, questionType, questionText, passageText, options, correctAnswer) VALUES (2004374, 20031, 4, 'fill_blank', '______ and Oliver', NULL, NULL, 'Aaron');
INSERT INTO IELTSQuestion (id, sectionId, questionIndex, questionType, questionText, passageText, options, correctAnswer) VALUES (2004375, 20031, 5, 'fill_blank', '12% monthly free for ______', NULL, NULL, 'damage');
INSERT INTO IELTSQuestion (id, sectionId, questionIndex, questionType, questionText, passageText, options, correctAnswer) VALUES (2004376, 20031, 6, 'fill_blank', 'furniture and ______ items', NULL, NULL, 'electronic');
INSERT INTO IELTSQuestion (id, sectionId, questionIndex, questionType, questionText, passageText, options, correctAnswer) VALUES (2004377, 20031, 7, 'fill_blank', 'Must have own ______', NULL, NULL, 'insurance');
INSERT INTO IELTSQuestion (id, sectionId, questionIndex, questionType, questionText, passageText, options, correctAnswer) VALUES (2004378, 20031, 8, 'fill_blank', '______ Rentals', NULL, NULL, 'Space');
INSERT INTO IELTSQuestion (id, sectionId, questionIndex, questionType, questionText, passageText, options, correctAnswer) VALUES (2004379, 20031, 9, 'fill_blank', 'See the ______ for the most', NULL, NULL, 'app');
INSERT INTO IELTSQuestion (id, sectionId, questionIndex, questionType, questionText, passageText, options, correctAnswer) VALUES (2004380, 20031, 10, 'fill_blank', '______ are allowed within 7 days of delivery', NULL, NULL, 'Exchanges');
INSERT INTO IELTSExamSection (id, examId, sectionIndex, title, instructions, audioUrl, imageUrl) VALUES (20032, 2003, 2, 'Part 2: Castle Community Project', 'Choose the correct letter, A, B or C .\n\nLabel the map below. Drag the correct letter, A-G, next to Questions 17-20.', 'https://yxzm-audio.oss-cn-beijing.aliyuncs.com/Cambridge-IELTS-20/T3/S2.mp3', 'https://yxzm-image.oss-cn-beijing.aliyuncs.com/L-C20-T3-S2.png');
INSERT INTO IELTSQuestion (id, sectionId, questionIndex, questionType, questionText, passageText, options, correctAnswer) VALUES (2004381, 20032, 11, 'multiple_choice', 'Who was responsible for starting the community project?', '[note]', '["A. the castle owners","B. a national charity","C. the local council"]', 'B. a national charity');
INSERT INTO IELTSQuestion (id, sectionId, questionIndex, questionType, questionText, passageText, options, correctAnswer) VALUES (2004382, 20032, 12, 'multiple_choice', 'How was the gold coin found?', NULL, '["A. Heavy rain had removed some of the soil.","B. The ground was dug up by wild rabbits.","C. A person with a metal detector searched the area."]', 'A. Heavy rain had removed some of the soil.');
INSERT INTO IELTSQuestion (id, sectionId, questionIndex, questionType, questionText, passageText, options, correctAnswer) VALUES (2004383, 20032, 13, 'multiple_choice', 'What led the archaeologists to believe there was an ancient village on this site?', NULL, '["A. the lucky discovery of old records","B. the bases of several structures visible in the grass","C. the unusual stones found near the castle"]', 'A. the lucky discovery of old records');
INSERT INTO IELTSQuestion (id, sectionId, questionIndex, questionType, questionText, passageText, options, correctAnswer) VALUES (2004384, 20032, 14, 'multiple_choice', 'What are the team still hoping to find?', NULL, '["A. everyday pottery","B. animal bones","C. pieces of jewellery"]', 'C. pieces of jewellery');
INSERT INTO IELTSQuestion (id, sectionId, questionIndex, questionType, questionText, passageText, options, correctAnswer) VALUES (2004385, 20032, 15, 'multiple_choice', 'What was found on the other side of the river to the castle?', NULL, '["A. the remains of a large palace","B. the outline of fields","C. a number of small huts"]', 'B. the outline of fields');
INSERT INTO IELTSQuestion (id, sectionId, questionIndex, questionType, questionText, passageText, options, correctAnswer) VALUES (2004386, 20032, 16, 'multiple_choice', 'What do the team plan to do after work ends this summer?', NULL, '["A. prepare a display for a museum","B. take part in a television programme","C. start to organise school visits"]', 'C. start to organise school visits');
INSERT INTO IELTSQuestion (id, sectionId, questionIndex, questionType, questionText, passageText, options, correctAnswer) VALUES (2004387, 20032, 17, 'map_labelling', 'bridge foundations', NULL, '["A","B","C","D","E","F","G","H"]', 'B');
INSERT INTO IELTSQuestion (id, sectionId, questionIndex, questionType, questionText, passageText, options, correctAnswer) VALUES (2004388, 20032, 18, 'map_labelling', 'rubbish pit', NULL, '["A","B","C","D","E","F","G","H"]', 'A');
INSERT INTO IELTSQuestion (id, sectionId, questionIndex, questionType, questionText, passageText, options, correctAnswer) VALUES (2004389, 20032, 19, 'map_labelling', 'meeting hall', NULL, '["A","B","C","D","E","F","G","H"]', 'G');
INSERT INTO IELTSQuestion (id, sectionId, questionIndex, questionType, questionText, passageText, options, correctAnswer) VALUES (2004390, 20032, 20, 'map_labelling', 'fish pond', NULL, '["A","B","C","D","E","F","G","H"]', 'E');
INSERT INTO IELTSExamSection (id, examId, sectionIndex, title, instructions, audioUrl, imageUrl) VALUES (20033, 2003, 3, 'Part 3: Theatre Programmes', 'Choose the correct letter, A, B or C .\n\nWhat comment is made about the programme for each of the following shows? Choose FOUR answers from the box and write the correct letter, A-F, next to Questions 27-30.', 'https://yxzm-audio.oss-cn-beijing.aliyuncs.com/Cambridge-IELTS-20/T3/S3.mp3', NULL);
INSERT INTO IELTSQuestion (id, sectionId, questionIndex, questionType, questionText, passageText, options, correctAnswer) VALUES (2004391, 20033, 21, 'multiple_choice', 'Finn was pleased to discover that their topic', '[note]', '["A. was not familiar to their module leader.","B. had not been chosen by other students.","C. did not prove to be difficult to research."]', 'B. had not been chosen by other students.');
INSERT INTO IELTSQuestion (id, sectionId, questionIndex, questionType, questionText, passageText, options, correctAnswer) VALUES (2004392, 20033, 22, 'multiple_choice', 'Maya says a mistaken belief about theatre programmes is that', NULL, '["A. theatres pay companies to produce them.","B. few theatre-goers buy them nowadays.","C. they contain far more adverts than previously."]', 'A. theatres pay companies to produce them.');
INSERT INTO IELTSQuestion (id, sectionId, questionIndex, questionType, questionText, passageText, options, correctAnswer) VALUES (2004393, 20033, 23, 'multiple_choice', 'Finn was surprised that, in early British theatre, programmes', NULL, '["A. were difficult for audiences to obtain.","B. were given out free of charge.","C. were seen as a kind of contract."]', 'C. were seen as a kind of contract.');
INSERT INTO IELTSQuestion (id, sectionId, questionIndex, questionType, questionText, passageText, options, correctAnswer) VALUES (2004394, 20033, 24, 'multiple_choice', 'Maya feels their project should include an explanation of why companies of actors', NULL, '["A. promoted their own plays.","B. performed plays outdoors.","C. had to tour with their plays."]', 'A. promoted their own plays.');
INSERT INTO IELTSQuestion (id, sectionId, questionIndex, questionType, questionText, passageText, options, correctAnswer) VALUES (2004395, 20033, 25, 'multiple_choice', 'Finn and Maya both think that, compared to nineteenth-century programmes, those from the eighteenth century', NULL, '["A. were more original.","B. were more colourful.","C. were more informative."]', 'C. were more informative.');
INSERT INTO IELTSQuestion (id, sectionId, questionIndex, questionType, questionText, passageText, options, correctAnswer) VALUES (2004396, 20033, 26, 'multiple_choice', 'Maya doesn\'t fully understand why, in the twentieth century,', NULL, '["A. very few theatre programmes were printed in the USA.","B. British theatre programmes failed to develop for so long.","C. theatre programmes in Britain copied fashions from the USA."]', 'B. British theatre programmes failed to develop for so long.');
INSERT INTO IELTSQuestion (id, sectionId, questionIndex, questionType, questionText, passageText, options, correctAnswer) VALUES (2004397, 20033, 27, 'matching', 'Ruy Blas', NULL, '["one shoe was missing","the colour of one shoe had faded","one shoe had a hole in it","the shoes were brand new","the shoes were too dirty","the stitching on the shoes was broken"]', 'one shoe was missing');
INSERT INTO IELTSQuestion (id, sectionId, questionIndex, questionType, questionText, passageText, options, correctAnswer) VALUES (2004398, 20033, 28, 'matching', 'Man of La Mancha', NULL, '["one shoe was missing","the colour of one shoe had faded","one shoe had a hole in it","the shoes were brand new","the shoes were too dirty","the stitching on the shoes was broken"]', 'one shoe had a hole in it');
INSERT INTO IELTSQuestion (id, sectionId, questionIndex, questionType, questionText, passageText, options, correctAnswer) VALUES (2004399, 20033, 29, 'matching', 'The Tragedy of Jane Shore', NULL, '["one shoe was missing","the colour of one shoe had faded","one shoe had a hole in it","the shoes were brand new","the shoes were too dirty","the stitching on the shoes was broken"]', 'It is historically significant for a country.');
INSERT INTO IELTSQuestion (id, sectionId, questionIndex, questionType, questionText, passageText, options, correctAnswer) VALUES (2004400, 20033, 30, 'matching', 'The Sailors\' Festival', NULL, '["one shoe was missing","the colour of one shoe had faded","one shoe had a hole in it","the shoes were brand new","the shoes were too dirty","the stitching on the shoes was broken"]', 'It is included in a recent project.');
INSERT INTO IELTSExamSection (id, examId, sectionIndex, title, instructions, audioUrl, imageUrl) VALUES (20034, 2003, 4, 'Part 4: Inclusive Design', 'Complete the notes below. Write ONE WORD ONLY for each answer.', 'https://yxzm-audio.oss-cn-beijing.aliyuncs.com/Cambridge-IELTS-20/T3/S4.mp3', NULL);
INSERT INTO IELTSQuestion (id, sectionId, questionIndex, questionType, questionText, passageText, options, correctAnswer) VALUES (2004401, 20034, 31, 'fill_blank', NULL, '[note]\n# Inclusive design\n## Definition\n● Designing products that can be accessed by a diverse range of people without the need for any {Q31}\n● Not the same as universal design: that is design for everyone, including catering for people with {Q32} problems.\n## Examples of inclusive design\n● {Q33} which are adjustable, avoiding back or neck problems\n● {Q34} in public toilets which are easier to use\n● To assist the elderly:\n○ designers avoid using {Q35} in interfaces\n○ people can make commands using a mouse, keyboard or their {Q36}\n## Impact of non-inclusive designs\n● Access\n○ Loss of independence for disabled people.\n● Safety\n○ Seatbelts are especially problematic for {Q37} women.\n○ PPE jackets are often unsuitable because of the size of women\'s {Q38}\n○ PPE for female {Q39} officers dealing with emergencies is the worst.\n● Comfort in the workplace\n○ The {Q40} in offices is often too low for women.', NULL, 'adaptation');
INSERT INTO IELTSQuestion (id, sectionId, questionIndex, questionType, questionText, passageText, options, correctAnswer) VALUES (2004402, 20034, 32, 'fill_blank', NULL, NULL, NULL, 'cognitive');
INSERT INTO IELTSQuestion (id, sectionId, questionIndex, questionType, questionText, passageText, options, correctAnswer) VALUES (2004403, 20034, 33, 'fill_blank', NULL, NULL, NULL, 'Desks');
INSERT INTO IELTSQuestion (id, sectionId, questionIndex, questionType, questionText, passageText, options, correctAnswer) VALUES (2004404, 20034, 34, 'fill_blank', NULL, NULL, NULL, 'Taps');
INSERT INTO IELTSQuestion (id, sectionId, questionIndex, questionType, questionText, passageText, options, correctAnswer) VALUES (2004405, 20034, 35, 'fill_blank', NULL, NULL, NULL, 'blue');
INSERT INTO IELTSQuestion (id, sectionId, questionIndex, questionType, questionText, passageText, options, correctAnswer) VALUES (2004406, 20034, 36, 'fill_blank', NULL, NULL, NULL, 'voice');
INSERT INTO IELTSQuestion (id, sectionId, questionIndex, questionType, questionText, passageText, options, correctAnswer) VALUES (2004407, 20034, 37, 'fill_blank', NULL, NULL, NULL, 'pregnant');
INSERT INTO IELTSQuestion (id, sectionId, questionIndex, questionType, questionText, passageText, options, correctAnswer) VALUES (2004408, 20034, 38, 'fill_blank', NULL, NULL, NULL, 'shoulders');
INSERT INTO IELTSQuestion (id, sectionId, questionIndex, questionType, questionText, passageText, options, correctAnswer) VALUES (2004409, 20034, 39, 'fill_blank', NULL, NULL, NULL, 'police');
INSERT INTO IELTSQuestion (id, sectionId, questionIndex, questionType, questionText, passageText, options, correctAnswer) VALUES (2004410, 20034, 40, 'fill_blank', NULL, NULL, NULL, 'temperature');
INSERT INTO IELTSExam (id, title, type, totalQuestions) VALUES (2004, '剑桥雅思 20 - Test 4 听力', 'listening', 40);
INSERT INTO IELTSExamSection (id, examId, sectionIndex, title, instructions, audioUrl, imageUrl) VALUES (20041, 2004, 1, 'Part 1: Accommodation', 'Complete the notes below. Write ONE WORD AND/OR A NUMBER for each answer.', 'https://yxzm-audio.oss-cn-beijing.aliyuncs.com/Cambridge-IELTS-20/T4/S1.mp3', NULL);
INSERT INTO IELTSQuestion (id, sectionId, questionIndex, questionType, questionText, passageText, options, correctAnswer) VALUES (2004411, 20041, 1, 'fill_blank', '● ______ Hotel on George Street', '[note]\n## Advice on family visit\n## Accommodation\n● {Q1} Hotel on George Street\n● cost of family room per night: 2 £ {Q2} (approx.)\n## Recommended trips\n● a {Q3} tour of the city centre (starts in Carlton Square)\n● a trip by {Q4} to the old fort\n## Science Museum\n● best day to visit: {Q5}\n● see the exhibition about {Q6} which opens soon\n## Food\n● Clacton Market:\n○ good for {Q7} food\n○ need to have lunch before {Q8} p.m.\n## Theatre tickets\n● save up to {Q9} % on ticket prices at bargaintickets.com\n## Free activities\n● Blakewell Gardens:\n● Roots Music Festival\n● climb Telegraph Hill to see a view of the {Q10}', NULL, 'Kings|King\'s');
INSERT INTO IELTSQuestion (id, sectionId, questionIndex, questionType, questionText, passageText, options, correctAnswer) VALUES (2004412, 20041, 2, 'fill_blank', '● cost of family room per night: 2 £ ______ (approx.)', NULL, NULL, '125|one hundred and twenty-five|one hundred twenty-five');
INSERT INTO IELTSQuestion (id, sectionId, questionIndex, questionType, questionText, passageText, options, correctAnswer) VALUES (2004413, 20041, 3, 'fill_blank', '● a ______ tour of the city centre (starts in Carlton Square)', NULL, NULL, 'walking');
INSERT INTO IELTSQuestion (id, sectionId, questionIndex, questionType, questionText, passageText, options, correctAnswer) VALUES (2004414, 20041, 4, 'fill_blank', '● a trip by ______ to the old fort', NULL, NULL, 'boat');
INSERT INTO IELTSQuestion (id, sectionId, questionIndex, questionType, questionText, passageText, options, correctAnswer) VALUES (2004415, 20041, 5, 'fill_blank', '● best day to visit: ______', NULL, NULL, 'Tuesday');
INSERT INTO IELTSQuestion (id, sectionId, questionIndex, questionType, questionText, passageText, options, correctAnswer) VALUES (2004416, 20041, 6, 'fill_blank', '● see the exhibition about ______ which opens soon', NULL, NULL, 'space');
INSERT INTO IELTSQuestion (id, sectionId, questionIndex, questionType, questionText, passageText, options, correctAnswer) VALUES (2004417, 20041, 7, 'fill_blank', '○ good for ______ food', NULL, NULL, 'vegetarian');
INSERT INTO IELTSQuestion (id, sectionId, questionIndex, questionType, questionText, passageText, options, correctAnswer) VALUES (2004418, 20041, 8, 'fill_blank', '○ need to have lunch before ______ p.m.', NULL, NULL, '2.30|two thirty|2:30');
INSERT INTO IELTSQuestion (id, sectionId, questionIndex, questionType, questionText, passageText, options, correctAnswer) VALUES (2004419, 20041, 9, 'fill_blank', '● save up to ______ % on ticket prices at bargaintickets.com', NULL, NULL, '75|seventy-five');
INSERT INTO IELTSQuestion (id, sectionId, questionIndex, questionType, questionText, passageText, options, correctAnswer) VALUES (2004420, 20041, 10, 'fill_blank', '● climb Telegraph Hill to see a view of the ______', NULL, NULL, 'port');
INSERT INTO IELTSExamSection (id, examId, sectionIndex, title, instructions, audioUrl, imageUrl) VALUES (20042, 2004, 2, 'Part 2: Football Stadium Tour', 'Choose TWO letters, A–E .\n\nWhich event in the history of football in the UK took place in each of the following years? Choose SIX answers from the box and write the correct letter, A-H, next to Questions 15-20.', 'https://yxzm-audio.oss-cn-beijing.aliyuncs.com/Cambridge-IELTS-20/T4/S2.mp3', NULL);
INSERT INTO IELTSQuestion (id, sectionId, questionIndex, questionType, questionText, passageText, options, correctAnswer) VALUES (2004729, 20042, 11, 'multiple_choice', 'Which **TWO** things does the speaker say about visiting the football stadium with children?', NULL, '["A. Children can get their photo taken with a football player.","B. There is a competition for children today.","C. Parents must stay with their children at all times.","D. Children will need sunhats and drinks.","E. The café has a special offer on meals for children."]', 'B. There is a competition for children today.');
INSERT INTO IELTSQuestion (id, sectionId, questionIndex, questionType, questionText, passageText, options, correctAnswer) VALUES (2004730, 20042, 12, 'multiple_choice', '(second)', NULL, '["A. Children can get their photo taken with a football player.","B. There is a competition for children today.","C. Parents must stay with their children at all times.","D. Children will need sunhats and drinks.","E. The café has a special offer on meals for children."]', 'C. Parents must stay with their children at all times.');
INSERT INTO IELTSQuestion (id, sectionId, questionIndex, questionType, questionText, passageText, options, correctAnswer) VALUES (2004731, 20042, 13, 'multiple_choice', 'Which **TWO** features of the stadium tour are new this year?', NULL, '["A. VIP tour","B. 360 cinema experience","C. audio guide","D. dressing room tour","E. tours in other languages"]', 'A. VIP tour');
INSERT INTO IELTSQuestion (id, sectionId, questionIndex, questionType, questionText, passageText, options, correctAnswer) VALUES (2004732, 20042, 14, 'multiple_choice', '(second)', NULL, '["A. VIP tour","B. 360 cinema experience","C. audio guide","D. dressing room tour","E. tours in other languages"]', 'C. audio guide');
INSERT INTO IELTSQuestion (id, sectionId, questionIndex, questionType, questionText, passageText, options, correctAnswer) VALUES (2004733, 20042, 15, 'matching', '1870', NULL, '["a lack of confidence","a dislike of running","a lack of time"]', 'a lack of confidence');
INSERT INTO IELTSQuestion (id, sectionId, questionIndex, questionType, questionText, passageText, options, correctAnswer) VALUES (2004734, 20042, 16, 'matching', '1874', NULL, '["a lack of confidence","a dislike of running","a lack of time"]', 'a dislike of running');
INSERT INTO IELTSQuestion (id, sectionId, questionIndex, questionType, questionText, passageText, options, correctAnswer) VALUES (2004735, 20042, 17, 'matching', '1875', NULL, '["a lack of confidence","a dislike of running","a lack of time"]', 'a lack of time');
INSERT INTO IELTSQuestion (id, sectionId, questionIndex, questionType, questionText, passageText, options, correctAnswer) VALUES (2004736, 20042, 18, 'matching', '1877', NULL, '["a lack of confidence","a dislike of running","a lack of time"]', 'a lack of confidence');
INSERT INTO IELTSQuestion (id, sectionId, questionIndex, questionType, questionText, passageText, options, correctAnswer) VALUES (2004737, 20042, 19, 'matching', '1878', NULL, '["a lack of confidence","a dislike of running","a lack of time"]', 'the first use of lights for matches');
INSERT INTO IELTSQuestion (id, sectionId, questionIndex, questionType, questionText, passageText, options, correctAnswer) VALUES (2004738, 20042, 20, 'matching', '1880', NULL, '["a lack of confidence","a dislike of running","a lack of time"]', 'the introduction of fee for spectators');
INSERT INTO IELTSExamSection (id, examId, sectionIndex, title, instructions, audioUrl, imageUrl) VALUES (20043, 2004, 3, 'Part 3: Handwriting Research', 'Choose TWO letters, A–E .\n\nChoose the correct letter, A, B or C .', 'https://yxzm-audio.oss-cn-beijing.aliyuncs.com/Cambridge-IELTS-20/T4/S3.mp3', NULL);
INSERT INTO IELTSQuestion (id, sectionId, questionIndex, questionType, questionText, passageText, options, correctAnswer) VALUES (2004739, 20043, 21, 'multiple_choice', 'Which **TWO** benefits for children of learning to write did both students find surprising?', NULL, '["A. improved fine motor skills","B. improved memory","C. improved concentration","D. improved imagination","E. improved spatial awareness"]', 'C. improved concentration');
INSERT INTO IELTSQuestion (id, sectionId, questionIndex, questionType, questionText, passageText, options, correctAnswer) VALUES (2004740, 20043, 22, 'multiple_choice', '(second)', NULL, '["A. improved fine motor skills","B. improved memory","C. improved concentration","D. improved imagination","E. improved spatial awareness"]', 'E. improved spatial awareness');
INSERT INTO IELTSQuestion (id, sectionId, questionIndex, questionType, questionText, passageText, options, correctAnswer) VALUES (2004741, 20043, 23, 'multiple_choice', 'For children with dyspraxia, which **TWO** problems with handwriting do the students think are easiest to correct?', NULL, '["A. not spacing letters correctly","B. not writing in a straight line","C. applying too much pressure when writing","D. confusing letter shapes","E. writing very slowly"]', 'A. not spacing letters correctly');
INSERT INTO IELTSQuestion (id, sectionId, questionIndex, questionType, questionText, passageText, options, correctAnswer) VALUES (2004742, 20043, 24, 'multiple_choice', '(second)', NULL, '["A. not spacing letters correctly","B. not writing in a straight line","C. applying too much pressure when writing","D. confusing letter shapes","E. writing very slowly"]', 'C. applying too much pressure when writing');
INSERT INTO IELTSQuestion (id, sectionId, questionIndex, questionType, questionText, passageText, options, correctAnswer) VALUES (2004743, 20043, 25, 'multiple_choice', 'What does the woman say about using laptops to teach writing to children with dyslexia?', NULL, '["A. Children often lack motivation to learn that way.","B. Children become fluent relatively quickly.","C. Children react more positively if they make a mistake."]', 'C. Children react more positively if they make a mistake.');
INSERT INTO IELTSQuestion (id, sectionId, questionIndex, questionType, questionText, passageText, options, correctAnswer) VALUES (2004744, 20043, 26, 'multiple_choice', 'When discussing whether to teach cursive or print writing, the woman thinks that', NULL, '["A. cursive writing disadvantages a certain group of children.","B. print writing is associated with lower academic performance.","C. most teachers in the UK prefer a traditional approach to handwriting."]', 'A. cursive writing disadvantages a certain group of children.');
INSERT INTO IELTSQuestion (id, sectionId, questionIndex, questionType, questionText, passageText, options, correctAnswer) VALUES (2004745, 20043, 27, 'multiple_choice', 'According to the students, what impact does poor handwriting have on exam performance?', NULL, '["A. There is evidence to suggest grades are affected by poor handwriting.","B. Neat handwriting is less important now than it used to be.","C. Candidates write more slowly and produce shorter answers."]', 'A. There is evidence to suggest grades are affected by poor handwriting.');
INSERT INTO IELTSQuestion (id, sectionId, questionIndex, questionType, questionText, passageText, options, correctAnswer) VALUES (2004746, 20043, 28, 'multiple_choice', 'What prediction does the man make about the future of handwriting?', NULL, '["A. Touch typing will be taught before writing by hand.","B. Children will continue to learn to write by hand.","C. People will dislike handwriting on digital devices."]', 'B. Children will continue to learn to write by hand.');
INSERT INTO IELTSQuestion (id, sectionId, questionIndex, questionType, questionText, passageText, options, correctAnswer) VALUES (2004747, 20043, 29, 'multiple_choice', 'The woman is concerned that relying on digital devices has made it difficult for her to', NULL, '["A. take detailed notes.","B. spell and punctuate.","C. read old documents."]', 'B. spell and punctuate.');
INSERT INTO IELTSQuestion (id, sectionId, questionIndex, questionType, questionText, passageText, options, correctAnswer) VALUES (2004748, 20043, 30, 'multiple_choice', 'How do the students feel about their own handwriting?', NULL, '["A. concerned they are unable to write quickly","B. embarrassed by comments made about it","C. regretful that they have lost the habit"]', 'C. regretful that they have lost the habit');
INSERT INTO IELTSExamSection (id, examId, sectionIndex, title, instructions, audioUrl, imageUrl) VALUES (20044, 2004, 4, 'Part 4: Chembe Bird Sanctuary', 'Complete the notes below. Write ONE WORD ONLY for each answer.', 'https://yxzm-audio.oss-cn-beijing.aliyuncs.com/Cambridge-IELTS-20/T4/S4.mp3', NULL);
INSERT INTO IELTSQuestion (id, sectionId, questionIndex, questionType, questionText, passageText, options, correctAnswer) VALUES (2004749, 20044, 31, 'fill_blank', NULL, '[note]\n# Research in the area around the Chembe Bird Sanctuary\n## The importance of birds of prey to the local communities\n● They destroy {Q31} and other rodents.\n● They help to prevent farmers from being bitten by {Q32}\n● They have been an important part of the local culture for many years.\n● They now support the economy by encouraging {Q33} in the area.\n## Falling numbers of birds of prey\n● The birds may be accidentally killed\n○ by {Q34} when they are hunting or sleeping\n○ by electrocution from contact with power lines, especially at times when there is a lot of {Q35}\n● Local farmers may illegally shoot them or {Q36} them.\n## Ways of protecting chickens from birds of prey\n● clearing away vegetation from the area (unhelpful)\n● providing a {Q37} for chickens (expensive)\n● frightening birds of prey by\n○ keeping a {Q38}\n○ making a {Q39} – e.g. with metal objects\n● A {Q40} of methods is usually most effective.', NULL, 'rats');
INSERT INTO IELTSQuestion (id, sectionId, questionIndex, questionType, questionText, passageText, options, correctAnswer) VALUES (2004750, 20044, 32, 'fill_blank', NULL, NULL, NULL, 'snakes');
INSERT INTO IELTSQuestion (id, sectionId, questionIndex, questionType, questionText, passageText, options, correctAnswer) VALUES (2004751, 20044, 33, 'fill_blank', NULL, NULL, NULL, 'tourism');
INSERT INTO IELTSQuestion (id, sectionId, questionIndex, questionType, questionText, passageText, options, correctAnswer) VALUES (2004752, 20044, 34, 'fill_blank', NULL, NULL, NULL, 'traffic');
INSERT INTO IELTSQuestion (id, sectionId, questionIndex, questionType, questionText, passageText, options, correctAnswer) VALUES (2004753, 20044, 35, 'fill_blank', NULL, NULL, NULL, 'rain');
INSERT INTO IELTSQuestion (id, sectionId, questionIndex, questionType, questionText, passageText, options, correctAnswer) VALUES (2004754, 20044, 36, 'fill_blank', NULL, NULL, NULL, 'poison');
INSERT INTO IELTSQuestion (id, sectionId, questionIndex, questionType, questionText, passageText, options, correctAnswer) VALUES (2004755, 20044, 37, 'fill_blank', NULL, NULL, NULL, 'building');
INSERT INTO IELTSQuestion (id, sectionId, questionIndex, questionType, questionText, passageText, options, correctAnswer) VALUES (2004756, 20044, 38, 'fill_blank', NULL, NULL, NULL, 'dog');
INSERT INTO IELTSQuestion (id, sectionId, questionIndex, questionType, questionText, passageText, options, correctAnswer) VALUES (2004757, 20044, 39, 'fill_blank', NULL, NULL, NULL, 'noise');
INSERT INTO IELTSQuestion (id, sectionId, questionIndex, questionType, questionText, passageText, options, correctAnswer) VALUES (2004758, 20044, 40, 'fill_blank', NULL, NULL, NULL, 'combination');
