-- IELTS C19 seed
SET NAMES utf8mb4;
DELETE FROM IELTSUserAnswer WHERE attemptId IN (SELECT id FROM IELTSAttempt WHERE examId IN (1901,1902,1903,1904,191,192,193,194));
DELETE FROM IELTSAttempt WHERE examId IN (1901,1902,1903,1904,191,192,193,194);
DELETE FROM IELTSQuestion WHERE sectionId IN (SELECT id FROM IELTSExamSection WHERE examId IN (1901,1902,1903,1904,191,192,193,194));
DELETE FROM IELTSExamSection WHERE examId IN (1901,1902,1903,1904,191,192,193,194);
DELETE FROM IELTSExam WHERE id IN (1901,1902,1903,1904,191,192,193,194);

INSERT INTO IELTSExam (id, title, type, totalQuestions) VALUES (191, '剑桥雅思 19 - Test 1 阅读', 'reading', 40);
INSERT INTO IELTSExamSection (id, examId, sectionIndex, title, instructions, audioUrl, imageUrl) VALUES (1910, 191, 1, 'Passage 1: How tennis rackets have changed', 'In 2016, the British professional tennis player Andy Murray was ranked as the world\'s number one. It was an incredible achievement by any standard – made even more remarkable by the fact that he did this during a period considered to be one of the strongest in the sport\'s history, competing against the likes of Rafael Nadal, Roger Federer and Novak Djokovic, to name just a  few. Yet five years previously, he had been regarded as a talented outsider who entered but never won the major tournaments.\n\n\nOf the changes that account for this transformation, one was visible and widely publicised: in 2011, Murray invited former number one player Ivan Lendl onto his coaching team – a valuable addition that had a visible impact on the player\'s playing style. Another change was so subtle as to pass more or less unnoticed. Like many players, Murray has long preferred a racket that consists of two types of string: one for the mains (verticals) and another for the crosses (horizontals). While he continued to use natural string in the crosses, in 2012 he switched to a synthetic string for the mains. A small change, perhaps, but its importance should not be underestimated.\n\n\nThe modification that Murray made is just one of a number of options available to players looking to tweak their rackets in order to improve their games. \'Touring professionals have their rackets customised to their specific needs,\' says Colin Triplow, a UK-based professional racket stringer. \'It\'s a highly important part of performance maximisation.\' Consequently, the specific rackets used by the world\'s elite are not actually readily available to the public; rather, each racket is individually made to suit the player who uses it. Take the US professional tennis players Mike and Bob Bryan, for example: \'We\'re very particular with our racket specifications,\' they say. \'All our rackets are sent from our manufacturer to Tampa, Florida, where our frames go through a . . . thorough customisation process.\' They explain how they have adjusted not only racket length, but even experimented with different kinds of paint. The rackets they use now weigh more than the average model and also have a denser string pattern (i.e. more crosses and mains).\n\n\nThe primary reason for these modifications is simple: as the line between winning and losing becomes thinner and thinner, even these slight changes become more and more important. As a result, players and their teams are becoming increasingly creative with the modifications to their rackets as they look to maximise their competitive advantage.\n\n\nRacket modifications mainly date back to the 1970s, when the amateur German tennis playerWerner Fischer started playing with the so-called spaghetti-strung racket. It created a string bed that generated so much topspin that it was quickly banned by the International Tennis Federation. However, within a decade or two, racket modification became a regularity. Today it is, in many ways, an aspect of the game that is equal insignificance to nutrition or training.\n\n\nModifications can be divided into two categories: those to the string bed and those to the racket frame. The former is far more common than the latter: the choice of the strings and the tension with which they are installed is something that nearly all professional players experiment with. They will continually change it depending on various factors including the court surface, climatic conditions, and game styles. Some will even change it depending on how they feel at the time.\n\n\nAt one time, all tennis rackets were strung with natural gut made from the outer layer of sheep or cow intestines. This all changed in the early 1990s with the development of synthetic strings that were cheaper and more durable. They are made from three materials: nylon (relatively durable and affordable), Kevlar (too stiff to be used alone) or co-polyester (polyester combined with additives that enhance its performance). Even so, many professional players continue to use a \'hybrid set-up\', where a combination of both synthetic and natural strings are used.\n\n\nOf the synthetics, co-polyester is by far the most widely used. It\'s a perfect fit for the style of tennis now played, where players tend to battle it out from the back of the court rather than coming to the net. Studies indicate that the average spin from a co-polyester string is 25% greater than that from natural string or other synthetics. In a sense, the development of co-polyester strings has revolutionised the game.\n\n\nHowever, many players go beyond these basic adjustments to the strings and make changes to the racket frame itself. For example, much of the serving power of US professional player Pete Sampras was attributed to the addition of four to five lead weights onto his rackets, and  today many professionals have the weight adjusted during the manufacturing process.\n\n\nOther changes to the frame involve the handle. Players have individual preferences for the shape of the handle and some will have the handle of one racket moulded onto the frame of a different racket. Other players make different changes. The professional Portuguese player Gonçalo Oliveira replaced the original grips of his rackets with something thinner because they had previously felt uncomfortable to hold.\n\n\nRacket customisation and modification have pushed the standards of the game to greater levels that few could have anticipated in the days of natural strings and heavy, wooden frames, and it\'s exciting to see what further developments there will be in the future.\n\nDo the following statements agree with the information given in Reading Passage 1? In boxes 1–7 on your answer sheet, write TRUE if the statement agrees with the claims of the writer FALSE if the statement contradicts the claims of the writer NOT GIVEN if it is impossible to say what the writer thinks about this\n\nComplete the notes below. Choose ONE WORD ONLY from the passage for each answer. Write your answers in boxes 8–13 on your answer sheet.', NULL, NULL);
INSERT INTO IELTSQuestion (id, sectionId, questionIndex, questionType, questionText, passageText, options, correctAnswer) VALUES (179, 1910, 1, 'true_false', 'People had expected Andy Murray to become the world\'s top tennis player for at least five years before 2016.', NULL, NULL, 'FALSE');
INSERT INTO IELTSQuestion (id, sectionId, questionIndex, questionType, questionText, passageText, options, correctAnswer) VALUES (180, 1910, 2, 'true_false', 'The change that Andy Murray made to his rackets attracted a lot of attention.', NULL, NULL, 'FALSE');
INSERT INTO IELTSQuestion (id, sectionId, questionIndex, questionType, questionText, passageText, options, correctAnswer) VALUES (181, 1910, 3, 'true_false', 'Most of the world\'s top players take a professional racket stringer on tour with them.', NULL, NULL, 'NOT GIVEN');
INSERT INTO IELTSQuestion (id, sectionId, questionIndex, questionType, questionText, passageText, options, correctAnswer) VALUES (182, 1910, 4, 'true_false', 'Mike and Bob Bryan use rackets that are light in comparison to the majority of rackets.', NULL, NULL, 'FALSE');
INSERT INTO IELTSQuestion (id, sectionId, questionIndex, questionType, questionText, passageText, options, correctAnswer) VALUES (183, 1910, 5, 'true_false', 'Werner Fischer played with a spaghetti-strung racket that he designed himself.', NULL, NULL, 'NOT GIVEN');
INSERT INTO IELTSQuestion (id, sectionId, questionIndex, questionType, questionText, passageText, options, correctAnswer) VALUES (184, 1910, 6, 'true_false', 'The weather can affect how professional players adjust the strings on their rackets.', NULL, NULL, 'TRUE');
INSERT INTO IELTSQuestion (id, sectionId, questionIndex, questionType, questionText, passageText, options, correctAnswer) VALUES (185, 1910, 7, 'true_false', 'It was believed that the change Pete Sampras made to his rackets contributed to his strong serve.', NULL, NULL, 'TRUE');
INSERT INTO IELTSQuestion (id, sectionId, questionIndex, questionType, questionText, passageText, options, correctAnswer) VALUES (186, 1910, 8, 'fill_blank', '·Mike and Bob Bryan made changes to the types of ______ used on their racket frames.', '## The tennis racket and how it has changed\n\n·Mike and Bob Bryan made changes to the types of (8) ______ used on their racket frames.\n·Players were not allowed to use the spaghetti-strung racket because of the amount of (9) ______ it created.\n·Changes to rackets can be regarded as being as important as players\' diets or the (10) ______ they do.\n·All rackets used to have natural strings made from the (11) ______ of animals.\n·Pete Sampras had metal (12) ______ put into the frames of his rackets.\n·Gonçalo Oliveira changed the (13) ______ on his racket handles.', NULL, 'paint');
INSERT INTO IELTSQuestion (id, sectionId, questionIndex, questionType, questionText, passageText, options, correctAnswer) VALUES (187, 1910, 9, 'fill_blank', '·Players were not allowed to use the spaghetti-strung racket because of the amount of ______ it created.', NULL, NULL, 'topspin');
INSERT INTO IELTSQuestion (id, sectionId, questionIndex, questionType, questionText, passageText, options, correctAnswer) VALUES (188, 1910, 10, 'fill_blank', '·Changes to rackets can be regarded as being as important as players\' diets or the ______ they do.', NULL, NULL, 'training');
INSERT INTO IELTSQuestion (id, sectionId, questionIndex, questionType, questionText, passageText, options, correctAnswer) VALUES (189, 1910, 11, 'fill_blank', '·All rackets used to have natural strings made from the ______ of animals.', NULL, NULL, 'intestines|gut');
INSERT INTO IELTSQuestion (id, sectionId, questionIndex, questionType, questionText, passageText, options, correctAnswer) VALUES (190, 1910, 12, 'fill_blank', '·Pete Sampras had metal ______ put into the frames of his rackets.', NULL, NULL, 'weights');
INSERT INTO IELTSQuestion (id, sectionId, questionIndex, questionType, questionText, passageText, options, correctAnswer) VALUES (191, 1910, 13, 'fill_blank', '·Gonçalo Oliveira changed the ______ on his racket handles.', NULL, NULL, 'grips');
INSERT INTO IELTSExamSection (id, examId, sectionIndex, title, instructions, audioUrl, imageUrl) VALUES (1920, 191, 2, 'Passage 2: The pirates of the ancient Mediterranean', 'In the first and second millennia BCE, pirates sailed around the Mediterranean, attacking ships and avoiding pursuers\n\n\n\nA\nWhen one mentions pirates, an image springs to most people\'s minds of a crew of misfits, daredevils and adventurers in command of a tall sailing ship in the Caribbean Sea. Yet from the first to the third millennium BCE, thousands of years before these swashbucklers began spreading fear across the Caribbean, pirates prowled the Mediterranean, raiding merchant ships and threatening vital trade routes. However, despite all efforts and the might of various ancient states, piracy could not be stopped. The situation remained unchanged for thousands of years. Only when the pirates directly threatened the interests of ancient Rome did the Roman Republic organise a massive fleet to eliminate piracy. Under the command of the Roman general Pompey, Rome eradicated piracy, transforming the Mediterranean into \'Mare Nostrum\' (Our Sea).\n\n\n\nB\nAlthough piracy in the Mediterranean is first recorded in ancient Egypt during the reign of Pharaoh Amenhotep III (c 1390–1353 BCE), it is reasonable to assume it predated this powerful civilisation. This is partly due to the great importance the Mediterranean held at this time, and partly due to its geography. While the Mediterranean region is predominantly fertile, some parts are rugged and hilly, even mountainous. In the ancient times, the inhabitants of these areas relied heavily on marine resources, including fish and salt. Most had their own boats, possessed good seafaring skills, and unsurpassed knowledge of the local coastline and sailing routes. Thus, it is not surprising that during hardships, these men turned to piracy. Geography itself further benefited the pirates, with the numerous coves along the coast providing places for them to hide their boats and strike undetected. Before   the invention of ocean-going caravels* in the 15th century, ships could not easily cross long distances over open water. Thus, in the ancient world most were restricted to a few well-known navigable routes that followed the coastline. Caught in a trap, a slow merchant ship laden with goods had no other option but to surrender. In addition, knowledge of the local  area helped the pirates to avoid retaliation once a state fleet arrived.\n\n\n\nC\nOne should also add that it was not unknown in the first and second millennia BCE for governments to resort to pirates\' services, especially during wartime, employing their skills and numbers against their opponents. A pirate fleet would serve in the first wave of attack, preparing the way for the navy. Some of the regions were known for providing safe harbours to pirates, who, in return, boosted the local economy.\n\n\n\nD\nThe first known record of a named group of Mediterranean pirates, made during the rule of ancient Egyptian Pharaoh Akhenaten (c 1353–1336 BCE), was in the Amarna Letters. These were extracts of diplomatic correspondence between the pharaoh and his allies, and covered  many pressing issues, including piracy. It seems the pharaoh was troubled by two distinct pirate groups, the Lukka and the Sherden. Despite the Egyptian fleet\'s best efforts, the pirates continued to cause substantial disruption to regional commerce. In the letters, the king of Alashiya (modern Cyprus) rejected Akhenaten\'s claims of a connection with the Lukka (based in modern-day Turkey). The king assured Akhenaten he was prepared to punish any of his subjects involved in piracy.\n\n\n\nE\nThe ancient Greek world\'s experience of piracy was different from that of Egyptian rulers. While Egypt\'s power was land-based, the ancient Greeks relied on the Mediterranean in almost all aspects of life, from trade to warfare. Interestingly, in his works the Iliad and the Odyssey, the ancient Greek writer Homer not only condones, but praises the lifestyle and actions of pirates. The opinion remained unchanged in the following centuries. The ancient Greek historian Thucydides, for instance, glorified pirates\' daring attacks on ships or even cities. For Greeks, piracy was a part of everyday life. Even high-ranking members of the state were not beyond engaging in such activities. According to the Greek orator Demosthenes, in 355 BCE, Athenian ambassadors made a detour from their official travel to capture a ship sailing from Egypt, taking the wealth found onboard for themselves! The Greeks\' liberal approach towards piracy does not mean they always tolerated it, but attempts to curtail piracy were hampered by the large number of pirates operating in the Mediterranean.\n\n\n\nF\nThe rising power of ancient Rome required the Roman Republic to deal with piracy in the Mediterranean. While piracy was a serious issue for the Republic, Rome profited greatly from its existence. Pirate raids provided a steady source of slaves, essential for Rome\'s agriculture and mining industries. But this arrangement could work only while the pirates left Roman interests alone. Pirate attacks on grain ships, which were essential to Roman citizens,  led to angry voices in the Senate, demanding punishment of the culprits. Rome, however, did nothing, further encouraging piracy. By the 1st century BCE, emboldened pirates kidnapped   prominent Roman dignitaries, asking for a large ransom to be paid. Their most famous hostage was none other than Julius Caesar, captured in 75 BCE.\n\n\n\nG\nBy now, Rome was well aware that pirates had outlived their usefulness. The time had come for concerted action. In 67 BCE, a new law granted Pompey vast funds to combat the Mediterranean menace. Taking personal command, Pompey divided the entire Mediterranean into 13 districts, assigning a fleet and commander to each. After cleansing one district of pirates, the fleet would join another in the next district. The process continued until the entire Mediterranean was free of pirates. Although thousands of pirates died at the hands of Pompey\'s troops, as a long-term solution to the problem, many more were offered land in fertile areas located far from the sea. Instead of a maritime menace, Rome got productive farmers that further boosted its economy.\n\n\n* caravel: a small, highly manoeuvrable sailing ship developed by the Portuguese.\n\nReading Passage 2 has seven paragrephs A-G . Which paragreph contains the following information? Write the correct letter A-G in boxes 14-19 on your answer sheet. NB You may use any letter more than once.\n\nChoose TWO letters, A–E. Write the correct letters in boxes 20 and 21 on your answer sheet.\n\nChoose TWO letters, A–E. Write the correct letters in boxes 22 and 23 on your answer sheet.\n\nComplete the summary below. Choose ONE WORD ONLY from the passage for each answer. Write your answers in boxes 24–26 on your answer sheet.', NULL, NULL);
INSERT INTO IELTSQuestion (id, sectionId, questionIndex, questionType, questionText, passageText, options, correctAnswer) VALUES (192, 1920, 14, 'matching', 'a reference to a denial of involvement in piracy', NULL, '["A","B","C","D","E","F","G"]', 'D');
INSERT INTO IELTSQuestion (id, sectionId, questionIndex, questionType, questionText, passageText, options, correctAnswer) VALUES (193, 1920, 15, 'matching', 'details of how a campaign to eradicate piracy was carried out', NULL, '["A","B","C","D","E","F","G"]', 'G');
INSERT INTO IELTSQuestion (id, sectionId, questionIndex, questionType, questionText, passageText, options, correctAnswer) VALUES (194, 1920, 16, 'matching', 'a mention of the circumstances in which states in the ancient world would make use of pirates', NULL, '["A","B","C","D","E","F","G"]', 'C');
INSERT INTO IELTSQuestion (id, sectionId, questionIndex, questionType, questionText, passageText, options, correctAnswer) VALUES (195, 1920, 17, 'matching', 'a reference to how people today commonly view pirates', NULL, '["A","B","C","D","E","F","G"]', 'A');
INSERT INTO IELTSQuestion (id, sectionId, questionIndex, questionType, questionText, passageText, options, correctAnswer) VALUES (196, 1920, 18, 'matching', 'an explanation of how some people were encouraged not to return to piracy', NULL, '["A","B","C","D","E","F","G"]', 'G');
INSERT INTO IELTSQuestion (id, sectionId, questionIndex, questionType, questionText, passageText, options, correctAnswer) VALUES (197, 1920, 19, 'matching', 'a mention of the need for many sailing vessels to stay relatively close to land', NULL, '["A","B","C","D","E","F","G"]', 'B');
INSERT INTO IELTSQuestion (id, sectionId, questionIndex, questionType, questionText, passageText, options, correctAnswer) VALUES (198, 1920, 20, 'multiple_choice', 'Which **TWO** of the following statements does the writer make about inhabitants of the Mediterranean region in the ancient world?', NULL, '["A. They often used stolen vessels to carry out pirate attacks.","B. They managed to escape capture by the authorities because they knew the area so well.","C. They paid for information about the routes merchant ships would take.","D. They depended more on the sea for their livelihood than on farming.","E. They stored many of the goods taken in pirate attacks in coves along the coastline."]', 'B. They managed to escape capture by the authorities because they knew the area so well.');
INSERT INTO IELTSQuestion (id, sectionId, questionIndex, questionType, questionText, passageText, options, correctAnswer) VALUES (199, 1920, 21, 'multiple_choice', 'Which **TWO** of the following statements does the writer make about inhabitants of the Mediterranean region in the ancient world?', NULL, '["A. They often used stolen vessels to carry out pirate attacks.","B. They managed to escape capture by the authorities because they knew the area so well.","C. They paid for information about the routes merchant ships would take.","D. They depended more on the sea for their livelihood than on farming.","E. They stored many of the goods taken in pirate attacks in coves along the coastline."]', 'D. They depended more on the sea for their livelihood than on farming.');
INSERT INTO IELTSQuestion (id, sectionId, questionIndex, questionType, questionText, passageText, options, correctAnswer) VALUES (200, 1920, 22, 'multiple_choice', 'Which ** TWO ** of the following statements does the writer make about piracy and ancient Greece?', NULL, '["A. The state estimated that very few people were involved in piracy.","B. Attitudes towards piracy changed shortly after the Iliad and the Odyssey were written.","C. Important officials were known to occasionally take part in piracy.","D. Every citizen regarded pirate attacks on cities as unacceptable.","E. A favourable view of piracy is evident in certain ancient Greek texts."]', 'C. Important officials were known to occasionally take part in piracy.');
INSERT INTO IELTSQuestion (id, sectionId, questionIndex, questionType, questionText, passageText, options, correctAnswer) VALUES (201, 1920, 23, 'multiple_choice', 'Which ** TWO ** of the following statements does the writer make about piracy and ancient Greece?', NULL, '["A. The state estimated that very few people were involved in piracy.","B. Attitudes towards piracy changed shortly after the Iliad and the Odyssey were written.","C. Important officials were known to occasionally take part in piracy.","D. Every citizen regarded pirate attacks on cities as unacceptable.","E. A favourable view of piracy is evident in certain ancient Greek texts."]', 'E. A favourable view of piracy is evident in certain ancient Greek texts.');
INSERT INTO IELTSQuestion (id, sectionId, questionIndex, questionType, questionText, passageText, options, correctAnswer) VALUES (202, 1920, 24, 'fill_blank', 'However, attacks on vessels transporting ______ to Rome resulted in calls for ______ for the pirates responsible. Nevertheless, piracy continued, with some pirates demanding a ______ for the return of the Roman officials they captured.', '## Ancient Rome and piracy\n\nPiracy was an issue ancient Rome had to deal with, but it also brought some benefits for Rome. For example, pirates supplied slaves that were important for Rome\'s industries.\n\n\nHowever, attacks on vessels transporting (24) ______ to Rome resulted in calls for (25) ______ for the pirates responsible. Nevertheless, piracy continued, with some pirates demanding a  (26) ______ for the return of the Roman officials they captured.', NULL, 'grain');
INSERT INTO IELTSQuestion (id, sectionId, questionIndex, questionType, questionText, passageText, options, correctAnswer) VALUES (203, 1920, 25, 'fill_blank', 'However, attacks on vessels transporting ______ to Rome resulted in calls for ______ for the pirates responsible. Nevertheless, piracy continued, with some pirates demanding a ______ for the return of the Roman officials they captured.', NULL, NULL, 'punishment');
INSERT INTO IELTSQuestion (id, sectionId, questionIndex, questionType, questionText, passageText, options, correctAnswer) VALUES (204, 1920, 26, 'fill_blank', 'However, attacks on vessels transporting ______ to Rome resulted in calls for ______ for the pirates responsible. Nevertheless, piracy continued, with some pirates demanding a ______ for the return of the Roman officials they captured.', NULL, NULL, 'ransom');
INSERT INTO IELTSExamSection (id, examId, sectionIndex, title, instructions, audioUrl, imageUrl) VALUES (1930, 191, 3, 'Passage 3: The persistence and peril of misinformation', 'Brian Southwell looks at how human brains verify information and discusses some of the challenges of battling widespread falsehoods\n\n\nMisinformation – both deliberately promoted and accidentally shared – is perhaps an inevitable part of the world in which we live, but it is not a new problem. People likely have lied to one another for roughly as long as verbal communication has existed. Deceiving others can offer an apparent opportunity to gain strategic advantage, to motivate others to action, or even to protect interpersonal bonds. Moreover, people inadvertently have been sharing inaccurate information with one another for thousands of years.\n\n\nHowever, we currently live in an era in which technology enables information to reach large audiences distributed across the globe, and thus the potential for immediate and widespread effects from misinformation now looms larger than in the past. Yet the means to correct misinformation might, over time, be found in those same patterns of mass communication and of the facilitated spread of information.\n\n\nThe main worry regarding misinformation is its potential to unduly influence attitudes and behavior, leading people to think and act differently than they would if they were correctly informed, as suggested by the research teams of Stephan Lewandowsky of the University of Bristol and Elizabeth Marsh of Duke University, among others. In other words, we worry that misinformation might lead people to hold misperceptions (or false beliefs) and that these misperceptions,especially when they occur among large groups of people, may have detrimental, downstream consequences for health, social harmony, and the political climate.\n\n\nAt least three observations related to misinformation in the contemporary mass-media environment warrant the attention of researchers, policymakers, and really everyone who watches television, listens to the radio, or reads information online. First of all, people who encounter misinformation tend to believe it, at least initially. Secondly, electronic and print media often do not block many types of misinformation before it appears in content available to large audiences. Thirdly, countering misinformation once it has enjoyed wide exposure can be a resource-intensive effort.\n\n\nKnowing what happens when people initially encounter misinformation holds tremendous importance for estimating the potential for subsequent problems. Although it is fairly routine for individuals to come across information that is false, the question of exactly how – and when – we mentally label information as true or false has garnered philosophical debate. The dilemma is neatly summarized by a contrast between how the 17th-century philosophers René Descartes and Baruch Spinoza described human information engagement, with conflicting predictions that only recently have been empirically tested in robust ways. Descartes argued that a person only accepts or rejects information after considering its truth or falsehood; Spinoza argued that people accept all encountered information (or misinformation) by default and then subsequently verify or reject it through a separate cognitive process. In recent decades, empirical evidence from the research teams of ErikAsp of the University of Chicago and Daniel Gilbert at Harvard University, among others, has supported Spinoza\'s account: people appear to encode all new information as if it were true, even if only momentarily, and later tag the information as being either true or false, a pattern that seems consistent with the observation that mental resources for skepticism physically reside in a different part of the brain than the resources used in perceiving and encoding.\n\n\nWhat about our second observation that misinformation often can appear in electronic or print media without being preemptively blocked? In support of this, one might consider the nature of regulatory structures in the United States: regulatory agencies here tend to focus on post hoc detection of broadcast information. Organizations such as the Food and Drug Administration (FDA) offer considerable monitoring and notification functions, but these roles typically do not involve preemptive censoring. The FDA oversees direct-to-consumer prescription drug advertising, for example, and has developed mechanisms such as the \'Bad Ad\' program, through which people can report advertising in apparent violation of FDA guidelines on drug risks. Such programs, although laudable and useful, do not keep false advertising off the airwaves. In addition, even misinformation that is successfully corrected can continue to affect attitudes.\n\n\nThis leads us to our third observation: a campaign to correct misinformation, even if rhetorically compelling, requires resources and planning to accomplish necessary reach and frequency. For corrective campaigns to be persuasive, audiences need to be able to comprehend them, which requires either effort to frame messages in ways that are accessible or effort to educate and sensitize audiences to the possibility of misinformation. That some audiences might be unaware of the potential for misinformation also suggests the utility of media literacy efforts as early as elementary school. Even with journalists and scholars pointing to the phenomenon of \'fake news\', people do not distinguish between demonstrably false stories and those based in fact when scanning and processing written information.\n\n\nWe live at a time when widespread misinformation is common. Yet at this time many people also are passionately developing potential solutions and remedies. The journey forward undoubtedly will be a long and arduous one. Future remedies will require not only continued theoretical consideration but also the development and maintenance of consistent monitoring tools – and a recognition among fellow members of society that claims which find prominence in the media that are insufficiently based in scientific consensus and social reality should be countered. Misinformation arises as a result of human fallibility and human information needs. To overcome the worst effects of the phenomenon, we will need coordinated efforts over time, rather than any singular one-time panacea we could hope to offer.\n\nChoose the correct letter, A, B, C or D . Write the correct letter in boxes 27–30 on your answer sheet.\n\nComplete the summary using the list of phrases, A–J, below. Write the correct letter, A–J, in boxes 31–36 on your answer sheet.\n\nDo the following statements agree with the claims of the writer in Reading Passage 3? In boxes 37–40 on your answer sheet, write YES if the statement agrees with the claims of the writer NO if the statement contradicts the claims of the writer NOT GIVEN if it is impossible to say what the writer thinks about this', NULL, NULL);
INSERT INTO IELTSQuestion (id, sectionId, questionIndex, questionType, questionText, passageText, options, correctAnswer) VALUES (205, 1930, 27, 'multiple_choice', 'What point does the writer make about misinformation in the first paragraph?', NULL, '["A. Misinformation is a relatively recent phenomenon","B. Some people find it easy to identify misinformation","C. Misinformation changes as it is passed from one person to another","D. There may be a number of reasons for the spread of misinformation"]', 'There may be a number of reasons for the spread of misinformation.');
INSERT INTO IELTSQuestion (id, sectionId, questionIndex, questionType, questionText, passageText, options, correctAnswer) VALUES (206, 1930, 28, 'multiple_choice', 'What does the writer say about the role of technology?', NULL, '["A. It may at some point provide us with a solution to misinformation","B. It could fundamentally alter the way in which people regard information","C. It has changed the way in which organisations use misinformation","D. It has made it easier for people to check whether information is accurate"]', 'It may at some point provide us with a solution to misinformation.');
INSERT INTO IELTSQuestion (id, sectionId, questionIndex, questionType, questionText, passageText, options, correctAnswer) VALUES (207, 1930, 29, 'multiple_choice', 'What is the writer doing in the fourth paragraph?', NULL, '["A. comparing the different opinions people have of misinformation","B. explaining how the effects of misinformation have changed over time","C. outlining which issues connected with misinformation are significant today","D. describing the attitude of policy makers towards misinformation in the media"]', 'outlining which issues connected with misinformation are significant today');
INSERT INTO IELTSQuestion (id, sectionId, questionIndex, questionType, questionText, passageText, options, correctAnswer) VALUES (208, 1930, 30, 'multiple_choice', 'What point does the writer make about regulation in the USA?', NULL, '["A. The guidelines issued by the FDA need to be simplified","B. Regulation does not affect people\'s opinions of new prescription drugs","C. The USA has more regulatory bodies than most other countries","D. Regulation fails to prevent misinformation from appearing in the media"]', 'Regulation fails to prevent misinformation from appearing in the media.');
INSERT INTO IELTSQuestion (id, sectionId, questionIndex, questionType, questionText, passageText, options, correctAnswer) VALUES (209, 1930, 31, 'matching', 'Speech translation methods are developing fast in Japan', 'Although people have to misinformation, there is debate about precisely how and when we label something as true or untrue. The philosophers Descartes and Spinoza had about how people engage with information. While Descartes believed that people accept or reject information after considering whether it is true or not, Spinoza argued that people accepted all information they encountered (and by default misinformation) and did not verify or reject it until afterwards. Moreover, Spinoza believed that a distinct is involved in these stages. Recent research has provided for Spinoza\'s theory and it would appear that people accept all encountered information as if it were true, even if this is for an extremely , and do not label the information as true or false until later. This is consistent with the fact that the resources for scepticism and the resources for perceiving and encoding are in in the brain.', '["constant conflict","additional evidence","different locations","experimental subjects","short period","extreme distrust","frequent exposure","mental operation","dubious reason","different ideas"]', 'frequent exposure');
INSERT INTO IELTSQuestion (id, sectionId, questionIndex, questionType, questionText, passageText, options, correctAnswer) VALUES (210, 1930, 32, 'matching', 'TV interviews that use translation voice over methods are successful', NULL, '["constant conflict","additional evidence","different locations","experimental subjects","short period","extreme distrust","frequent exposure","mental operation","dubious reason","different ideas"]', 'different ideas');
INSERT INTO IELTSQuestion (id, sectionId, questionIndex, questionType, questionText, passageText, options, correctAnswer) VALUES (211, 1930, 33, 'matching', 'Many people who ended up winning prestigious intellectual prizes only reached an average standard when young.', NULL, '["constant conflict","additional evidence","different locations","experimental subjects","short period","extreme distrust","frequent exposure","mental operation","dubious reason","different ideas"]', 'mental operation');
INSERT INTO IELTSQuestion (id, sectionId, questionIndex, questionType, questionText, passageText, options, correctAnswer) VALUES (212, 1930, 34, 'matching', 'Einstein\'s failures as a young man were due to his lack of confidence.', NULL, '["constant conflict","additional evidence","different locations","experimental subjects","short period","extreme distrust","frequent exposure","mental operation","dubious reason","different ideas"]', 'additional evidence');
INSERT INTO IELTSQuestion (id, sectionId, questionIndex, questionType, questionText, passageText, options, correctAnswer) VALUES (213, 1930, 35, 'matching', 'Language translation systems will be seen as very useful throughout the academic and professional worlds.', NULL, '["constant conflict","additional evidence","different locations","experimental subjects","short period","extreme distrust","frequent exposure","mental operation","dubious reason","different ideas"]', 'short period');
INSERT INTO IELTSQuestion (id, sectionId, questionIndex, questionType, questionText, passageText, options, correctAnswer) VALUES (214, 1930, 36, 'matching', 'Some anthropologists are mistaken about the point when the number of societies such as the !Kung began to decline.', NULL, '["constant conflict","additional evidence","different locations","experimental subjects","short period","extreme distrust","frequent exposure","mental operation","dubious reason","different ideas"]', 'different locations');
INSERT INTO IELTSQuestion (id, sectionId, questionIndex, questionType, questionText, passageText, options, correctAnswer) VALUES (215, 1930, 37, 'true_false', 'Campaigns designed to correct misinformation will fail to achieve their purpose if people are unable to understand them.', NULL, NULL, 'YES');
INSERT INTO IELTSQuestion (id, sectionId, questionIndex, questionType, questionText, passageText, options, correctAnswer) VALUES (216, 1930, 38, 'true_false', 'Attempts to teach elementary school students about misinformation have been opposed.', NULL, NULL, 'NOT GIVEN');
INSERT INTO IELTSQuestion (id, sectionId, questionIndex, questionType, questionText, passageText, options, correctAnswer) VALUES (217, 1930, 39, 'true_false', 'It may be possible to overcome the problem of misinformation in a relatively short period.', NULL, NULL, 'NO');
INSERT INTO IELTSQuestion (id, sectionId, questionIndex, questionType, questionText, passageText, options, correctAnswer) VALUES (218, 1930, 40, 'true_false', 'The need to keep up with new information is hugely exaggerated in today\'s world.', NULL, NULL, 'NOT GIVEN');
INSERT INTO IELTSExam (id, title, type, totalQuestions) VALUES (192, '剑桥雅思 19 - Test 2 阅读', 'reading', 40);
INSERT INTO IELTSExamSection (id, examId, sectionIndex, title, instructions, audioUrl, imageUrl) VALUES (1921, 192, 1, 'Passage 1: The Industrial Revolution in Britain', 'The Industrial Revolution began in Britain in the mid-1700s and by the 1830s and 1840s had spread to many other parts of the world, including the United States. In Britain, it was a period when a largely rural, agrarian* society was transformed into an industrialised, urban one. Goods that had once been crafted by hand started to be produced in mass quantities  by machines in factories, thanks to the invention of steam power and the introduction of new machines and manufacturing techniques in textiles, iron-making and other industries.\n\n\nThe foundations of the Industrial Revolution date back to the early 1700s,when the English inventor Thomas Newcomen designed the first modern steam engine. Called the \'atmospheric steam engine\', Newcomen\'s invention was originally used to power machines that pumped water out of mines. In the 1760s, the Scottish engineer James Watt started to adapt one of Newcomen\'s models,and succeeded in making it far more efficient. Watt later worked with the English manufacturer Matthew Boulton to invent a new steam engine driven by both the forward and backward strokes of the piston, while the gear mechanism it was connected to produced rotary motion. It was a key innovation that would allowsteam power to spread across British industries.\n\n\nThe demand for coal, which was a relatively cheap energy source, grew rapidly during the Industrial Revolution, as it was needed to run not only the factories used to produce manufactured goods, but also steam-powered transportation. In the early 1800s, the English engineer Richard Trevithick built a steam-powered locomotive, and by 1830 goods and passengers were being transported between the industrial centres of Manchester and Liverpool. In addition, steam-powered boats and ships were widely used to carry goods along Britain\'s canals as well as across the Atlantic.\n\n\nBritain had produced textiles like wool, linen and cotton, for hundreds of years, but prior  to the Industrial Revolution, the British textile business was a true \'cottage industry\', with the work performed in small workshops or even homes by individual spinners, weavers and dyers. Starting in the mid-1700s, innovations like the spinning jenny and the power loom made weaving cloth and spinning yarn and thread much easier. With these machines, relatively little labour was required to produce cloth, and the new, mechanised textile factories that opened around the country were quickly able to meet customer demand for cloth both at home and abroad. \n\n\nThe British iron industry also underwent major change as it adopted new innovations. Chief among the new techniques was the smelting of iron ore with coke (a material made by heating coal) instead of the traditional charcoal. This method was cheaper and produced metals that were of a higher quality, enabling Britain\'s iron and steel production to expand in response to demand created by the Napoleonic Wars (1803–15) and the expansion of the railways from the 1830s.\n\n\nThe latter part of the Industrial Revolution also saw key advances in communication methods, as people increasingly saw the need to communicate efficiently over long distances. In 1837, British inventors William Cooke and Charles Wheatstone patented the first commercial telegraphy system. In the 1830s and 1840s, Samuel Morse and other inventors worked on their own versions in the United States. Cooke and Wheatstone\'s system was soon used for railway signalling in the UK. As the speed of the new locomotives increased, it was essential to have a fast and effective means of avoiding collisions.\n\n\nThe impact of the Industrial Revolution on people\'s lives was immense. Although many people in Britain had begun moving to the cities from rural areas before the Industrial Revolution, this accelerated dramatically with industrialisation, as the rise of large factories turned smaller towns into major cities in just a few decades. This rapid urbanisation brought significant challenges, as overcrowded cities suffered from pollution and inadequate sanitation.\n\n\nAlthough industrialisation increased the country\'s economic output overall and improved the standard of living for the middle and upper classes, many poor people continued to struggle. Factory workers had to work long hours in dangerous conditions for extremely low wages. These conditions along with the rapid pace of change fuelled opposition to industrialisation. A group of British workers who became known as \'Luddites\' were British weavers and textile workers who objected to the increased use of mechanised looms and knitting frames. Many had spent years learning their craft, and they feared that unskilled machine operators were robbing them of their livelihood. A few desperate weavers began breaking into factories and smashing textile machines. They called themselves Luddites after Ned Ludd, a young apprentice who was rumoured to have wrecked a textile machine in 1779.\n\n\nThe first major instances of machine breaking took place in 1811 in the city of Nottingham, and the practice soon spread across the country. Machine-breaking Luddites attacked and burned factories, and in some cases they even exchanged gunfire with company guards and soldiers. The workers wanted employers to stop installing new machinery, but the British government responded to the uprisings by making machine-breaking punishable by death. The unrest finally reached its peak in April 1812, when a few Luddites were shot during an attack on a mill near Huddersfield. In the days that followed, other Luddites were arrested, and dozens were hanged or transported to Australia. By 1813, the Luddite resistance had all but vanished.\n\n\n* agrarian: relating to the land, especially the use of land for farming\n\nCopmlete the sentences below. Write ONE WORD ONLY from the passage for each answer. Write your answers in boxes 1–7 on your answer sheet.\n\nDo the following statements agree with the information given in Reading Passage 1? In boxes 8–13 on your answer sheet, write TRUE if the statement agrees with the claims of the writer FALSE if the statement contradicts the claims of the writer NOT GIVEN if it is impossible to say what the writer thinks about this', NULL, NULL);
INSERT INTO IELTSQuestion (id, sectionId, questionIndex, questionType, questionText, passageText, options, correctAnswer) VALUES (219, 1921, 1, 'fill_blank', '● In Watt and Boulton\'s steam engine, the movement of the ______ was linked to a gear system.', '## Britain\'s Industrial Revolution\n\nSteam power\n\n\n●   Newcomen\'s steam engine was used in mines to remove water.\n\n\n●   In Watt and Boulton\'s steam engine, the movement of the (1) ______ was linked to a gear system.\n\n\n●   A greater supply of (2) ______  was required to power steam engines.\n\n\n\nTextile industry\n\n\n●   Before the Industrial Revolution, spinners and weavers worked at home and in (3) ______  .\n\n\n●   Not as much (4) ______  was needed to produce cloth once the spinning jenny and power loom were invented.\n\n\n\nIron industry\n\n\n●   Smelting of iron ore with coke resulted in material that was better (5) ______ .\n\n●   Demand for iron increased with the growth of the (6) ______ \n\n\n\nCommunications\n\n●   Cooke and Wheatstone patented the first telegraphy system.\n\n\n●   The telegraphy system was used to prevent locomotives colliding.\n\n\n\nUrbanisation\n\n\n●   Small towns turned into cities very quickly.\n\n\n●   The new cities were dirty, crowded and lacked sufficient (7) ______  .', NULL, 'piston');
INSERT INTO IELTSQuestion (id, sectionId, questionIndex, questionType, questionText, passageText, options, correctAnswer) VALUES (220, 1921, 2, 'fill_blank', '● A greater supply of ______ was required to power steam engines.', NULL, NULL, 'coal');
INSERT INTO IELTSQuestion (id, sectionId, questionIndex, questionType, questionText, passageText, options, correctAnswer) VALUES (221, 1921, 3, 'fill_blank', '● Before the Industrial Revolution, spinners and weavers worked at home and in ______ .', NULL, NULL, 'workshops');
INSERT INTO IELTSQuestion (id, sectionId, questionIndex, questionType, questionText, passageText, options, correctAnswer) VALUES (222, 1921, 4, 'fill_blank', '● Not as much ______ was needed to produce cloth once the spinning jenny and power loom were invented.', NULL, NULL, 'labour|labor');
INSERT INTO IELTSQuestion (id, sectionId, questionIndex, questionType, questionText, passageText, options, correctAnswer) VALUES (223, 1921, 5, 'fill_blank', '● Smelting of iron ore with coke resulted in material that was better ______ .', NULL, NULL, 'quality');
INSERT INTO IELTSQuestion (id, sectionId, questionIndex, questionType, questionText, passageText, options, correctAnswer) VALUES (224, 1921, 6, 'fill_blank', '● Demand for iron increased with the growth of the ______', NULL, NULL, 'railways|railway');
INSERT INTO IELTSQuestion (id, sectionId, questionIndex, questionType, questionText, passageText, options, correctAnswer) VALUES (225, 1921, 7, 'fill_blank', '● The new cities were dirty, crowded and lacked sufficient ______ .', NULL, NULL, 'sanitation');
INSERT INTO IELTSQuestion (id, sectionId, questionIndex, questionType, questionText, passageText, options, correctAnswer) VALUES (226, 1921, 8, 'true_false', 'Britain\'s canal network grew rapidly so that more goods could be transported around the country.', NULL, NULL, 'NOT GIVEN');
INSERT INTO IELTSQuestion (id, sectionId, questionIndex, questionType, questionText, passageText, options, correctAnswer) VALUES (227, 1921, 9, 'true_false', 'Costs in the iron industry rose when the technique of smelting iron ore with coke was introduced.', NULL, NULL, 'FALSE');
INSERT INTO IELTSQuestion (id, sectionId, questionIndex, questionType, questionText, passageText, options, correctAnswer) VALUES (228, 1921, 10, 'true_false', 'Samuel Morse\'s communication system was more reliable than that developed by William Cooke and Charles Wheatstone.', NULL, NULL, 'NOT GIVEN');
INSERT INTO IELTSQuestion (id, sectionId, questionIndex, questionType, questionText, passageText, options, correctAnswer) VALUES (229, 1921, 11, 'true_false', 'The economic benefits of industrialisation were limited to certain sectors of society.', NULL, NULL, 'TRUE');
INSERT INTO IELTSQuestion (id, sectionId, questionIndex, questionType, questionText, passageText, options, correctAnswer) VALUES (230, 1921, 12, 'true_false', 'Some skilled weavers believed that the introduction of the new textile machines would lead to job losses.', NULL, NULL, 'TRUE');
INSERT INTO IELTSQuestion (id, sectionId, questionIndex, questionType, questionText, passageText, options, correctAnswer) VALUES (231, 1921, 13, 'true_false', 'There was some sympathy among local people for the Luddites who were arrested near Huddersfield.', NULL, NULL, 'NOT GIVEN');
INSERT INTO IELTSExamSection (id, examId, sectionIndex, title, instructions, audioUrl, imageUrl) VALUES (1922, 192, 2, 'Passage 2: Athletes and stress', 'A\nIt isn\'t easy being a professional athlete. Not only are the physical demands greater than most people could handle, athletes also face intense psychological pressure during competition. This is something that British tennis player Emma Raducanu wrote about on social media following her withdrawal from the 2021 Wimbledon tournament. Though the young player had been doing well in the tournament, she began having difficulty regulating her breathing and heart rate during a match, which she later attributed to \'the accumulation of the excitement and the buzz\'.\n\nB\nFor athletes, some level of performance stress is almost unavoidable. But there are many different factors that dictate just how people\'s minds and bodies respond to stressful events. Typically, stress is the result of an exchange between two factors: demands and resources. An athlete may feel stressed about an event if they feel the demands on them are greater than they can handle. These demands include the high level of physical and mental effort required to succeed, and also the athlete\'s concerns about the difficulty of the event, their chance of succeeding, and any potential dangers such as injury. Resources, on the other hand, are a person\'s ability to cope with these demands. These include factors such as the competitor\'s degree of confidence, how much they believe they can control the situation\'s outcome, and whether they\'re looking forward to the event or not.\n\nC\nEach new demand or change in circumstances affects whether a person responds positively or negatively to stress. Typically, the more resources a person feels they have in handling the situation, the more positive their stress response. This positive stress response is called a challenge state. But should the person feel there are too many demands placed on them, the more likely they are to experience a negative stress response – known as a threat state. Research shows that the challenge states lead to good performance, while threat states lead to poorer performance. So, in Emma Raducanu\'s case, a much larger audience, higher expectations and facing a more skilful opponent, may all have led her to feel there were greater demands being placed on her at Wimbledon – but she didn\'t have the resources to tackle them. This led to her experiencing a threat response.\n\nD\nOur challenge and threat responses essentially influence how our body responds to stressful situations, as both affect the production of adrenaline and cortisol – also known as \'stress hormones\'. During a challenge state, adrenaline increases the amount of blood pumped from the heart and expands the blood vessels, which allows more energy to be delivered to the muscles and brain. This increase of blood and decrease of pressure in the blood vessels has been consistently related to superior sport performance in everything from cricket batting, to golf putting and football penalty taking. But during a threat state, cortisol inhibits the positive effect of adrenaline, resulting in tighter blood vessels, higher blood pressure, slower psychological responses, and a faster heart rate. In short, a threat state makes people more anxious – they make worse decisions and perform more poorly. In tennis players, cortisol has been associated with more unsuccessful serves and greater anxiety.\n\nE\nThat said, anxiety is also a common experience for athletes when they\'re under pressure. Anxiety can increase heart rate and perspiration, cause heart palpitations, muscle tremors and shortness of breath, as well as headaches, nausea, stomach pain, weakness and a desire to escape in more extreme cases. Anxiety can also reduce concentration and self-control and cause overthinking. The intensity with which a person experiences anxiety depends on the demands and resources they have. Anxiety may also manifest itself in the form of excitement or nervousness depending on the stress response. Negative stress responses can be damaging to both physical and mental health – and repeated episodes of anxiety coupled with negative responses can increase risk of heart disease and depression.\n\nF\nBut there are many ways athletes can ensure they respond positively under pressure. Positive stress responses can be promoted through the language that they and others – such as coaches or parents – use. Psychologists can also help athletes change how they see their physiological responses – such as helping them see a higher heart rate as excitement, rather than nerves. Developing psychological skills, such as visualisation, can also help decrease physiological responses to threat. Visualisation may involve the athlete recreating a mental picture of a time when they performed well, or picturing themselves doing well in the future. This can help create a feeling of control over the stressful event. Recreating competitive pressure during training can also help athletes learn how to deal with stress. An example of this might be scoring athletes against their peers to create a sense of competition. This would increase the demands which players experience compared to a normal training session, while still allowing them to practise coping with stress.\n\nReading Passage 2 has six paragraphs, A–F . Which paragraph contains the following information? Write the correct letter, A–F, in boxes 14–18 on your answer sheet. NB You may use any letter more than once.\n\nComplete the sentences below. Choose ONE WORD ONLY from the passage for each answer. Write your answers in boxes 19–22 on your answer sheet.\n\nChoose TWO letters, A–E . Write the correct letters in boxes 23 and 24 on your answer sheet.\n\nChoose TWO letters, A–E . Write the correct letters in boxes 25 and 26 on your answer sheet.', NULL, NULL);
INSERT INTO IELTSQuestion (id, sectionId, questionIndex, questionType, questionText, passageText, options, correctAnswer) VALUES (232, 1922, 14, 'matching', 'reference to two chemical compounds which impact on performance', NULL, '["A","B","C","D","E","F"]', 'D');
INSERT INTO IELTSQuestion (id, sectionId, questionIndex, questionType, questionText, passageText, options, correctAnswer) VALUES (233, 1922, 15, 'matching', 'examples of strategies for minimising the effects of stress', NULL, '["A","B","C","D","E","F"]', 'F');
INSERT INTO IELTSQuestion (id, sectionId, questionIndex, questionType, questionText, passageText, options, correctAnswer) VALUES (234, 1922, 16, 'matching', 'how a sportsperson accounted for their own experience of stress', NULL, '["A","B","C","D","E","F"]', 'A');
INSERT INTO IELTSQuestion (id, sectionId, questionIndex, questionType, questionText, passageText, options, correctAnswer) VALUES (235, 1922, 17, 'matching', 'study results indicating links between stress responses and performance', NULL, '["A","B","C","D","E","F"]', 'C');
INSERT INTO IELTSQuestion (id, sectionId, questionIndex, questionType, questionText, passageText, options, correctAnswer) VALUES (236, 1922, 18, 'matching', 'mention of people who can influence how athletes perceive their stress responses', NULL, '["A","B","C","D","E","F"]', 'F');
INSERT INTO IELTSQuestion (id, sectionId, questionIndex, questionType, questionText, passageText, options, correctAnswer) VALUES (237, 1922, 19, 'fill_blank', 'Performance stress involves many demands on the athlete, for example, coping with the possible risk of ______.', 'Performance stress involves many demands on the athlete, for example, coping with the possible risk of (19) ______.\n\nCortisol can cause tennis players to produce fewer good (20) ______.\n\nPsychologists can help athletes to view their physiological responses as the effect of a positive feeling such as (21) ______.\n\n (22) ______ is an example of a psychological technique which can reduce an athlete\'s stress responses.', NULL, 'injury');
INSERT INTO IELTSQuestion (id, sectionId, questionIndex, questionType, questionText, passageText, options, correctAnswer) VALUES (238, 1922, 20, 'fill_blank', 'Cortisol can cause tennis players to produce fewer good ______.', NULL, NULL, 'serves');
INSERT INTO IELTSQuestion (id, sectionId, questionIndex, questionType, questionText, passageText, options, correctAnswer) VALUES (239, 1922, 21, 'fill_blank', 'Psychologists can help athletes to view their physiological responses as the effect of a positive feeling such as ______.', NULL, NULL, 'excitement');
INSERT INTO IELTSQuestion (id, sectionId, questionIndex, questionType, questionText, passageText, options, correctAnswer) VALUES (240, 1922, 22, 'fill_blank', '______ is an example of a psychological technique which can reduce an athlete\'s stress responses.', NULL, NULL, 'visualisation|visualization');
INSERT INTO IELTSQuestion (id, sectionId, questionIndex, questionType, questionText, passageText, options, correctAnswer) VALUES (241, 1922, 23, 'multiple_choice', 'Which **TWO** facts about Emma Raducanu\'s withdrawal from the Wimbledon tournament are mentioned in the text?', NULL, '["A. the stage at which she dropped out of the tournament","B. symptoms of her performance stress at the tournament","C. measures which she had taken to manage her stress levels","D. aspects of the Wimbledon tournament which increased her stress levels","E. reactions to her social media posts about her experience at Wimbledon"]', 'B. symptoms of her performance stress at the tournament');
INSERT INTO IELTSQuestion (id, sectionId, questionIndex, questionType, questionText, passageText, options, correctAnswer) VALUES (242, 1922, 24, 'multiple_choice', 'Official policies towards wetlands vary from one nation to the next.', NULL, '["A. the stage at which she dropped out of the tournament","B. symptoms of her performance stress at the tournament","C. measures which she had taken to manage her stress levels","D. aspects of the Wimbledon tournament which increased her stress levels","E. reactions to her social media posts about her experience at Wimbledon"]', 'D. aspects of the Wimbledon tournament which increased her stress levels');
INSERT INTO IELTSQuestion (id, sectionId, questionIndex, questionType, questionText, passageText, options, correctAnswer) VALUES (243, 1922, 25, 'multiple_choice', 'Which **TWO** facts about anxiety are mentioned in Paragraph E of the text?', NULL, '["A. the factors which determine how severe it may be","B. how long it takes for its effects to become apparent","C. which of its symptoms is most frequently encountered","D. the types of athletes who are most likely to suffer from it","E. the harm that can result if athletes experience it too often"]', 'A. the factors which determine how severe it may be');
INSERT INTO IELTSQuestion (id, sectionId, questionIndex, questionType, questionText, passageText, options, correctAnswer) VALUES (244, 1922, 26, 'multiple_choice', 'Initiatives to reverse environmental damage need not be complex.', NULL, '["A. the factors which determine how severe it may be","B. how long it takes for its effects to become apparent","C. which of its symptoms is most frequently encountered","D. the types of athletes who are most likely to suffer from it","E. the harm that can result if athletes experience it too often"]', 'E. the harm that can result if athletes experience it too often');
INSERT INTO IELTSExamSection (id, examId, sectionIndex, title, instructions, audioUrl, imageUrl) VALUES (1923, 192, 3, 'Passage 3: An inquiry into the existence of the gifted child', 'Let us start by looking at a modern \'genius\', Maryam Mirzakhani, who died at the early age of 40. She was the only woman to win the Fields Medal – the mathematical equivalent of a Nobel prize. It would be easy to assume that someone as special as Mirzakhani must have been one of those \'gifted\' children, those who have an extraordinary ability in a specific sphere of activity or knowledge. But look closer and a different story emerges. Mirzakhani was born in Tehran, Iran. She went to a highly selective girls\' school but maths wasn\'t her interest – reading was. She loved novels and would read anything she could lay her hands on. As for maths, she did rather poorly at it for the first couple of years in her middle school, but became interested when her elder brother told her about what he\'d learned. He shared a famous maths problem from a magazine that fascinated her – and she was hooked.\n\n\nIn adult life it is clear that she was curious, excited by what she did and also resolute in the face of setbacks. One of her comments sums it up. \'Of course, the most rewarding part is the “Aha” moment, the excitement of discovery and enjoyment of understanding something new . . . But most of the time, doing mathematics for me is like being on a long hike with no trail and no end in sight.\' That trail took her to the heights of original research into mathematics.\n\n\nIs her background unusual? Apparently not. Most Nobel prize winners were unexceptional in childhood. Einstein was slow to talk as a baby. He failed the general part of the entry test to Zurich Polytechnic – though they let him in because of high physics and maths scores. He struggled at work initially, but he kept plugging away and eventually rewrote the laws of Newtonian mechanics with his theory of relativity.\n\n\nThere has been a considerable amount of research on high performance over the last century that suggests it goes way beyond tested intelligence. On top of that, research is clear that brains are flexible, new neural pathways can be created, and IQ isn\'t fixed. For example, just because you can read stories with hundreds of pages at the age of five doesn\'t mean you will still be ahead of your contemporaries in your teens. \n\n\nWhile the jury is out on giftedness being innate and other factors potentially making the difference,  what is certain is that the behaviours associated with high levels of performance are replicable and most can be taught – even traits such as curiosity.\n\n\nAccording to my colleague Prof Deborah Eyre, with whom I\'ve collaborated on the book Great Minds and How to Grow Them, the latest neuroscience and psychological research suggests most individuals can reach levels of performance associated in school with the gifted and talented. However, they must be taught the right attitudes and approaches to their learning and develop the attributes of high performers – curiosity, persistence and hard work, for example – an approach Eyre calls \'high performance learning\'. Critically, they need the right support in developing those approaches at home as well as at school.\n\n\nProf Anders Ericsson, an eminent education psychologist at Florida State University, US, is the co-author of Peak: Secrets from the New Science of Expertise. After research going back to 1980 into diverse achievements, from music to memory to sport, he doesn\'t think unique and innate talents are at the heart of performance. Deliberate practice, that stretches you every step of the way, and around 10,000 hours of it, is what produces the goods. It\'s not a magic number – the highest performers move on to doing a whole lot more, of course. Ericsson\'s memory research is particularly interesting because random students, trained in memory techniques for the study, went on to outperform others thought to have innately superior memories – those who you might call gifted.\n\n\nBut it is perhaps the work of Benjamin Bloom, another distinguished American educationist working in the 1980s, that gives the most pause for thought. Bloom\'s team looked at a group of extraordinarily high achieving people in disciplines as varied as ballet, swimming, piano, tennis, maths, sculpture and neurology. He found a pattern of parents encouraging and supporting their children, often in areas they enjoyed themselves. Bloom\'s outstanding people had worked very hard and consistently at something they had become hooked on when at a young age, and their parents all emerged as having strong work ethics themselves.\n\n\nEyre says we know how high performers learn. From that she has developed a high performing learning approach. She is working on this with a group of schools, both in Britain and abroad. Some spin-off research, which looked in detail at 24 of the 3,000 children being studied who were succeeding despite difficult circumstances, found something remarkable. Half were getting free school meals because of poverty, more than half were living with a single parent, and four in five were living in disadvantaged areas. Interviews uncovered strong evidence of an adult or adults in the child\'s life who valued and supported education, either in the immediate or extended family or in the child\'s wider community. Children talked about the need to work hard at school, to listen in class and keep trying.\n\n\nLet us end with Einstein, the epitome of a genius. He clearly had curiosity, character and determination. He struggled against rejection in early life but was undeterred. Did he think he was a genius or even gifted? He once wrote: \'It\'s not that I\'m so smart, it\'s just that I stay with problems longer. Most people say it is the intellect which makes a great scientist. They are wrong: it is character.\'\n\nComplete the summary using the list of phrases, A–K, below. Write the correct letter, A–K, in boxes 27–32 on your answer sheet.\n\nDo the following statements agree with the claims of the writer in Reading Passage 3? In boxes 33–37 on your answer sheet, write YES if the statement agrees with the claims of the writer NO if the statement contradicts the claims of the writer NOT GIVEN if it is impossible to say what the writer thinks about this\n\nChoose the correct letter, A, B, C or D . Write the correct letter in boxes 38–40 on your answer sheet.', NULL, NULL);
INSERT INTO IELTSQuestion (id, sectionId, questionIndex, questionType, questionText, passageText, options, correctAnswer) VALUES (245, 1923, 27, 'matching', 'an example of how one predator has been protected by the introduction of livestock guard dogs', 'Maryam Mirzakhani is regarded as in the field of mathematics because she was the only female holder of the prestigious Fields Medal –a record that she retained at the time of her death. However, maths held little for her as a child and in fact her performance was below average until she was by a difficult puzzle that one of her siblings showed her. Later, as a professional mathematician, she had an inquiring mind and proved herself to be when things did not go smoothly. She said she got the greatest from making ground-breaking discoveries and in fact she was responsible for some extremely mathematical studies.', '["appeal","determined","intrigued","single","achievement","devoted","involved","unique","innovative","satisfaction","intent"]', 'unique');
INSERT INTO IELTSQuestion (id, sectionId, questionIndex, questionType, questionText, passageText, options, correctAnswer) VALUES (246, 1923, 28, 'matching', 'an optimistic suggestion about the possible positive developments in the use of livestock guard dogs', NULL, '["appeal","determined","intrigued","single","achievement","devoted","involved","unique","innovative","satisfaction","intent"]', 'appeal');
INSERT INTO IELTSQuestion (id, sectionId, questionIndex, questionType, questionText, passageText, options, correctAnswer) VALUES (247, 1923, 29, 'matching', 'a description of how the methods used by livestock guard dogs help to keep predators away', NULL, '["appeal","determined","intrigued","single","achievement","devoted","involved","unique","innovative","satisfaction","intent"]', 'intrigued');
INSERT INTO IELTSQuestion (id, sectionId, questionIndex, questionType, questionText, passageText, options, correctAnswer) VALUES (248, 1923, 30, 'matching', 'claims by different academics that the use of livestock guard dogs is a successful way of protecting farmers\' herds', NULL, '["appeal","determined","intrigued","single","achievement","devoted","involved","unique","innovative","satisfaction","intent"]', 'determined');
INSERT INTO IELTSQuestion (id, sectionId, questionIndex, questionType, questionText, passageText, options, correctAnswer) VALUES (249, 1923, 31, 'matching', 'a reference to how livestock guard dogs gain their skills', NULL, '["appeal","determined","intrigued","single","achievement","devoted","involved","unique","innovative","satisfaction","intent"]', 'satisfaction');
INSERT INTO IELTSQuestion (id, sectionId, questionIndex, questionType, questionText, passageText, options, correctAnswer) VALUES (250, 1923, 32, 'matching', 'The use of guard dogs may save the lives of both livestock and wild animals.', NULL, '["appeal","determined","intrigued","single","achievement","devoted","involved","unique","innovative","satisfaction","intent"]', 'innovative');
INSERT INTO IELTSQuestion (id, sectionId, questionIndex, questionType, questionText, passageText, options, correctAnswer) VALUES (251, 1923, 33, 'true_false', 'Many people who ended up winning prestigious intellectual prizes only reached an average standard when young.', NULL, NULL, 'YES');
INSERT INTO IELTSQuestion (id, sectionId, questionIndex, questionType, questionText, passageText, options, correctAnswer) VALUES (252, 1923, 34, 'true_false', 'Einstein\'s failures as a young man were due to his lack of confidence.', NULL, NULL, 'NOT GIVEN');
INSERT INTO IELTSQuestion (id, sectionId, questionIndex, questionType, questionText, passageText, options, correctAnswer) VALUES (253, 1923, 35, 'true_false', 'It is difficult to reach agreement on whether some children are actually born gifted.', NULL, NULL, 'YES');
INSERT INTO IELTSQuestion (id, sectionId, questionIndex, questionType, questionText, passageText, options, correctAnswer) VALUES (254, 1923, 36, 'true_false', 'Einstein was upset by the public\'s view of his life\'s work.', NULL, NULL, 'NOT GIVEN');
INSERT INTO IELTSQuestion (id, sectionId, questionIndex, questionType, questionText, passageText, options, correctAnswer) VALUES (255, 1923, 37, 'true_false', 'Einstein put his success down to the speed at which he dealt with scientific questions.', NULL, NULL, 'NO');
INSERT INTO IELTSQuestion (id, sectionId, questionIndex, questionType, questionText, passageText, options, correctAnswer) VALUES (256, 1923, 38, 'multiple_choice', 'What does Eyre believe is needed for children to equal \'gifted\' standards?', NULL, '["Higher IQ scores","Special schools","A spirit of inquiry and hard work","Less homework"]', 'the development of a spirit of inquiry towards their studies');
INSERT INTO IELTSQuestion (id, sectionId, questionIndex, questionType, questionText, passageText, options, correctAnswer) VALUES (257, 1923, 39, 'multiple_choice', 'What is the result of Ericsson\'s research?', NULL, '["Innate talent is essential","Innate talents are not central to success","Children should be tested early","Genius is entirely genetic"]', 'Being born with a special gift is not the key factor in becoming expert.');
INSERT INTO IELTSQuestion (id, sectionId, questionIndex, questionType, questionText, passageText, options, correctAnswer) VALUES (258, 1923, 40, 'multiple_choice', 'In the penultimate paragraph, it is stated the key to some deprived children\'s success is', NULL, '["Financial support","Access to technology","Better nutrition","Guidance from adults who value learning"]', 'the guidance of someone who recognises the benefits of learning.');
INSERT INTO IELTSExam (id, title, type, totalQuestions) VALUES (193, '剑桥雅思 19 - Test 3 阅读', 'reading', 40);
INSERT INTO IELTSExamSection (id, examId, sectionIndex, title, instructions, audioUrl, imageUrl) VALUES (1931, 193, 1, 'Passage 1: Archaeologists discover evidence of prehistoric island settlers', 'In early April 2019, Dr Ceri Shipton and his colleagues from Australian National University became the first archaeologists to explore Obi, one of many tropical islands in Indonesia\'s Maluku Utara province. The research team\'s discoveries suggest that the prehistoric people who lived on Obi were adept on both land and sea, hunting in the dense rainforest, foraging on the seashore, and possibly even voyaging between islands.\n\n\n\nThe excavations were part of a project to learn more about how people first dispersed from mainland Asia, through the Indonesian archipelago and into the prehistoric continent that once connected Australia and New Guinea. The team\'s earlier research suggested that the northernmost islands in the group, known as the Wallacean islands, including Obi, would have offered the easiest migration route. It also seemed likely that these islands were crucial \'stepping stones\' on humans\' island-hopping voyages through this region millennia ago. But to support this idea, they needed archaeological evidence for humans living in this remote area in the ancient past. So, they travelled to Obi to look for sites that might reveal evidence of early occupation.\n\n\n\nJust inland from the village of Kelo on Obi\'s northern coast, Shipton and his colleagues found two caves containing prehistoric rock shelters that were suitable for excavation. With the permission and help of the local people of Kelo, they dug a small test excavation in each shelter. There they found numerous artefacts, including fragments of axes, some dating to about 14,000 years ago. The earliest axes at Kelo were made using clam shells. Axes made from clam shells from roughly the same time had also previously been found elsewhere in this region, including on the nearby island of Gebe to the northeast. As on Gebe, it is highly likely that Obi\'s axes were used in the construction of canoes, thus allowing these early peoples to maintain connections between communities on neighbouring islands.\n\n\n\nThe oldest cultural layers from the Kelo site provided the team with the earliest record for human occupation on Obi, dating back around 18,000 years. At this time the climate was drier and colder than today, and the island\'s dense rainforests would likely have been much less impenetrable than they are now. Sea levels were about 120 metres lower, meaning Obi was a much larger island, encompassing what is today the separate island of Bisa, as well as several other small islands nearby.\n\n\n\nRoughly 11,700 years ago, as the most recent ice age ended, the climate became significantly warmer and wetter, no doubt making Obi\'s jungle much thicker. According to the researchers, it is no coincidence that around this time the first axes crafted from stone rather than sea shells appear, likely in response to their heavy-duty use for clearing and modification of the increasingly dense rainforest. While stone takes about twice as long to grind into an axe compared to shell, the harder material keeps its sharp edge for longer.\n\n\n\nJudging by the bones which the researchers unearthed in the Kelo caves, people living there mainly hunted the Rothschild\'s cuscus, a possum-like creature that still lives on Obi today. As the forest grew more dense, people probably used axes to clear patches of forest and make hunting easier.\n\n\n\nShipton\'s team\'s excavation of the shelters at the Kelo site unearthed a volcanic glass substance called obsidian, which must have been brought over from another island, as there is no known source on Obi. It also revealed particular types of beads, similar to those previously found on islands in southern Wallacea. These finds again support the idea that Obi islanders routinely travelled to other islands.\n\n\n\nThe excavations suggest people successfully lived in the two Kelo shelters for about 10,000 years. But then, about 8,000 years ago, both were abandoned. Did the residents leave Obi completely, or move elsewhere on the island? Perhaps the jungle had grown so thick that axes were no longer a match for the dense undergrowth. Perhaps people simply moved to the coast and turned to fishing rather than hunting as a means of survival.\n\n\n\nWhatever the reason for the departure, there is no evidence for use of the Kelo shelters after this time, until about 1,000 years ago, when they were re-occupied by people who owned pottery as well as items made out of gold and silver. It seems likely, in view of Obi\'s location, that this final phase of occupation also saw the Kelo shelters used by people involved in the historic trade in spices between the Maluku islands and the rest of the world.\n\nDo the following statements agree with the information given in Reading Passage 1? In boxes 1–7 on your answer sheet, write TRUE if the statement agrees with the information FALSE if the statement contradicts the information NOT GIVEN if there is no information on this\n\nComplete the notes below. Choose ONE WORD ONLY from the passage for each answer. Write your answers in boxes 8–13 on your answer sheet.', NULL, NULL);
INSERT INTO IELTSQuestion (id, sectionId, questionIndex, questionType, questionText, passageText, options, correctAnswer) VALUES (259, 1931, 1, 'true_false', 'Archaeological research had taken place on the island of Obi before the arrival of Ceri Shipton and his colleagues.', NULL, NULL, 'FALSE');
INSERT INTO IELTSQuestion (id, sectionId, questionIndex, questionType, questionText, passageText, options, correctAnswer) VALUES (260, 1931, 2, 'true_false', 'At the Kelo sites, the researchers found the first clamshell axes ever to be discovered in the region.', NULL, NULL, 'FALSE');
INSERT INTO IELTSQuestion (id, sectionId, questionIndex, questionType, questionText, passageText, options, correctAnswer) VALUES (261, 1931, 3, 'true_false', 'The size of Obi today is less than it was 18,000 years ago.', NULL, NULL, 'TRUE');
INSERT INTO IELTSQuestion (id, sectionId, questionIndex, questionType, questionText, passageText, options, correctAnswer) VALUES (262, 1931, 4, 'true_false', 'A change in the climate around 11,700 years ago had a greater impact on Obi than on the surrounding islands.', NULL, NULL, 'NOT GIVEN');
INSERT INTO IELTSQuestion (id, sectionId, questionIndex, questionType, questionText, passageText, options, correctAnswer) VALUES (263, 1931, 5, 'true_false', 'The researchers believe there is a connection between warmer, wetter weather and a change in the material used to make axes.', NULL, NULL, 'TRUE');
INSERT INTO IELTSQuestion (id, sectionId, questionIndex, questionType, questionText, passageText, options, correctAnswer) VALUES (264, 1931, 6, 'true_false', 'Shipton\'s team were surprised to find evidence of the Obi islanders\' hunting practices.', NULL, NULL, 'NOT GIVEN');
INSERT INTO IELTSQuestion (id, sectionId, questionIndex, questionType, questionText, passageText, options, correctAnswer) VALUES (265, 1931, 7, 'true_false', 'It is thought that the Kelo shelters were occupied continuously until about 1,000 years ago.', NULL, NULL, 'FALSE');
INSERT INTO IELTSQuestion (id, sectionId, questionIndex, questionType, questionText, passageText, options, correctAnswer) VALUES (266, 1931, 8, 'fill_blank', '·Mike and Bob Bryan made changes to the types of ______ used on their racket frames.', '## Archaeological findings on Obi\n\nExcavations of rock shelters inside (8) ______ near the village of Kelo revealed:\n\n· axes from around 14,000 years ago, probably used to make canoes\n\n· axes made out of (9) ______ , dating from around 11,700 years ago\n\n·  (10) ______ of an animal: evidence of what ancient islanders ate\n\n· evidence of travel between islands:\n\n  –   obsidian: a material that is not found naturally on Obi\n\n  –   (11) ______ which resembled ones found on other islands.\n\nIt is thought that from 8,000 years ago, Obi islanders:\n\n· may have switched from hunting to fishing\n\n· had  (12) ______ as well as items made out of metal\n\n· probably took part in the production and sale of  (13) ______.', NULL, 'caves');
INSERT INTO IELTSQuestion (id, sectionId, questionIndex, questionType, questionText, passageText, options, correctAnswer) VALUES (267, 1931, 9, 'fill_blank', '·Players were not allowed to use the spaghetti-strung racket because of the amount of ______ it created.', NULL, NULL, 'stone');
INSERT INTO IELTSQuestion (id, sectionId, questionIndex, questionType, questionText, passageText, options, correctAnswer) VALUES (268, 1931, 10, 'fill_blank', '·Changes to rackets can be regarded as being as important as players\' diets or the ______ they do.', NULL, NULL, 'bones');
INSERT INTO IELTSQuestion (id, sectionId, questionIndex, questionType, questionText, passageText, options, correctAnswer) VALUES (269, 1931, 11, 'fill_blank', '·All rackets used to have natural strings made from the ______ of animals.', NULL, NULL, 'beads');
INSERT INTO IELTSQuestion (id, sectionId, questionIndex, questionType, questionText, passageText, options, correctAnswer) VALUES (270, 1931, 12, 'fill_blank', '·Pete Sampras had metal ______ put into the frames of his rackets.', NULL, NULL, 'pottery');
INSERT INTO IELTSQuestion (id, sectionId, questionIndex, questionType, questionText, passageText, options, correctAnswer) VALUES (271, 1931, 13, 'fill_blank', '·Gonçalo Oliveira changed the ______ on his racket handles.', NULL, NULL, 'spices');
INSERT INTO IELTSExamSection (id, examId, sectionIndex, title, instructions, audioUrl, imageUrl) VALUES (1932, 193, 2, 'Passage 2: The global importance of wetlands', 'A\nWetlands are areas where water covers the soil, or is present either at or near the surface of the soil, for all or part of the year. These are complex ecosystems, rich in unique plant and animal life. But according to the World Wide Fund for Nature (WWFN), half of the world\'s wetlands have disappeared since 1990 – converted or destroyed for commercial development, drainage schemes and the extraction of minerals and peat*. Many of those that remain have been damaged by agricultural pesticides and fertilisers, industrial pollutants, and construction works.\n\n\n\nB\nThroughout history, humans have gathered around wetlands, and their fertile ecosystems have played an important part in human development. Consequently, they are of considerable religious, historical and archaeological value to many communities around the world. \'Wetlands directly support the livelihoods and well-being of millions of people,\'says Dr Matthew McCartney, principal researcher and hydrologist at the International Water Management Institute (IWMI). \'In many developing countries, large numbers of people are dependent on wetland agriculture for their livelihoods.\'\n\n\n\nC\nThey also serve a crucial environmental purpose. \'Wetlands are one of the key tools in mitigating climate change across the planet,\' says Pieter van Eijk, head of Climate Adaptation at Wetlands International (WI), pointing to their use as buffers that protect coastal areas from sea-level rise and extreme weather events such as hurricanes and flooding. Wetland coastal forests provide food and water, as well as shelter from storms, and WI and other agencies are working to restore those forests which have been lost. \'It can be as simple as planting a few trees per hectare to create shade and substantially change a microclimate,\' he says.\'Implementing climate change projects isn\'t so much about money.\'\n\n\n\nD\nThe world\'s wetlands are, unfortunately, rich sources for in-demand commodities, such as palm oil and pulpwood. Peatlands – wetlands with a waterlogged organic soil layer – are particularly targeted. When peatlands are drained for cultivation, they become net carbon emitters instead of active carbon stores, and, according to Marcel Silvius, head of Climate- smart Land-use at WI, this practice causes six per cent of all global carbon emissions. The clearance of peatlands for planting also increases the risk of forest fires, which release huge amounts of CO2. \'We\'re seeing huge peatland forests with extremely high biodiversity value being lost for a few decades of oil palm revenues,\' says Silvius.\n\n\n\nE\nThe damage starts when logging companies arrive to clear the trees. They dig ditches to enter the peat swamps by boat and then float the logs out the same way. These are then used to drain water out of the peatlands to allow for the planting of corn, oil palms or pulpwood trees. Once the water has drained away, bacteria and fungi then break down the carbon in the peat and turn it into CO2 and methane. Meanwhile, the remainder of the solid matter in the peat starts to move downwards, in a process known as subsidence**. Peat comprises 90 per cent water, so this is one of the most alarming consequences of peatland clearances. \'In the tropics, peat subsides at about four centimetres a year, so within half a century, very large landscapes on Sumatra and Borneo will become flooded as the peat drops below water level,\' says Silvius. \'It\'s a huge catastrophe that\'s in preparation. Some provinces will lose 40 per cent of their landmass.\'\n\n\n\nF\nAnd while these industries affect wetlands in ways that can easily be documented, Dr Dave Tickner of the WWFN believes that more subtle impacts can be even more devastating. \'Sediment run-off and fertilisers can be pretty invisible,\' says Tickner.\'Over-extraction of water is equally invisible. You do get shock stories about rivers running red, or even catching fire, but there\'s seldom one big impact that really hurts a wetland.\' Tickner does not blame anyone for deliberate damage, however. \'I\'ve worked on wetland issues for 20 years and have never met anybody who wanted to damage a wetland,\' he says. \'It isn\'t something that people generally set out to do. Quite often, the effects simply come from people trying to make a living.\'\n\n\n\nG\nSilvius also acknowledges the importance of income generation. \'It\'s not that we just want to restore the biodiversity of wetlands – which we do – but we recognise there\'s a need to provide an income for local people.\' This approach is supported by IWMI. \'The idea is that people in a developing country will only protect wetlands if they value and profit from them,\' says McCartney. \'For sustainability, it\'s essential that local people are involved in wetland planning and decision making and have clear rights to use wetlands.\'\n\n\n\nH\nThe fortunes of wetlands would be improved, Silvius suggests, if more governments recognised their long-term value. \'Different governments have different attitudes,\' he says, and goes on to explain that some countries place a high priority on restoring wetlands, while others still deny the issue. McCartney is cautiously optimistic, however. \'Awareness of the importance of wetlands is growing,\' he says. \'It\'s true that wetland degradation still continues at a rapid pace, but my impression is that things are slowly changing.\'\n\n\n* peat: a brown deposit formed by the partial decomposition of vegetation in wet acidic conditions, often cut out and dried for use as fuel\n\n\n** subsidence: the sinking of the Earth\'s surface, most often caused by the removal of resources from the ground\n\nReading Passage 2 has eight paragraphs, A–H . Which paragraph contains the following information? Write the correct letter, A–H, in boxes 14–17 on your answer sheet.\n\nComplete the sentences below. Choose ONE WORD ONLY from the passage for each answer. Write your answers in boxes 18–22 on your answer sheet.\n\nLook at the following statements (Questions 23–26) and the list of experts below. Match each statement with the correct expert, A–D . Write the correct letter, A–D, in boxes 23–26 on your answer sheet.', NULL, NULL);
INSERT INTO IELTSQuestion (id, sectionId, questionIndex, questionType, questionText, passageText, options, correctAnswer) VALUES (272, 1932, 14, 'matching', 'reference to the need to ensure that inhabitants of wetland regions continue to benefit from them', NULL, '["demonstrated independence","asked for teacher support","developed a competitive attitude","seemed to find the activity calming","seemed pleased with the results","seemed confused","seemed to find the activity easy"]', 'G');
INSERT INTO IELTSQuestion (id, sectionId, questionIndex, questionType, questionText, passageText, options, correctAnswer) VALUES (273, 1932, 15, 'matching', 'the proportion of wetlands which have already been lost', NULL, '["demonstrated independence","asked for teacher support","developed a competitive attitude","seemed to find the activity calming","seemed pleased with the results","seemed confused","seemed to find the activity easy"]', 'A');
INSERT INTO IELTSQuestion (id, sectionId, questionIndex, questionType, questionText, passageText, options, correctAnswer) VALUES (274, 1932, 16, 'matching', 'reference to the idea that people are beginning to appreciate the value of wetlands', NULL, '["demonstrated independence","asked for teacher support","developed a competitive attitude","seemed to find the activity calming","seemed pleased with the results","seemed confused","seemed to find the activity easy"]', 'H');
INSERT INTO IELTSQuestion (id, sectionId, questionIndex, questionType, questionText, passageText, options, correctAnswer) VALUES (275, 1932, 17, 'matching', 'mention of the cultural significance of wetlands', NULL, '["demonstrated independence","asked for teacher support","developed a competitive attitude","seemed to find the activity calming","seemed pleased with the results","seemed confused","seemed to find the activity easy"]', 'B');
INSERT INTO IELTSQuestion (id, sectionId, questionIndex, questionType, questionText, passageText, options, correctAnswer) VALUES (276, 1932, 18, 'fill_blank', 'Peatlands which have been drained begin to release ______ instead of storing it.', 'Peatlands which have been drained begin to release (18) ______ instead of storing it.\n\nOnce peatland areas have been cleared, (19) ______ are more likely to occur.\n\nClearing peatland forests to make way for oil palm plantations destroys the (20) ______ of the local environment.\n\nWater is drained out of peatlands through the (21) ______ which are created by logging companies.\n\nDraining peatlands leads to  (22) ______: a serious problem which can eventually result in coastal flooding and land loss.', NULL, 'carbon');
INSERT INTO IELTSQuestion (id, sectionId, questionIndex, questionType, questionText, passageText, options, correctAnswer) VALUES (277, 1932, 19, 'fill_blank', 'Once peatland areas have been cleared, ______ are more likely to occur.', NULL, NULL, 'fires');
INSERT INTO IELTSQuestion (id, sectionId, questionIndex, questionType, questionText, passageText, options, correctAnswer) VALUES (278, 1932, 20, 'fill_blank', 'Clearing peatland forests to make way for oil palm plantations destroys the ______ of the local environment.', NULL, NULL, 'biodiversity');
INSERT INTO IELTSQuestion (id, sectionId, questionIndex, questionType, questionText, passageText, options, correctAnswer) VALUES (279, 1932, 21, 'fill_blank', 'Water is drained out of peatlands through the ______ which are created by logging companies.', NULL, NULL, 'ditches');
INSERT INTO IELTSQuestion (id, sectionId, questionIndex, questionType, questionText, passageText, options, correctAnswer) VALUES (280, 1932, 22, 'fill_blank', 'Draining peatlands leads to ______: a serious problem which can eventually result in coastal flooding and land loss.', NULL, NULL, 'subsidence');
INSERT INTO IELTSQuestion (id, sectionId, questionIndex, questionType, questionText, passageText, options, correctAnswer) VALUES (281, 1932, 23, 'matching', 'Communities living in wetland regions must be included in discussions about the future of these areas.', NULL, '["demonstrated independence","asked for teacher support","developed a competitive attitude","seemed to find the activity calming","seemed pleased with the results","seemed confused","seemed to find the activity easy"]', 'seemed to find the activity calming');
INSERT INTO IELTSQuestion (id, sectionId, questionIndex, questionType, questionText, passageText, options, correctAnswer) VALUES (282, 1932, 24, 'matching', 'Official policies towards wetlands vary from one nation to the next.', NULL, '["demonstrated independence","asked for teacher support","developed a competitive attitude","seemed to find the activity calming","seemed pleased with the results","seemed confused","seemed to find the activity easy"]', 'demonstrated independence');
INSERT INTO IELTSQuestion (id, sectionId, questionIndex, questionType, questionText, passageText, options, correctAnswer) VALUES (283, 1932, 25, 'matching', 'People cause harm to wetlands without having any intention to do so.', NULL, '["demonstrated independence","asked for teacher support","developed a competitive attitude","seemed to find the activity calming","seemed pleased with the results","seemed confused","seemed to find the activity easy"]', 'developed a competitive attitude');
INSERT INTO IELTSQuestion (id, sectionId, questionIndex, questionType, questionText, passageText, options, correctAnswer) VALUES (284, 1932, 26, 'matching', 'Initiatives to reverse environmental damage need not be complex.', NULL, '["demonstrated independence","asked for teacher support","developed a competitive attitude","seemed to find the activity calming","seemed pleased with the results","seemed confused","seemed to find the activity easy"]', 'seemed to find the activity easy');
INSERT INTO IELTSExamSection (id, examId, sectionIndex, title, instructions, audioUrl, imageUrl) VALUES (1933, 193, 3, 'Passage 3: Is the era of artificial speech translation upon us', 'Once the stuff of science fiction, technology that enables people to talk using different languages is now here. But how effective is it?\n\n\nNoise, Alex Waibel tells me, is one of the major challenges that artificial speech translation has to meet. A device may be able to recognise speech in a laboratory, or a meeting room, but will struggle to cope with the kind of background noise I can hear in my office surrounding Professor Waibel as he speaks to me from Kyoto station in Japan. I\'m struggling to follow him in English, on a scratchy line that reminds me we are nearly 10,000 kilometres apart – and that distance is still an obstacle to communication even if you\'re speaking the same language, as we are. We haven\'t reached the future yet. If we had, Waibel would have been able to speak more comfortably in his native German and I would have been able to hear his words in English.\n\n\nAt Karlsruhe Institute of Technology, where he is a professor of computer science, Waibel and his colleagues already give lectures in German that their students can follow in English via an electronic translator. The system generates text that students can read on their laptops or phones, so the process is somewhat similar to subtitling. It helps that lecturers speak clearly, don\'t have to compete with background chatter, and say much the same thing each year.\n\n\nThe idea of artificial speech translation has been around for a long time. Douglas Adams\' science fiction novel, The Hitchhiker\'s Guide to the Galaxy, published in 1979, featured a life form called the \'Babel fish\' which, when placed in the ear, enabled a listener to understand any language in the universe. It came to represent one of those devices that technology enthusiasts dream of long before they become practically realisable, like TVs flat enough to hang on walls: objects that we once could only dream of having but that are now commonplace. Now devices that look like prototype Babel fish have started to appear, riding a wave of advances in artificial translation and voice recognition.\n\n\nAt this stage, however, they seem to be regarded as eye-catching novelties rather than steps towards what Waibel calls \'making a language-transparent society\'. They tend to be domestic devices or applications suitable for hotel check-ins, for example, providing a practical alternative to speaking traveller\'s English. The efficiency of the translator is less important than the social function. However, \'Professionals are less inclined to be patient in a conversation,\' founder and CEO at Waverly Labs, Andrew Ochoa, observes. To redress this, Waverly is now preparing a new model for professional applications, which entails performance improvements in speech recognition, translation accuracy and the time it takes to deliver the translated speech.\n\n\nFor a conversation, both speakers need to have devices called Pilots (translator earpieces) in their ears. \'We find that there\'s a barrier with sharing one of the earphones with a stranger,\' says Ochoa. That can\'t have been totally unexpected. The problem would be solved if earpiece translators became sufficiently prevalent that strangers would be likely to already have their own in their ears. Whether that happens, and how quickly, will probably depend not so much on the earpieces themselves, but on the prevalence of voice-controlled devices and artificial translation in general.\n\n\nWaibel highlights the significance of certain Asian nations, noting that voice translation has really taken off in countries such as Japan with a range of systems. There is still a long way to go, though. A translation system needs to be simultaneous, like the translator\'s voice speaking over the foreign politician being interviewed on the TV, rather than in sections that oblige speakers to pause after every few remarks and wait for the translation to be delivered. It needs to work offline, for situations where internet access isn\'t possible, and to address apprehensions about the amount of private speech data accumulating in the cloud, having been sent to servers for processing.\n\n\nSystems not only need to cope with physical challenges such as noise, they will also need to be socially aware by addressing people in the right way. Some cultural traditions demand solemn respect for academic status, for example, and it is only polite to respect this. Etiquette-sensitive artificial translators could relieve people of the need to know these differing cultural norms. At the same time, they might help to preserve local customs, slowing the spread of habits associated with international English, such as its readiness to get on first-name terms.\n\n\nProfessors and other professionals will not outsource language awareness to software, though. If the technology matures into seamless, ubiquitous artificial speech translation, it will actually add value to language skills. Whether it will help people conduct their family lives or relationships is open to question – though one noteworthy possibility is that it could overcome the language barriers that often arise between generations after migration, leaving children and their grandparents without a shared language.\n\n\nWhatever uses it is put to, though, it will never be as good as the real thing. Even if voice- morphing technology simulates the speaker\'s voice, their lip movements won\'t match, and they will look like they are in a dubbed movie. The contrast will underline the value of shared languages, and the value of learning them. Sharing a language can promote a sense of belonging and community, as with the international scientists who use English as a lingua franca, where their predecessors used Latin. Though the practical need for a common language will diminish, the social value of sharing one will persist. And software will never be a substitute for the subtle but vital understanding that comes with knowledge of a language.\n\nChoose the correct letter, A, B, C or D . Write the correct letter in boxes 27–30 on your answer sheet.\n\nComplete each sentence with the correct ending, A–F, below. Write the correct letter, A–F, in boxes 31–34 on your answer sheet.\n\nDo the following statements agree with the views of the writer in Reading Passage 3? In boxes 35–40 on your answer sheet, write YES if the statement agrees with the views of the writer NO if the statement contradicts the views of the writer NOT GIVEN if it is impossible to say what the writer thinks about this', NULL, NULL);
INSERT INTO IELTSQuestion (id, sectionId, questionIndex, questionType, questionText, passageText, options, correctAnswer) VALUES (285, 1933, 27, 'multiple_choice', 'What does the reader learn about the conversation in the first paragraph?', NULL, '["A. The speakers are communicating in different languages","B. Neither of the speakers is familiar with their environment","C. The topic of the conversation is difficult for both speakers","D. Aspects of the conversation are challenging for both speakers"]', 'Aspects of the conversation are challenging for both speakers.');
INSERT INTO IELTSQuestion (id, sectionId, questionIndex, questionType, questionText, passageText, options, correctAnswer) VALUES (286, 1933, 28, 'multiple_choice', 'What assists the electronic translator during lectures at Karlsruhe Institute of Technology?', NULL, '["A. the repeated content of lectures","B. the students\' reading skills","C. the languages used","D. the lecturers\' technical ability"]', 'the repeated content of lectures');
INSERT INTO IELTSQuestion (id, sectionId, questionIndex, questionType, questionText, passageText, options, correctAnswer) VALUES (287, 1933, 29, 'multiple_choice', 'When referring to The Hitchhiker\'s Guide to the Galaxy, the writer suggests that', NULL, '["A. the Babel fish was considered undesirable at the time","B. this book was not seriously intending to predict the future","C. artificial speech translation was not a surprising development","D. some speech translation techniques are better than others"]', 'artificial speech translation was not a surprising development.');
INSERT INTO IELTSQuestion (id, sectionId, questionIndex, questionType, questionText, passageText, options, correctAnswer) VALUES (288, 1933, 30, 'multiple_choice', 'What does the writer say about sharing earpieces?', NULL, '["A. It is something people will get used to doing","B. The reluctance to do this is understandable","C. The equipment will be unnecessary in the future","D. It is something few people need to worry about"]', 'The reluctance to do this is understandable.');
INSERT INTO IELTSQuestion (id, sectionId, questionIndex, questionType, questionText, passageText, options, correctAnswer) VALUES (289, 1933, 31, 'matching', 'Speech translation methods are developing fast in Japan', NULL, '["but there are concerns about  this.","as systems do not need to conform to standard practices.","but they are far from perfect.","despite the noise issues.","because translation is immediate.","and have an awareness of good manners."]', 'but they are far from perfect.');
INSERT INTO IELTSQuestion (id, sectionId, questionIndex, questionType, questionText, passageText, options, correctAnswer) VALUES (290, 1933, 32, 'matching', 'TV interviews that use translation voice over methods are successful', NULL, '["but there are concerns about  this.","as systems do not need to conform to standard practices.","but they are far from perfect.","despite the noise issues.","because translation is immediate.","and have an awareness of good manners."]', 'because translation is immediate.');
INSERT INTO IELTSQuestion (id, sectionId, questionIndex, questionType, questionText, passageText, options, correctAnswer) VALUES (291, 1933, 33, 'matching', 'Future translation systems should address people appropriately', NULL, '["but there are concerns about  this.","as systems do not need to conform to standard practices.","but they are far from perfect.","despite the noise issues.","because translation is immediate.","and have an awareness of good manners."]', 'and have an awareness of good manners.');
INSERT INTO IELTSQuestion (id, sectionId, questionIndex, questionType, questionText, passageText, options, correctAnswer) VALUES (292, 1933, 34, 'matching', 'Users may be able to maintain their local customs', NULL, '["but there are concerns about  this.","as systems do not need to conform to standard practices.","but they are far from perfect.","despite the noise issues.","because translation is immediate.","and have an awareness of good manners."]', 'as systems do not need to conform to standard practices.');
INSERT INTO IELTSQuestion (id, sectionId, questionIndex, questionType, questionText, passageText, options, correctAnswer) VALUES (293, 1933, 35, 'true_false', 'Language translation systems will be seen as very useful throughout the academic and professional worlds.', NULL, NULL, 'NO');
INSERT INTO IELTSQuestion (id, sectionId, questionIndex, questionType, questionText, passageText, options, correctAnswer) VALUES (294, 1933, 36, 'true_false', 'The overall value of automated translation to family life is yet to be shown.', NULL, NULL, 'YES');
INSERT INTO IELTSQuestion (id, sectionId, questionIndex, questionType, questionText, passageText, options, correctAnswer) VALUES (295, 1933, 37, 'true_false', 'Automated translation could make life more difficult for immigrant families.', NULL, NULL, 'NO');
INSERT INTO IELTSQuestion (id, sectionId, questionIndex, questionType, questionText, passageText, options, correctAnswer) VALUES (296, 1933, 38, 'true_false', 'Visual aspects of language translation are being considered by scientists.', NULL, NULL, 'NOT GIVEN');
INSERT INTO IELTSQuestion (id, sectionId, questionIndex, questionType, questionText, passageText, options, correctAnswer) VALUES (297, 1933, 39, 'true_false', 'International scientists have found English easier to translate into otherlanguages than Latin.', NULL, NULL, 'NOT GIVEN');
INSERT INTO IELTSQuestion (id, sectionId, questionIndex, questionType, questionText, passageText, options, correctAnswer) VALUES (298, 1933, 40, 'true_false', 'As far as language is concerned, there is a difference between people\'s social and practical needs.', NULL, NULL, 'YES');
INSERT INTO IELTSExam (id, title, type, totalQuestions) VALUES (194, '剑桥雅思 19 - Test 4 阅读', 'reading', 40);
INSERT INTO IELTSExamSection (id, examId, sectionIndex, title, instructions, audioUrl, imageUrl) VALUES (1941, 194, 1, 'Passage 1: The impact of climate change on butterflies in Britain', 'According to conservationists, populations of around two thirds of butterfly species have declined in Britain over the past 40 years. If this trend continues, it might have unpredictable knock-on effects for other species in the ecosystem. Butterfly eggs develop into caterpillars and these insects, which are the second stage in a new butterfly\'s lifecycle, consume vast quantities of plant material, and in turn act as prey for birds as well as bats and other small mammals. Only by arming themselves with an understanding of why butterfly numbers are down can conservationists hope to halt or reverse the decline.\n\n\nButterflies prefer outdoor conditions to be \'just right\', which means neither too hot nor too cold. Under the conditions of climate change, the temperature at any given time in summer is generally getting warmer, leaving butterflies with the challenge of how to deal with this. One of the main ways in which species are ensuring conditions suit them is by changing the time of year at which they are active and reproduce. Scientists refer to the timing of such lifecycle events as \'phenology\', so when an animal or plant starts to do something earlier in the year than it usually does, it is said to be \'advancing its phenology\'.\n\n\nThese advances have been observed already in a wide range of butterflies – indeed, most species are advancing their phenology to some extent. In Britain, as the average spring temperature has increased by roughly 0.5 °C over the past 20 years, species have advanced by between three days and a week on average, to keep in line with cooler temperatures. Is this a sign that butterflies are well equipped to cope with climate change, and readily adjust to new temperatures? Or are these populations under stress, being dragged along unwillingly by unnaturally fast changes? The answer is still unknown, but a new study is seeking to answer these questions.\n\n\nFirst, the researchers pulled together data from millions of records that had been submitted by butterfly enthusiasts – people who spend their free time observing the activities of different species. This provided information on 130 species of butterflies in Great Britain every year for a 20-year period. They then estimated the abundance and distribution of each species across this time, along with how far north in the country they had moved. The data also, crucially, allowed researchers to estimate subtle changes in what time of the year each species was changing into an adult butterfly.\n\n\nAnalysing the trends in each variable, the researchers discovered that species with more flexible lifecycles were more likely to be able to benefit from an earlier emergence driven by climate change. Some species are able to go from caterpillar to butterfly twice or more per year, so that the individual butterflies you see flying in the spring are the grandchildren or great-grandchildren of the individuals seen a year previously.\n\n\nAmong these species, researchers observed that those which have been advancing their phenology the most over the 20-year study period also had the most positive trends in abundance, distribution and northwards extent. For these species, such as Britain\'s tiniest butterfly, the dainty Small Blue, whose colonies are up to a hundred strong, some develop into butterflies early in spring, allowing their summer generations to complete another reproductive cycle by autumn so that more population growth occurs.\n\n\n\nC\nOther species, however, are less flexible and restricted to a single reproductive cycle per year. For these species, there was no evidence of any benefit to emerging earlier. Indeed, worryingly, it was found that the species in this group that specialise in very specific habitat types, often related to the caterpillar\'s preferred diet, actually tended to be most at harm from advancing phenology. The beautiful High Brown Fritillary, often described as Britain\'s most endangered butterfly, is in this group. It is found only in coppiced woodland and limestone pavement habitats. It is also a single-generation butterfly that has advanced its phenology. This suggests that climate change, while undoubtedly not the sole cause, might have played a part in the downfall of this species.\n\n\nAll is not lost, however. Many of Britain\'s single-generation species show the capacity, in continental Europe, to add a second generation in years that are sufficiently warm. Therefore, as the climate continues to warm, species like the Silver-studded Blue might be able to switch to multiple generations in the UK as well, and so begin to extract benefits from the additional warmth, potentially leading to population increases.\n\n\nMore immediately, conservationists can arm themselves with all this knowledge to spot the warning signs of species that may be at risk. The White Admiral of southern England, a much sought-after butterfly, experienced a significant increase in numbers from the 1920s but has shown a considerable decline in the past 20 years. This may be because the caterpillar exists solely on a diet of a plant called honeysuckle. But it is also likely to be due to climate change.\n\nDo the following statements agree with the information given in Reading Passage 1? In boxes 1–6 on your answer sheet, write TRUE if the statement agrees with the information FALSE if the statement contradicts the information NOT GIVEN if there is no information on this\n\nComplete the notes below. Choose ONE WORD ONLY from the passage for each answer. Write your answers in boxes 7–13 on your answer sheet.', NULL, NULL);
INSERT INTO IELTSQuestion (id, sectionId, questionIndex, questionType, questionText, passageText, options, correctAnswer) VALUES (299, 1941, 1, 'true_false', 'Forty years ago, there were fewer butterflies in Britain than at present.', NULL, NULL, 'FALSE');
INSERT INTO IELTSQuestion (id, sectionId, questionIndex, questionType, questionText, passageText, options, correctAnswer) VALUES (300, 1941, 2, 'true_false', 'Caterpillars are eaten by a number of different predators.', NULL, NULL, 'TRUE');
INSERT INTO IELTSQuestion (id, sectionId, questionIndex, questionType, questionText, passageText, options, correctAnswer) VALUES (301, 1941, 3, 'true_false', '\'Phenology\' is a term used to describe a creature\'s ability to alter the location of a lifecycle event.', NULL, NULL, 'FALSE');
INSERT INTO IELTSQuestion (id, sectionId, questionIndex, questionType, questionText, passageText, options, correctAnswer) VALUES (302, 1941, 4, 'true_false', 'Some species of butterfly have a reduced lifespan due to spring temperature increases.', NULL, NULL, 'NOT GIVEN');
INSERT INTO IELTSQuestion (id, sectionId, questionIndex, questionType, questionText, passageText, options, correctAnswer) VALUES (303, 1941, 5, 'true_false', 'There is a clear reason for the adaptations that butterflies are making to climate change.', NULL, NULL, 'FALSE');
INSERT INTO IELTSQuestion (id, sectionId, questionIndex, questionType, questionText, passageText, options, correctAnswer) VALUES (304, 1941, 6, 'true_false', 'The data used in the study was taken from the work of amateur butterfly watchers.', NULL, NULL, 'TRUE');
INSERT INTO IELTSQuestion (id, sectionId, questionIndex, questionType, questionText, passageText, options, correctAnswer) VALUES (305, 1941, 7, 'fill_blank', '● The new cities were dirty, crowded and lacked sufficient ______ .', '## Butterflies in the UK\n\nThe Small Blue\n\n· lives in large (7) ______\n\n· first appears at the start of (8) ______\n\n· completes more than one reproductive cycle per year\n\nThe High Brown Fritillary\n\n· has one reproductive cycle\n\n· is considered to be more (9) ______ than other species\n\n· its caterpillars occupy a limited range of (10) ______\n\nThe Silver-studded Blue\n\n· is already able to reproduce twice a year in warm areas of (11) ______\n\nThe White Admiral\n\n· is found in (12) ______ areas of England\n\n· both climate change and the (13) ______ of the caterpillar are possible reasons for decline', NULL, 'colonies');
INSERT INTO IELTSQuestion (id, sectionId, questionIndex, questionType, questionText, passageText, options, correctAnswer) VALUES (306, 1941, 8, 'fill_blank', '·Mike and Bob Bryan made changes to the types of ______ used on their racket frames.', NULL, NULL, 'spring');
INSERT INTO IELTSQuestion (id, sectionId, questionIndex, questionType, questionText, passageText, options, correctAnswer) VALUES (307, 1941, 9, 'fill_blank', '·Players were not allowed to use the spaghetti-strung racket because of the amount of ______ it created.', NULL, NULL, 'endangered');
INSERT INTO IELTSQuestion (id, sectionId, questionIndex, questionType, questionText, passageText, options, correctAnswer) VALUES (308, 1941, 10, 'fill_blank', '·Changes to rackets can be regarded as being as important as players\' diets or the ______ they do.', NULL, NULL, 'habitat|habitats');
INSERT INTO IELTSQuestion (id, sectionId, questionIndex, questionType, questionText, passageText, options, correctAnswer) VALUES (309, 1941, 11, 'fill_blank', '·All rackets used to have natural strings made from the ______ of animals.', NULL, NULL, 'Europe');
INSERT INTO IELTSQuestion (id, sectionId, questionIndex, questionType, questionText, passageText, options, correctAnswer) VALUES (310, 1941, 12, 'fill_blank', '·Pete Sampras had metal ______ put into the frames of his rackets.', NULL, NULL, 'southern');
INSERT INTO IELTSQuestion (id, sectionId, questionIndex, questionType, questionText, passageText, options, correctAnswer) VALUES (311, 1941, 13, 'fill_blank', '·Gonçalo Oliveira changed the ______ on his racket handles.', NULL, NULL, 'diet');
INSERT INTO IELTSExamSection (id, examId, sectionIndex, title, instructions, audioUrl, imageUrl) VALUES (1942, 194, 2, 'Passage 2: Deep-sea mining', 'A\nWhen Professor Mat Upton found that a microbe from a deep-sea sponge was killing pathogenic bugs in his laboratory, he realised it could be a breakthrough in the fight against antibiotic-resistant superbugs, which are responsible for thousands of deaths a year in the UK alone. Further tests confirmed that an antibiotic from the sponge bacteria, found living more than 700 metres under the sea at the Rockall trough in the north-east Atlantic, was previously unknown to science, boosting its potential as a life-saving medicine. But Upton, and other scientists who view the deep ocean and its wealth of unique and undocumented species as a prospecting ground for new medicines, fear such potential will be lost in the rush to exploit the deep sea\'s equally rich metal and mineral resources.\n\n\n\nB\n \'We\'re looking at the bioactive potential of marine resources, to see if there are any more medicines or drugs down there before we destroy it for ever,\' says Upton, a medical microbiologist at the University of Plymouth. He is among many scientists urging a halt to deep-sea mining, asking for time to weigh up the pros and cons. \'In sustainability terms, this could be a better way of exploiting the economic potential of the deep sea,\' he argues. Oceanographers using remotely operated vehicles have spotted many new species. Among them have been sea cucumbers with tails allowing them to sail along the ocean floor, and a rare \'Dumbo\' octopus, found 3,000 metres under the Pacific Ocean, off the coast of California. Any one of these could offer lifesaving potential. Upton estimates it could take up to a decade for a newly discovered antibiotic to become a medicine – but the race towards commercial mining in the ocean abyss has already begun.\n\n\n\nC\nThe deep sea contains more nickel, cobalt and rare earth metals than all land reserves combined, according to the US Geological Survey. Mining corporations argue that deep- sea exploration could help diversify the supply of metals and point to the fact that demand for resources such as copper, aluminium, cobalt for electric car batteries and other metals to power technology and smartphones, is soaring. They say that deep-sea mining could yield far superior ore to land mining with little, if any, waste. Different methods of extraction exist, but most involve employing some form of converted machinery previously used in terrestrial mining to excavate materials from the sea floor, at depths of up to 6,000 metres, then drawing a seawater slurry, containing rock and other solid particles, from the sea floor to ships on the surface. The slurry is then \'de-watered\' and transferred to another vessel for shipping. Extracted seawater is pumped back down and discharged close to the sea floor.\n\n\n\nD\nBut environmental and legal groups have urged caution, arguing there are potentially massive and unknown ramifications for the environment and for nearby communities, and that the global regulatory framework is not yet drafted. \'Despite arising in the last half century, the “new global gold rush” of deep-sea mining shares many features with past resource scrambles – including a general disregard for environmental and social impacts, and the marginalisation of indigenous peoples and their rights,\' a paper, written by Julie Hunter and Julian Aguon, from Blue Ocean Law, and Pradeep Singh, from the Center for Marine Environmental Sciences, Bremen, argues. The authors say that knowledge of the deep seabed remains extremely limited. \'The surface of the Moon, Mars and even Venus have all been mapped and studied in much greater detail, leading marine scientists to commonly remark that, with respect to the deep sea, “We don\'t yet know what we need to know”.\'\n\n\n\nE\nScientific research – including a recent paper in Marine Policy journal – has suggested the deep seabed, and hydrothermal vents, which are created when seawater meets volcanic magma, have crucial impacts upon biodiversity and the global climate. The mineral-rich vents and their surrounds are also home to many well-known animals including crustaceans, tubeworms, clams, slugs, anemones and fish. \'It is becoming increasingly clear that deep-sea mining poses a grave threat to these vital seabed functions,\' the paper says. \'Extraction methods would produce large sediment plumes and involve the discharge of waste back into the ocean, significantly disturbing seafloor environments,\' the paper continues. \'On deep sea vents, scientists are clear,\' says Dr Jon Copley of the National Oceanography Centre, Southampton: \'we don\'t want mining on them.\'\n\n\n\nF\nThe oceans occupy around 70% of the planet and are relatively unexplored, says Mike Johnston, chief executive of Nautilus, a Canadian underwater exploration company: \'It makes sense to explore this untapped potential in an environmentally sustainable way, instead of continually looking at the fast depleting land resources of the planet to meet society\'s rising needs.\' Those leading the global rush to place giant mining machines thousands of metres below the sea surface say the environmental impacts will be far lower than on land. But critics say exotic and little-known ecosystems in the deep oceans could be destroyed and must be protected. \'Mining will be the greatest assault on deep-sea ecosystems ever inflicted by humans,\' according to hydrothermal vent expert Verena Tunnicliffe, at the University of Victoria in Canada. She argues that active vents must be off-limits for mining to protect the new knowledge and biotechnology spin-offs they can deliver, and that strict controls must be in place elsewhere.\n\nReading Passage 2 has six paragraphs, A–F . Which paragraph contains the following information? Write the correct letter, A–F, in boxes 14–17 on your answer sheet.\n\nLook at the following statements (Questions 18–23) and the list of people below. Match each statement with the correct person or people, A–E . Write the correct letter, A–E, in boxes 18–23 on your answer sheet. NB You may use any letter more than once.\n\nComplete the summary below. Choose ONE WORD ONLY from the passage for each answer. Write your answers in boxes 24–26 on your answer sheet.', NULL, NULL);
INSERT INTO IELTSQuestion (id, sectionId, questionIndex, questionType, questionText, passageText, options, correctAnswer) VALUES (312, 1942, 14, 'matching', 'reference to the rapidly increasing need for one raw material in the transport industry', NULL, '["A","B","C","D","E","F"]', 'C');
INSERT INTO IELTSQuestion (id, sectionId, questionIndex, questionType, questionText, passageText, options, correctAnswer) VALUES (313, 1942, 15, 'matching', 'a rough estimate of the area of the Earth covered by the oceans', NULL, '["A","B","C","D","E","F"]', 'F');
INSERT INTO IELTSQuestion (id, sectionId, questionIndex, questionType, questionText, passageText, options, correctAnswer) VALUES (314, 1942, 16, 'matching', 'how a particular underwater habitat, where minerals and organisms co-exist, is formed', NULL, '["A","B","C","D","E","F"]', 'E');
INSERT INTO IELTSQuestion (id, sectionId, questionIndex, questionType, questionText, passageText, options, correctAnswer) VALUES (315, 1942, 17, 'matching', 'reference to the fact that the countries of the world have yet to agree on rules for the exploration of the seabed', NULL, '["A","B","C","D","E","F"]', 'D');
INSERT INTO IELTSQuestion (id, sectionId, questionIndex, questionType, questionText, passageText, options, correctAnswer) VALUES (316, 1942, 18, 'matching', 'A move away from the exploration of heavily mined reserves on land is a good idea. ______', NULL, '["Professor Mat Upton","Julie Hunter, Julian Aguon and Pradeep Singh","Dr Jon Copley","Mike Johnston","Verena Tunnicliffe"]', 'Mike Johnston');
INSERT INTO IELTSQuestion (id, sectionId, questionIndex, questionType, questionText, passageText, options, correctAnswer) VALUES (317, 1942, 19, 'matching', 'The negative effects of undersea exploration on local areas and their inhabitants are being ignored. ______', NULL, '["Professor Mat Upton","Julie Hunter, Julian Aguon and Pradeep Singh","Dr Jon Copley","Mike Johnston","Verena Tunnicliffe"]', 'Julie Hunter, Julian Aguon and Pradeep Singh');
INSERT INTO IELTSQuestion (id, sectionId, questionIndex, questionType, questionText, passageText, options, correctAnswer) VALUES (318, 1942, 20, 'matching', 'There are more worthwhile things to extract from the sea than minerals. ______', NULL, '["Professor Mat Upton","Julie Hunter, Julian Aguon and Pradeep Singh","Dr Jon Copley","Mike Johnston","Verena Tunnicliffe"]', 'Professor Mat Upton');
INSERT INTO IELTSQuestion (id, sectionId, questionIndex, questionType, questionText, passageText, options, correctAnswer) VALUES (319, 1942, 21, 'matching', 'No other form of human exploration will have such a destructive impact on marine life as deep-sea mining.______', NULL, '["Professor Mat Upton","Julie Hunter, Julian Aguon and Pradeep Singh","Dr Jon Copley","Mike Johnston","Verena Tunnicliffe"]', 'Verena Tunnicliffe');
INSERT INTO IELTSQuestion (id, sectionId, questionIndex, questionType, questionText, passageText, options, correctAnswer) VALUES (320, 1942, 22, 'matching', 'More is known about outer space than about what lies beneath the oceans.______', NULL, '["Professor Mat Upton","Julie Hunter, Julian Aguon and Pradeep Singh","Dr Jon Copley","Mike Johnston","Verena Tunnicliffe"]', 'Julie Hunter, Julian Aguon and Pradeep Singh');
INSERT INTO IELTSQuestion (id, sectionId, questionIndex, questionType, questionText, passageText, options, correctAnswer) VALUES (321, 1942, 23, 'matching', 'There is one marine life habitat where experts agree mining should not take place. ______', NULL, '["Professor Mat Upton","Julie Hunter, Julian Aguon and Pradeep Singh","Dr Jon Copley","Mike Johnston","Verena Tunnicliffe"]', 'Dr Jon Copley');
INSERT INTO IELTSQuestion (id, sectionId, questionIndex, questionType, questionText, passageText, options, correctAnswer) VALUES (322, 1942, 24, 'fill_blank', 'Mining corporations believe that the mineral resources lying under the sea may be superior to those found in the earth. They also say that these can be removed without producing much ______.', '## Mining the sea floor\n\nMining corporations believe that the mineral resources lying under the sea may be superior to those found in the earth. They also say that these can be removed without producing much (24) ______.\n\nThe extraction is often done by adapting the (25) ______ \nthat has already been used to work on land. The method of excavation involves removing the seawater from the slurry that is brought up to ships and returning it to the seabed. However, concerned groups strongly believe that (26) ______ is necessary due to the possible number of unidentified consequences.', NULL, 'waste');
INSERT INTO IELTSQuestion (id, sectionId, questionIndex, questionType, questionText, passageText, options, correctAnswer) VALUES (323, 1942, 25, 'fill_blank', 'The extraction is often done by adapting the ______', NULL, NULL, 'machinery');
INSERT INTO IELTSQuestion (id, sectionId, questionIndex, questionType, questionText, passageText, options, correctAnswer) VALUES (324, 1942, 26, 'fill_blank', 'that has already been used to work on land. The method of excavation involves removing the seawater from the slurry that is brought up to ships and returning it to the seabed. However, concerned groups strongly believe that ______ is necessary due to the possible number of unidentified consequences.', NULL, NULL, 'caution');
INSERT INTO IELTSExamSection (id, examId, sectionIndex, title, instructions, audioUrl, imageUrl) VALUES (1943, 194, 3, 'Passage 3: The Unselfish Gene', 'A psychologist gives his view on how humans became self-centred\n\n\nThere has long been a general assumption that human beings are essentially selfish. We\'re apparently ruthless, with strong impulses to compete against each other for resources and to accumulate power and possessions. If we are kind to one another, it\'s usually because we have ulterior motives. If we are good, it\'s only because we have managed to control and transcend our innate selfishness and brutality.\n\n\nThis bleak view of human nature is closely associated with the science writer Richard Dawkins, whose 1976 book The Selfish Gene became popular because it fitted so well with – and helped to justify – the competitive and individualistic ethos that was so prevalent in late 20th-century societies. Like many others, Dawkins justifies his views with reference to the field of evolutionary psychology. Evolutionary psychology theorises that present-day human traits developed in prehistoric times, during what is termed the \'environment of evolutionary adaptedness\'.\n\n\nPrehistory is usually seen as a period of intense competition, when life was such a brutal battle that only those with traits such as selfishness, aggression and ruthlessness survived. And because survival depended on access to resources – such as rivers, forests and animals – there was bound to be conflict between rival groups, which led to the development of traits such as racism and warfare. This seems logical. But, in fact, the assumption on which this all rests – that prehistoric life was a desperate struggle for survival – is false.\n\n\nIt\'s important to remember that in the prehistoric era, the world was very sparsely populated. According to some estimates, around 15,000 years ago, the population of Europe was only 29,000, and the population of the whole world was less than half a million. Humans at that time were hunter-gatherers: people who lived by hunting wild animals and collecting wild plants. With such small population densities, it seems unlikely that prehistoric hunter-gatherer groups had to compete against each other for resources or had any need to develop ruthlessness and competitiveness, or to go to war.\n\n\nThere is significant evidence to back this notion from contemporary hunter-gatherer groups, who live in the same way as prehistoric humans did. As the anthropologist Bruce Knauft has remarked, hunter-gatherers are characterised by \'extreme political and sexual egalitarianism\'. Knauft has observed that individuals in such groups don\'t accumulate property or possessions and have an ethical obligation to share everything. They also have methods of preserving egalitarianism by ensuring that disparities of status don\'t arise.\n\n\nThe !Kung people of southern Africa, for example, swap arrows before going hunting and when an animal is killed, the acclaim does not go to the person who fired the arrow, but to the person the arrow belongs to. And if a person becomes too domineering, the other members of the group ostracise them, exiling the offender from society. Typically in such groups, men do not dictate what women do. Women in hunter-gatherer groups worldwide often benefit from a high level of autonomy, being able to select their own marriage partners, decide what work they do and work whenever they choose to. And if a marriage breaks down, they have custody rights over their children.\n\n\nMany anthropologists believe that societies such as the !Kung were normal until a few thousand years ago, when population growth led to the development of agriculture and a settled lifestyle. In view of the above, there seems little reason to assume that traits such as racism, warfare and male domination should have been selected by evolution – as they would have been of little benefit in the prehistoric era. Individuals who behaved selfishly and ruthlessly would be less likely to survive, since they would have been ostracised from their groups.\n\n\nIt makes more sense, then, to see traits such as cooperation, egalitarianism, altruism and peacefulness as innate characteristics of human beings. These were the traits that were prevalent in human life for tens of thousands of years. So presumably these traits are still strong in us now.\n\n\nBut if prehistoric life wasn\'t really as brutal as has often been assumed, why do modern humans behave so selfishly and ruthlessly? Perhaps these negative traits should be seen as a later development, the result of environmental and psychological factors.Research has shown repeatedly that when the natural habitats of primates such as apes and gorillas are disrupted, they tend to become more violent and hierarchical.\n\n\nSo, it could well be that the same thing has happened to us. I believe that the end of the hunter-gatherer lifestyle and the advent of farming was connected to a psychological change that occurred in some groups of people. There was a new sense of individuality and separateness, which led to a new selfishness, and ultimately to hierarchical societies, patriarchy and warfare. At any rate, these negative traits appear to have developed so recently that it doesn\'t seem feasible to explain them in adaptive or evolutionary terms.\n\nChoose the correct letter, A, B, C or D . Write the correct letter in boxes 27–30 on your answer sheet.\n\nComplete the summary below. Choose ONE WORD ONLY from the passage for each answer. Write your answers in boxes 31–35 on your answer sheet.\n\nDo the following statements agree with the views of the writer in Reading Passage 3? In boxes 36–40 on your answer sheet, write YES if the statement agrees with the views of the writer NO if the statement contradicts the views of the writer NOT GIVEN if it is impossible to say what the writer thinks about this', NULL, NULL);
INSERT INTO IELTSQuestion (id, sectionId, questionIndex, questionType, questionText, passageText, options, correctAnswer) VALUES (325, 1943, 27, 'multiple_choice', 'What is the writer doing in the first paragraph?', NULL, '["To celebrate Dawkins\' achievement","To define key biological terms","To present a widely accepted theory in order to challenge it","To argue that cooperation is more important than competition"]', 'describing a commonly held belief about people\'s behaviour');
INSERT INTO IELTSQuestion (id, sectionId, questionIndex, questionType, questionText, passageText, options, correctAnswer) VALUES (326, 1943, 28, 'multiple_choice', 'What point is made about Richard Dawkins\' book The Selfish Gene?', NULL, '["It was universally accepted","It was immediately controversial","It may have overstated the case for competition","It focused mainly on cooperation"]', 'It presented a view that was in line with the attitudes of its time.');
INSERT INTO IELTSQuestion (id, sectionId, questionIndex, questionType, questionText, passageText, options, correctAnswer) VALUES (327, 1943, 29, 'multiple_choice', 'What does the writer suggest about the prehistoric era in the fourth paragraph?', NULL, '["People lived in constant fear","Fierce competition was not necessarily the norm","There was no cooperation at all","Only the strongest survived"]', 'Supplies of natural resources were probably relatively plentiful.');
INSERT INTO IELTSQuestion (id, sectionId, questionIndex, questionType, questionText, passageText, options, correctAnswer) VALUES (328, 1943, 30, 'multiple_choice', 'The writer refers to Bruce Knauft\'s work as support for the idea that', NULL, '["Hunter-gatherers exhibit high egalitarianism","Competition drove human evolution","Men dominated prehistoric societies","Agriculture ended cooperation"]', 'selfishness is a relatively recent development in human societies.');
INSERT INTO IELTSQuestion (id, sectionId, questionIndex, questionType, questionText, passageText, options, correctAnswer) VALUES (329, 1943, 31, 'fill_blank', 'Bruce Knauft\'s research shows that contemporary hunter-gatherer societies tend to exhibit a high level of ______ in all areas of life. In these cultures, distributing resources fairly among all members is a moral obligation. These societies also employ strategies to prevent differences in ______ occurring: for example, the !Kung follow a custom whereby the credit for one person\'s success at ______ is given to another member of the group. Individuals who behave in a ______ manner are punished by being excluded from the group, and women have a considerable amount of ______ in choices regarding work and marriage.', '## Contemporary hunter-gatherer societies\n\nBruce Knauft\'s research shows that contemporary hunter-gatherer societies tend to exhibit a high level of (31) ______ in all areas of life. In these cultures, distributing resources fairly among all members is a moral obligation. These societies also employ strategies to prevent differences in (32) ______ occurring: for example, the !Kung follow a custom whereby the credit for one person\'s success at (33) ______ is given to another member of the group. Individuals who behave in a (34) ______ manner are punished by being excluded from the group, and women have a considerable amount of  (35) ______ in choices regarding work and marriage.', NULL, 'egalitarianism');
INSERT INTO IELTSQuestion (id, sectionId, questionIndex, questionType, questionText, passageText, options, correctAnswer) VALUES (330, 1943, 32, 'fill_blank', 'Bruce Knauft\'s research shows that contemporary hunter-gatherer societies tend to exhibit a high level of ______ in all areas of life. In these cultures, distributing resources fairly among all members is a moral obligation. These societies also employ strategies to prevent differences in ______ occurring: for example, the !Kung follow a custom whereby the credit for one person\'s success at ______ is given to another member of the group. Individuals who behave in a ______ manner are punished by being excluded from the group, and women have a considerable amount of ______ in choices regarding work and marriage.', NULL, NULL, 'status');
INSERT INTO IELTSQuestion (id, sectionId, questionIndex, questionType, questionText, passageText, options, correctAnswer) VALUES (331, 1943, 33, 'fill_blank', 'Bruce Knauft\'s research shows that contemporary hunter-gatherer societies tend to exhibit a high level of ______ in all areas of life. In these cultures, distributing resources fairly among all members is a moral obligation. These societies also employ strategies to prevent differences in ______ occurring: for example, the !Kung follow a custom whereby the credit for one person\'s success at ______ is given to another member of the group. Individuals who behave in a ______ manner are punished by being excluded from the group, and women have a considerable amount of ______ in choices regarding work and marriage.', NULL, NULL, 'hunting');
INSERT INTO IELTSQuestion (id, sectionId, questionIndex, questionType, questionText, passageText, options, correctAnswer) VALUES (332, 1943, 34, 'fill_blank', 'Bruce Knauft\'s research shows that contemporary hunter-gatherer societies tend to exhibit a high level of ______ in all areas of life. In these cultures, distributing resources fairly among all members is a moral obligation. These societies also employ strategies to prevent differences in ______ occurring: for example, the !Kung follow a custom whereby the credit for one person\'s success at ______ is given to another member of the group. Individuals who behave in a ______ manner are punished by being excluded from the group, and women have a considerable amount of ______ in choices regarding work and marriage.', NULL, NULL, 'domineering');
INSERT INTO IELTSQuestion (id, sectionId, questionIndex, questionType, questionText, passageText, options, correctAnswer) VALUES (333, 1943, 35, 'fill_blank', 'Bruce Knauft\'s research shows that contemporary hunter-gatherer societies tend to exhibit a high level of ______ in all areas of life. In these cultures, distributing resources fairly among all members is a moral obligation. These societies also employ strategies to prevent differences in ______ occurring: for example, the !Kung follow a custom whereby the credit for one person\'s success at ______ is given to another member of the group. Individuals who behave in a ______ manner are punished by being excluded from the group, and women have a considerable amount of ______ in choices regarding work and marriage.', NULL, NULL, 'autonomy');
INSERT INTO IELTSQuestion (id, sectionId, questionIndex, questionType, questionText, passageText, options, correctAnswer) VALUES (334, 1943, 36, 'true_false', 'Some anthropologists are mistaken about the point when the number of societies such as the !Kung began to decline.', NULL, NULL, 'NOT GIVEN');
INSERT INTO IELTSQuestion (id, sectionId, questionIndex, questionType, questionText, passageText, options, correctAnswer) VALUES (335, 1943, 37, 'true_false', 'Humans who developed warlike traits in prehistory would have had an advantage over those who did not.', NULL, NULL, 'NO');
INSERT INTO IELTSQuestion (id, sectionId, questionIndex, questionType, questionText, passageText, options, correctAnswer) VALUES (336, 1943, 38, 'true_false', 'Being peaceful and cooperative is a natural way for people to behave.', NULL, NULL, 'YES');
INSERT INTO IELTSQuestion (id, sectionId, questionIndex, questionType, questionText, passageText, options, correctAnswer) VALUES (337, 1943, 39, 'true_false', 'Negative traits are more apparent in some modern cultures than in others.', NULL, NULL, 'NOT GIVEN');
INSERT INTO IELTSQuestion (id, sectionId, questionIndex, questionType, questionText, passageText, options, correctAnswer) VALUES (338, 1943, 40, 'true_false', 'Animal research has failed to reveal a link between changes in the environment and the emergence of aggressive tendencies.', NULL, NULL, 'NO');
INSERT INTO IELTSExam (id, title, type, totalQuestions) VALUES (1901, '剑桥雅思 19 - Test 1 听力', 'listening', 40);
INSERT INTO IELTSExamSection (id, examId, sectionIndex, title, instructions, audioUrl, imageUrl) VALUES (19011, 1901, 1, 'Part 1', 'Complete the notes below.\nWrite ONE WORD AND/OR A NUMBER for each answer.', 'https://yxzm-audio.oss-cn-beijing.aliyuncs.com/Cambridge-IELTS-19/T1/S1.mp3', NULL);
INSERT INTO IELTSQuestion (id, sectionId, questionIndex, questionType, questionText, passageText, options, correctAnswer) VALUES (2004569, 19011, 1, 'fill_blank', 'Area: ______hectares', '[note]\n## Hinchingbrooke Country Park\n\n## The Park\nArea: {Q1} hectares\nHabitats: wetland, grassland and woodland\nWetland: lakes, ponds and a {Q2}\nWildlife includes birds, insects and animals\n\n## Subjects studied in educational visits include\nScience: Children look at {Q3} about plants, etc.\nGeography: includes learning to use a {Q4} and compass\nHistory: changes in land use\nLeisure and tourism: mostly concentrates on the park\'s {Q5}\nMusic: Children make {Q6} with natural materials, and experiment with rhythm and speed.\n\n## Benefits of outdoor educational visits\nThey give children a feeling of {Q7} that they may not have elsewhere.\nChildren learn new {Q8} and gain self-confidence.\n\n## Practical issues\nCost per child: £{Q9}\nAdults, such as {Q10}, free', NULL, '69');
INSERT INTO IELTSQuestion (id, sectionId, questionIndex, questionType, questionText, passageText, options, correctAnswer) VALUES (2004570, 19011, 2, 'fill_blank', 'Wetland: lakes, ponds and a ______', NULL, NULL, 'stream');
INSERT INTO IELTSQuestion (id, sectionId, questionIndex, questionType, questionText, passageText, options, correctAnswer) VALUES (2004571, 19011, 3, 'fill_blank', 'Science: Children look at ______ about plants, etc.', NULL, NULL, 'data');
INSERT INTO IELTSQuestion (id, sectionId, questionIndex, questionType, questionText, passageText, options, correctAnswer) VALUES (2004572, 19011, 4, 'fill_blank', 'Geography: includes learning to use a ______ and compass History: changes in land use', NULL, NULL, 'map');
INSERT INTO IELTSQuestion (id, sectionId, questionIndex, questionType, questionText, passageText, options, correctAnswer) VALUES (2004573, 19011, 5, 'fill_blank', 'Leisure and tourism: mostly concentrates on the park\'s ______', NULL, NULL, 'visitors');
INSERT INTO IELTSQuestion (id, sectionId, questionIndex, questionType, questionText, passageText, options, correctAnswer) VALUES (2004574, 19011, 6, 'fill_blank', 'Music: Children make ______ with natural materials, and experiment with rhythm and speed.', NULL, NULL, 'sounds');
INSERT INTO IELTSQuestion (id, sectionId, questionIndex, questionType, questionText, passageText, options, correctAnswer) VALUES (2004575, 19011, 7, 'fill_blank', 'They give children a feeling of ______ that they may not have elsewhere.', NULL, NULL, 'freedom');
INSERT INTO IELTSQuestion (id, sectionId, questionIndex, questionType, questionText, passageText, options, correctAnswer) VALUES (2004576, 19011, 8, 'fill_blank', 'Children learn new ______ and gain self-confidence.', NULL, NULL, 'skills');
INSERT INTO IELTSQuestion (id, sectionId, questionIndex, questionType, questionText, passageText, options, correctAnswer) VALUES (2004577, 19011, 9, 'fill_blank', 'Cost per child: £ ______', NULL, NULL, '4.95');
INSERT INTO IELTSQuestion (id, sectionId, questionIndex, questionType, questionText, passageText, options, correctAnswer) VALUES (2004578, 19011, 10, 'fill_blank', 'Adults, such as ______ , free', NULL, NULL, 'leaders');
INSERT INTO IELTSExamSection (id, examId, sectionIndex, title, instructions, audioUrl, imageUrl) VALUES (19012, 1901, 2, 'Part 2', 'Choose the correct letter, A, B or C .\n\nLabel the map below. Write the correct letter, A–H, next to Questions 16–20.', 'https://yxzm-audio.oss-cn-beijing.aliyuncs.com/Cambridge-IELTS-19/T1/S2.mp3', 'https://yxzm-image.oss-cn-beijing.aliyuncs.com/L-C19-T1-S2.png');
INSERT INTO IELTSQuestion (id, sectionId, questionIndex, questionType, questionText, passageText, options, correctAnswer) VALUES (2004579, 19012, 11, 'multiple_choice', 'During the visit to Malatte, in France, members especially enjoyed', NULL, '["A. going to a theme park.","B. experiencing a river trip.","C. visiting a cheese factory."]', 'B. experiencing a river trip.');
INSERT INTO IELTSQuestion (id, sectionId, questionIndex, questionType, questionText, passageText, options, correctAnswer) VALUES (2004580, 19012, 12, 'multiple_choice', 'What will happen in Stanthorpe to mark the 25th anniversary of the Twinning Association?', NULL, '["A. A tree will be planted.","B. A garden seat will be bought.","C. A footbridge will be built."]', 'A. A tree will be planted.');
INSERT INTO IELTSQuestion (id, sectionId, questionIndex, questionType, questionText, passageText, options, correctAnswer) VALUES (2004581, 19012, 13, 'multiple_choice', 'Which event raised most funds this year?', NULL, '["A. the film show","B. the pancake evening","C. the cookery demonstration"]', 'B. the pancake evening');
INSERT INTO IELTSQuestion (id, sectionId, questionIndex, questionType, questionText, passageText, options, correctAnswer) VALUES (2004582, 19012, 14, 'multiple_choice', 'For the first evening with the French visitors host families are advised to', NULL, '["A. take them for a walk round the town.","B. go to a local restaurant.","C. have a meal at home."]', 'C. have a meal at home.');
INSERT INTO IELTSQuestion (id, sectionId, questionIndex, questionType, questionText, passageText, options, correctAnswer) VALUES (2004583, 19012, 15, 'multiple_choice', 'On Saturday evening there will be the chance to', NULL, '["A. listen to a concert.","B. watch a match.","C. take part in a competition."]', 'A. listen to a concert.');
INSERT INTO IELTSQuestion (id, sectionId, questionIndex, questionType, questionText, passageText, options, correctAnswer) VALUES (2004584, 19012, 16, 'map_labelling', 'Farm shop', NULL, '["A","B","C","D","E","F","G","H"]', 'G');
INSERT INTO IELTSQuestion (id, sectionId, questionIndex, questionType, questionText, passageText, options, correctAnswer) VALUES (2004585, 19012, 17, 'map_labelling', 'Disabled entry', NULL, '["A","B","C","D","E","F","G","H"]', 'C');
INSERT INTO IELTSQuestion (id, sectionId, questionIndex, questionType, questionText, passageText, options, correctAnswer) VALUES (2004586, 19012, 18, 'map_labelling', 'Adventure playground', NULL, '["A","B","C","D","E","F","G","H"]', 'B');
INSERT INTO IELTSQuestion (id, sectionId, questionIndex, questionType, questionText, passageText, options, correctAnswer) VALUES (2004587, 19012, 19, 'map_labelling', 'Kitchen gardens', NULL, '["A","B","C","D","E","F","G","H"]', 'D');
INSERT INTO IELTSQuestion (id, sectionId, questionIndex, questionType, questionText, passageText, options, correctAnswer) VALUES (2004588, 19012, 20, 'map_labelling', 'The Temple of the Four Winds', NULL, '["A","B","C","D","E","F","G","H"]', 'A');
INSERT INTO IELTSExamSection (id, examId, sectionIndex, title, instructions, audioUrl, imageUrl) VALUES (19013, 1901, 3, 'Part 3', 'Choose TWO letters, A–E .\n\nWhat is the students’ opinion about each of the following food trends? Choose SIX answers from the box and write the correct letter, A–H, next to Questions 25–30.', 'https://yxzm-audio.oss-cn-beijing.aliyuncs.com/Cambridge-IELTS-19/T1/S3.mp3', NULL);
INSERT INTO IELTSQuestion (id, sectionId, questionIndex, questionType, questionText, passageText, options, correctAnswer) VALUES (2004589, 19013, 21, 'multiple_choice', 'Which **TWO** things did Colin find most satisfying about his bread reuse project?', NULL, '["A. receiving support from local restaurants","B. finding a good way to prevent waste","C. overcoming problems in a basic process","D. experimenting with designs and colours","E. learning how to apply 3-D printing"]', 'B. finding a good way to prevent waste');
INSERT INTO IELTSQuestion (id, sectionId, questionIndex, questionType, questionText, passageText, options, correctAnswer) VALUES (2004590, 19013, 22, 'multiple_choice', 'Which **TWO** things did Colin find most satisfying about his bread reuse project?', NULL, '["A. receiving support from local restaurants","B. finding a good way to prevent waste","C. overcoming problems in a basic process","D. experimenting with designs and colours","E. learning how to apply 3-D printing"]', 'D. experimenting with designs and colours');
INSERT INTO IELTSQuestion (id, sectionId, questionIndex, questionType, questionText, passageText, options, correctAnswer) VALUES (2004591, 19013, 23, 'multiple_choice', 'Which **TWO** ways do the students agree that touch-sensitive sensors for food labels could be developed in future?', NULL, '["A. for use on medical products","B. to show that food is no longer fit to eat","C. for use with drinks as well as foods","D. to provide applications for blind people","E. to indicate the weight of certain foods"]', 'A. for use on medical products');
INSERT INTO IELTSQuestion (id, sectionId, questionIndex, questionType, questionText, passageText, options, correctAnswer) VALUES (2004592, 19013, 24, 'multiple_choice', 'Which **TWO** ways do the students agree that touch-sensitive sensors for food labels could be developed in future?', NULL, '["A. for use on medical products","B. to show that food is no longer fit to eat","C. for use with drinks as well as foods","D. to provide applications for blind people","E. to indicate the weight of certain foods"]', 'E. to indicate the weight of certain foods');
INSERT INTO IELTSQuestion (id, sectionId, questionIndex, questionType, questionText, passageText, options, correctAnswer) VALUES (2004593, 19013, 25, 'matching', 'Use of local products', NULL, '["This is only relevant to young people.","This may have disappointing results.","This already seems to be widespread.","Retailers should do more to encourage this.","More financial support is needed for this.","Most people know little about this.","There should be stricter regulations about this.","This could be dangerous."]', 'Retailers should do more to encourage this.');
INSERT INTO IELTSQuestion (id, sectionId, questionIndex, questionType, questionText, passageText, options, correctAnswer) VALUES (2004594, 19013, 26, 'matching', 'Reduction in unnecessary packaging', NULL, '["This is only relevant to young people.","This may have disappointing results.","This already seems to be widespread.","Retailers should do more to encourage this.","More financial support is needed for this.","Most people know little about this.","There should be stricter regulations about this.","This could be dangerous."]', 'There should be stricter regulations about this.');
INSERT INTO IELTSQuestion (id, sectionId, questionIndex, questionType, questionText, passageText, options, correctAnswer) VALUES (2004595, 19013, 27, 'matching', 'Gluten-free and lactose-free food', NULL, '["This is only relevant to young people.","This may have disappointing results.","This already seems to be widespread.","Retailers should do more to encourage this.","More financial support is needed for this.","Most people know little about this.","There should be stricter regulations about this.","This could be dangerous."]', 'This already seems to be widespread.');
INSERT INTO IELTSQuestion (id, sectionId, questionIndex, questionType, questionText, passageText, options, correctAnswer) VALUES (2004596, 19013, 28, 'matching', 'Use of branded products related to celebrity chefs', NULL, '["This is only relevant to young people.","This may have disappointing results.","This already seems to be widespread.","Retailers should do more to encourage this.","More financial support is needed for this.","Most people know little about this.","There should be stricter regulations about this.","This could be dangerous."]', 'This may have disappointing results.');
INSERT INTO IELTSQuestion (id, sectionId, questionIndex, questionType, questionText, passageText, options, correctAnswer) VALUES (2004597, 19013, 29, 'matching', 'Development of \'ghost kitchens\' for takeaway food', NULL, '["This is only relevant to young people.","This may have disappointing results.","This already seems to be widespread.","Retailers should do more to encourage this.","More financial support is needed for this.","Most people know little about this.","There should be stricter regulations about this.","This could be dangerous."]', 'Most people know little about this.');
INSERT INTO IELTSQuestion (id, sectionId, questionIndex, questionType, questionText, passageText, options, correctAnswer) VALUES (2004598, 19013, 30, 'matching', 'Use of mushrooms for common health concerns', NULL, '["This is only relevant to young people.","This may have disappointing results.","This already seems to be widespread.","Retailers should do more to encourage this.","More financial support is needed for this.","Most people know little about this.","There should be stricter regulations about this.","This could be dangerous."]', 'This could be dangerous.');
INSERT INTO IELTSExamSection (id, examId, sectionIndex, title, instructions, audioUrl, imageUrl) VALUES (19014, 1901, 4, 'Part 4', 'Complete the notes below. Write ONE WORD ONLY for each answer.', 'https://yxzm-audio.oss-cn-beijing.aliyuncs.com/Cambridge-IELTS-19/T1/S4.mp3', NULL);
INSERT INTO IELTSQuestion (id, sectionId, questionIndex, questionType, questionText, passageText, options, correctAnswer) VALUES (2004599, 19014, 31, 'fill_blank', NULL, '[note]\n# Céide Fields\n\n## an important Neolithic archaeological site in the northwest of Ireland\n\n## Discovery\n· In the 1930s, a local teacher realised that stones beneath the bog surface were once {Q31}\n· His {Q32} became an archaeologist and undertook an investigation of the site\n· a traditional method used by local people to dig for {Q33} was used to identify where stones were located\n· carbon dating later proved the site was Neolithic.\n· Items are well preserved in the bog because of a lack of {Q34}\n\n## Neolithic farmers\n· Houses were {Q35} in shape and had a hole in the roof.\n· Neolithic innovations include:\n- cooking indoors\n- pots used for storage and to make {Q36}.\n· Each field at Céide was large enough to support a big {Q37}.\n· The fields were probably used to restrict the movement of grazing animals\n\n## Decline\n· a decrease in {Q38} temperatures led to the formation of blanket bog\n· the bog covered the land and the {Q39} became less fertile\n· this meant the land could no longer support the same number of people\n· the community declined due to the increased frequency of {Q40}', NULL, 'walls');
INSERT INTO IELTSQuestion (id, sectionId, questionIndex, questionType, questionText, passageText, options, correctAnswer) VALUES (2004600, 19014, 32, 'fill_blank', NULL, NULL, NULL, 'son');
INSERT INTO IELTSQuestion (id, sectionId, questionIndex, questionType, questionText, passageText, options, correctAnswer) VALUES (2004601, 19014, 33, 'fill_blank', NULL, NULL, NULL, 'fuel');
INSERT INTO IELTSQuestion (id, sectionId, questionIndex, questionType, questionText, passageText, options, correctAnswer) VALUES (2004602, 19014, 34, 'fill_blank', NULL, NULL, NULL, 'oxygen');
INSERT INTO IELTSQuestion (id, sectionId, questionIndex, questionType, questionText, passageText, options, correctAnswer) VALUES (2004603, 19014, 35, 'fill_blank', NULL, NULL, NULL, 'rectangular');
INSERT INTO IELTSQuestion (id, sectionId, questionIndex, questionType, questionText, passageText, options, correctAnswer) VALUES (2004604, 19014, 36, 'fill_blank', NULL, NULL, NULL, 'lamps');
INSERT INTO IELTSQuestion (id, sectionId, questionIndex, questionType, questionText, passageText, options, correctAnswer) VALUES (2004605, 19014, 37, 'fill_blank', NULL, NULL, NULL, 'family');
INSERT INTO IELTSQuestion (id, sectionId, questionIndex, questionType, questionText, passageText, options, correctAnswer) VALUES (2004606, 19014, 38, 'fill_blank', NULL, NULL, NULL, 'winter');
INSERT INTO IELTSQuestion (id, sectionId, questionIndex, questionType, questionText, passageText, options, correctAnswer) VALUES (2004607, 19014, 39, 'fill_blank', NULL, NULL, NULL, 'soil');
INSERT INTO IELTSQuestion (id, sectionId, questionIndex, questionType, questionText, passageText, options, correctAnswer) VALUES (2004608, 19014, 40, 'fill_blank', NULL, NULL, NULL, 'rain');
INSERT INTO IELTSExam (id, title, type, totalQuestions) VALUES (1902, '剑桥雅思 19 - Test 2 听力', 'listening', 40);
INSERT INTO IELTSExamSection (id, examId, sectionIndex, title, instructions, audioUrl, imageUrl) VALUES (19021, 1902, 1, 'Part 1', 'Complete the notes below. Write ONE WORD ONLY for each answer.', 'https://yxzm-audio.oss-cn-beijing.aliyuncs.com/Cambridge-IELTS-19/T2/S1.mp3', NULL);
INSERT INTO IELTSQuestion (id, sectionId, questionIndex, questionType, questionText, passageText, options, correctAnswer) VALUES (2004609, 19021, 1, 'fill_blank', 'Coordinator: ______', '[form] Guitar Group\nCoordinator: Gary\nLevel:\nPlace:\nAddress:\nTime:\nRecommended website:', NULL, 'Mathieson');
INSERT INTO IELTSQuestion (id, sectionId, questionIndex, questionType, questionText, passageText, options, correctAnswer) VALUES (2004610, 19021, 2, 'fill_blank', 'Level: ______', NULL, NULL, 'beginners');
INSERT INTO IELTSQuestion (id, sectionId, questionIndex, questionType, questionText, passageText, options, correctAnswer) VALUES (2004611, 19021, 3, 'fill_blank', 'Place: ______', NULL, NULL, 'college');
INSERT INTO IELTSQuestion (id, sectionId, questionIndex, questionType, questionText, passageText, options, correctAnswer) VALUES (2004612, 19021, 4, 'fill_blank', 'Address: ______ Street', NULL, NULL, 'New');
INSERT INTO IELTSQuestion (id, sectionId, questionIndex, questionType, questionText, passageText, options, correctAnswer) VALUES (2004613, 19021, 5, 'fill_blank', 'Time: ______', NULL, NULL, '11');
INSERT INTO IELTSQuestion (id, sectionId, questionIndex, questionType, questionText, passageText, options, correctAnswer) VALUES (2004614, 19021, 6, 'fill_blank', 'Recommended website: ______', NULL, NULL, 'instrument');
INSERT INTO IELTSQuestion (id, sectionId, questionIndex, questionType, questionText, passageText, options, correctAnswer) VALUES (2004615, 19021, 7, 'fill_blank', 'They give children a feeling of ______ that they may not have elsewhere.', NULL, NULL, 'ear');
INSERT INTO IELTSQuestion (id, sectionId, questionIndex, questionType, questionText, passageText, options, correctAnswer) VALUES (2004616, 19021, 8, 'fill_blank', 'Children learn new ______ and gain self-confidence.', NULL, NULL, 'clapping');
INSERT INTO IELTSQuestion (id, sectionId, questionIndex, questionType, questionText, passageText, options, correctAnswer) VALUES (2004617, 19021, 9, 'fill_blank', 'Cost per child: £ ______', NULL, NULL, 'recording');
INSERT INTO IELTSQuestion (id, sectionId, questionIndex, questionType, questionText, passageText, options, correctAnswer) VALUES (2004618, 19021, 10, 'fill_blank', 'Adults, such as ______ , free', NULL, NULL, 'alone');
INSERT INTO IELTSExamSection (id, examId, sectionIndex, title, instructions, audioUrl, imageUrl) VALUES (19022, 1902, 2, 'Part 2', 'Choose the correct letter, A, B or C .', 'https://yxzm-audio.oss-cn-beijing.aliyuncs.com/Cambridge-IELTS-19/T2/S2.mp3', NULL);
INSERT INTO IELTSQuestion (id, sectionId, questionIndex, questionType, questionText, passageText, options, correctAnswer) VALUES (2004619, 19022, 11, 'multiple_choice', 'What made David leave London and move to Northsea?', NULL, '["A. He was eager to develop a hobby.","B. He wanted to work shorter hours.","C. He found his job in website design unsatisfying."]', 'A. He was eager to develop a hobby.');
INSERT INTO IELTSQuestion (id, sectionId, questionIndex, questionType, questionText, passageText, options, correctAnswer) VALUES (2004620, 19022, 12, 'multiple_choice', 'The Lifeboat Institution in Northsea was built with money provided by', NULL, '["A. a local organisation.","B. a local resident.","C. the local council."]', 'A. a local organisation.');
INSERT INTO IELTSQuestion (id, sectionId, questionIndex, questionType, questionText, passageText, options, correctAnswer) VALUES (2004621, 19022, 13, 'multiple_choice', 'In his health assessment, the doctor was concerned about the fact that David', NULL, '["A. might be colour blind.","B. was rather short-sighted.","C. had undergone eye surgery."]', 'A. might be colour blind.');
INSERT INTO IELTSQuestion (id, sectionId, questionIndex, questionType, questionText, passageText, options, correctAnswer) VALUES (2004622, 19022, 14, 'multiple_choice', 'After arriving at the lifeboat station, they aim to launch the boat within', NULL, '["A. five minutes.","B. six to eight minutes.","C. eight and a half minutes."]', 'A. five minutes.');
INSERT INTO IELTSQuestion (id, sectionId, questionIndex, questionType, questionText, passageText, options, correctAnswer) VALUES (2004623, 19022, 15, 'multiple_choice', 'As a \'helmsman\', David has the responsibility of deciding', NULL, '["A. who will be the members of his crew.","B. what equipment it will be necessary to take.","C. if the lifeboat should be launched."]', 'A. who will be the members of his crew.');
INSERT INTO IELTSQuestion (id, sectionId, questionIndex, questionType, questionText, passageText, options, correctAnswer) VALUES (2004624, 19022, 16, 'multiple_choice', 'As well as going out on the lifeboat, David', NULL, '["A. gives talks on safety at sea.","B. helps with fundraising.","C. recruits new volunteers."]', 'A. gives talks on safety at sea.');
INSERT INTO IELTSQuestion (id, sectionId, questionIndex, questionType, questionText, passageText, options, correctAnswer) VALUES (2004625, 19022, 17, 'multiple_choice', 'Which **TWO** things does David say about the lifeboat volunteer training?', NULL, '["A. The residential course developed his leadership skills.","B. The training in use of ropes and knots was quite brief.","C. The training exercises have built up his mental strength.","D. The casualty care activities were particularly challenging for him.","E. The wave tank activities provided practice in survival techniques."]', 'C. The training exercises have built up his mental strength.');
INSERT INTO IELTSQuestion (id, sectionId, questionIndex, questionType, questionText, passageText, options, correctAnswer) VALUES (2004626, 19022, 18, 'multiple_choice', 'Which **TWO** things does David say about the lifeboat volunteer training?', NULL, '["A. The residential course developed his leadership skills.","B. The training in use of ropes and knots was quite brief.","C. The training exercises have built up his mental strength.","D. The casualty care activities were particularly challenging for him.","E. The wave tank activities provided practice in survival techniques."]', 'E. The wave tank activities provided practice in survival techniques.');
INSERT INTO IELTSQuestion (id, sectionId, questionIndex, questionType, questionText, passageText, options, correctAnswer) VALUES (2004627, 19022, 19, 'multiple_choice', 'Which **TWO** things does David find most motivating about the work he does?', NULL, '["A. working as part of a team","B. experiences when working in winter","C. being thanked by those he has helped","D. the fact that it keeps him fit","E. the chance to develop new equipment"]', 'A. working as part of a team');
INSERT INTO IELTSQuestion (id, sectionId, questionIndex, questionType, questionText, passageText, options, correctAnswer) VALUES (2004628, 19022, 20, 'multiple_choice', 'Which **TWO** things does David find most motivating about the work he does?', NULL, '["A. working as part of a team","B. experiences when working in winter","C. being thanked by those he has helped","D. the fact that it keeps him fit","E. the chance to develop new equipment"]', 'B. experiences when working in winter');
INSERT INTO IELTSExamSection (id, examId, sectionIndex, title, instructions, audioUrl, imageUrl) VALUES (19023, 1902, 3, 'Part 3', 'Choose the correct letter, A, B or C .\n\nWhat reasons did the recycling manager give for rejecting footwear, according to the students? Choose FOUR answers from the box and write the correct letter, A–F, next to Questions 25–28.', 'https://yxzm-audio.oss-cn-beijing.aliyuncs.com/Cambridge-IELTS-19/T2/S3.mp3', NULL);
INSERT INTO IELTSQuestion (id, sectionId, questionIndex, questionType, questionText, passageText, options, correctAnswer) VALUES (2004629, 19023, 21, 'multiple_choice', 'What was Don surprised to discover about research into recycling footwear?', NULL, '["A. limited in scope.","B. hard to research.","C. boring for listeners."]', 'A. limited in scope.');
INSERT INTO IELTSQuestion (id, sectionId, questionIndex, questionType, questionText, passageText, options, correctAnswer) VALUES (2004630, 19023, 22, 'multiple_choice', 'What did the students find interesting about the article on wearing shoes?', NULL, '["A. how popular they are among young people.","B. the impact on the environment.","C. the economic benefits."]', 'A. how popular they are among young people.');
INSERT INTO IELTSQuestion (id, sectionId, questionIndex, questionType, questionText, passageText, options, correctAnswer) VALUES (2004631, 19023, 23, 'multiple_choice', 'Bella says that she sometimes recycles shoes because', NULL, '["A. they no longer fit.","B. she no longer likes them.","C. they are no longer in fashion."]', 'A. they no longer fit.');
INSERT INTO IELTSQuestion (id, sectionId, questionIndex, questionType, questionText, passageText, options, correctAnswer) VALUES (2004632, 19023, 24, 'multiple_choice', 'What did the article say that confused Don?', NULL, '["A. Public consumption of footwear has risen.","B. Less footwear is recycled now than in the past.","C. People dispose of more footwear than they used to."]', 'A. Public consumption of footwear has risen.');
INSERT INTO IELTSQuestion (id, sectionId, questionIndex, questionType, questionText, passageText, options, correctAnswer) VALUES (2004633, 19023, 25, 'matching', 'the high-heeled shoes', NULL, '["one shoe was missing","the colour of one shoe had faded","one shoe had a hole in it","the shoes were brand new","the shoes were too dirty","the stitching on the shoes was broken"]', 'the shoes were too dirty');
INSERT INTO IELTSQuestion (id, sectionId, questionIndex, questionType, questionText, passageText, options, correctAnswer) VALUES (2004634, 19023, 26, 'matching', 'the ankle boots', NULL, '["one shoe was missing","the colour of one shoe had faded","one shoe had a hole in it","the shoes were brand new","the shoes were too dirty","the stitching on the shoes was broken"]', 'the colour of one shoe had faded');
INSERT INTO IELTSQuestion (id, sectionId, questionIndex, questionType, questionText, passageText, options, correctAnswer) VALUES (2004635, 19023, 27, 'matching', 'the baby shoes', NULL, '["one shoe was missing","the colour of one shoe had faded","one shoe had a hole in it","the shoes were brand new","the shoes were too dirty","the stitching on the shoes was broken"]', 'one shoe was missing');
INSERT INTO IELTSQuestion (id, sectionId, questionIndex, questionType, questionText, passageText, options, correctAnswer) VALUES (2004636, 19023, 28, 'matching', 'the trainers', NULL, '["one shoe was missing","the colour of one shoe had faded","one shoe had a hole in it","the shoes were brand new","the shoes were too dirty","the stitching on the shoes was broken"]', 'one shoe had a hole in it');
INSERT INTO IELTSQuestion (id, sectionId, questionIndex, questionType, questionText, passageText, options, correctAnswer) VALUES (2004637, 19023, 29, 'multiple_choice', 'Which **TWO** pieces of retail information do Hugo and Chantal agree would be useful?', NULL, '["A. the reasons people return fashion items","B. how much time people have to shop","C. fashion designs people want but cannot find","D. the best time of year for fashion buying","E. the most popular fashion sizes"]', 'People believed the new pairs of shoes were unhygienic.');
INSERT INTO IELTSQuestion (id, sectionId, questionIndex, questionType, questionText, passageText, options, correctAnswer) VALUES (2004638, 19023, 30, 'multiple_choice', '(second)', NULL, '["A. one shoe was missing","B. the colour of one shoe had faded","C. one shoe had a hole in it","D. the sole had come away","E. the style was outdated","F. the size was wrong"]', 'from a new angle.');
INSERT INTO IELTSExamSection (id, examId, sectionIndex, title, instructions, audioUrl, imageUrl) VALUES (19024, 1902, 4, 'Part 4', 'Complete the notes below. Write ONE WORD ONLY for each answer.', 'https://yxzm-audio.oss-cn-beijing.aliyuncs.com/Cambridge-IELTS-19/T2/S4.mp3', NULL);
INSERT INTO IELTSQuestion (id, sectionId, questionIndex, questionType, questionText, passageText, options, correctAnswer) VALUES (2004639, 19024, 31, 'fill_blank', NULL, '[note]\n# Tidal power\n\n## Advantages\n● {Q31} of water are used to spin turbines\n● relatively {Q32} lifespan of equipment\n● does not involve the burning of {Q33} or fossil fuels\n● minimal {Q34} needed once installed\n\n## How it works\n● water passes through a {Q35} which is a narrow channel\n● the force of the water spins turbines\n● these turbines are designed to work at low {Q36}\n● the power generated can be predicted accurately\n\n## Environmental impact\n● can affect {Q37} in fish and other marine life\n● fish are able to pass through the system safely\n● turbines do not harm {Q38} as they pass through\n\n## Future developments\n● could be combined with {Q39} farms\n● potential to power many homes\n● may help protect {Q40} species by reducing reliance on fossil fuels', NULL, 'move');
INSERT INTO IELTSQuestion (id, sectionId, questionIndex, questionType, questionText, passageText, options, correctAnswer) VALUES (2004640, 19024, 32, 'fill_blank', NULL, NULL, NULL, 'short');
INSERT INTO IELTSQuestion (id, sectionId, questionIndex, questionType, questionText, passageText, options, correctAnswer) VALUES (2004641, 19024, 33, 'fill_blank', NULL, NULL, NULL, 'discs');
INSERT INTO IELTSQuestion (id, sectionId, questionIndex, questionType, questionText, passageText, options, correctAnswer) VALUES (2004642, 19024, 34, 'fill_blank', NULL, NULL, NULL, 'oxygen');
INSERT INTO IELTSQuestion (id, sectionId, questionIndex, questionType, questionText, passageText, options, correctAnswer) VALUES (2004643, 19024, 35, 'fill_blank', NULL, NULL, NULL, 'tube');
INSERT INTO IELTSQuestion (id, sectionId, questionIndex, questionType, questionText, passageText, options, correctAnswer) VALUES (2004644, 19024, 36, 'fill_blank', NULL, NULL, NULL, 'temperatures');
INSERT INTO IELTSQuestion (id, sectionId, questionIndex, questionType, questionText, passageText, options, correctAnswer) VALUES (2004645, 19024, 37, 'fill_blank', NULL, NULL, NULL, 'protein');
INSERT INTO IELTSQuestion (id, sectionId, questionIndex, questionType, questionText, passageText, options, correctAnswer) VALUES (2004646, 19024, 38, 'fill_blank', NULL, NULL, NULL, 'space');
INSERT INTO IELTSQuestion (id, sectionId, questionIndex, questionType, questionText, passageText, options, correctAnswer) VALUES (2004647, 19024, 39, 'fill_blank', NULL, NULL, NULL, 'seaweed');
INSERT INTO IELTSQuestion (id, sectionId, questionIndex, questionType, questionText, passageText, options, correctAnswer) VALUES (2004648, 19024, 40, 'fill_blank', NULL, NULL, NULL, 'endangered');
INSERT INTO IELTSExam (id, title, type, totalQuestions) VALUES (1903, '剑桥雅思 19 - Test 3 听力', 'listening', 40);
INSERT INTO IELTSExamSection (id, examId, sectionIndex, title, instructions, audioUrl, imageUrl) VALUES (19031, 1903, 1, 'Part 1', 'Complete the notes below. Write ONE WORD AND/OR A NUMBER for each answer.\n\nComplete the table below. Write ONE WORD ONLY for each answer.', 'https://yxzm-audio.oss-cn-beijing.aliyuncs.com/Cambridge-IELTS-19/T3/S1.mp3', NULL);
INSERT INTO IELTSQuestion (id, sectionId, questionIndex, questionType, questionText, passageText, options, correctAnswer) VALUES (2004649, 19031, 1, 'fill_blank', 'Area: ______hectares', '[note]\n## Local food shops\n\n## Where to go\n● Kite Place – {Q1} is nearby\n● {Q2} Street: good for artistic scene\n● Tickethall Street: has a {Q3}\n\n## Fish market\n● Rose Lane – near the {Q4}\n● look for the {Q5} outside\n\n## Organic shop\n● called {Q6}\n● sells {Q7} (a type of seaweed)\n\n## Supermarket\n● closest one is {Q8} Road\n● sells {Q9} oil and {Q10}', NULL, 'harbour');
INSERT INTO IELTSQuestion (id, sectionId, questionIndex, questionType, questionText, passageText, options, correctAnswer) VALUES (2004650, 19031, 2, 'fill_blank', 'Wetland: lakes, ponds and a ______', NULL, NULL, 'bridge');
INSERT INTO IELTSQuestion (id, sectionId, questionIndex, questionType, questionText, passageText, options, correctAnswer) VALUES (2004651, 19031, 3, 'fill_blank', 'Science: Children look at ______ about plants, etc.', NULL, NULL, '3.30');
INSERT INTO IELTSQuestion (id, sectionId, questionIndex, questionType, questionText, passageText, options, correctAnswer) VALUES (2004652, 19031, 4, 'fill_blank', 'Geography: includes learning to use a ______ and compass History: changes in land use', NULL, NULL, 'Rose');
INSERT INTO IELTSQuestion (id, sectionId, questionIndex, questionType, questionText, passageText, options, correctAnswer) VALUES (2004653, 19031, 5, 'fill_blank', 'Leisure and tourism: mostly concentrates on the park\'s ______', NULL, NULL, 'sign');
INSERT INTO IELTSQuestion (id, sectionId, questionIndex, questionType, questionText, passageText, options, correctAnswer) VALUES (2004654, 19031, 6, 'fill_blank', 'Music: Children make ______ with natural materials, and experiment with rhythm and speed.', NULL, NULL, 'purple');
INSERT INTO IELTSQuestion (id, sectionId, questionIndex, questionType, questionText, passageText, options, correctAnswer) VALUES (2004655, 19031, 7, 'fill_blank', 'They give children a feeling of ______ that they may not have elsewhere.', NULL, NULL, 'samphire');
INSERT INTO IELTSQuestion (id, sectionId, questionIndex, questionType, questionText, passageText, options, correctAnswer) VALUES (2004656, 19031, 8, 'fill_blank', 'Children learn new ______ and gain self-confidence.', NULL, NULL, 'melon');
INSERT INTO IELTSQuestion (id, sectionId, questionIndex, questionType, questionText, passageText, options, correctAnswer) VALUES (2004657, 19031, 9, 'fill_blank', 'Cost per child: £ ______', NULL, NULL, 'coconut');
INSERT INTO IELTSQuestion (id, sectionId, questionIndex, questionType, questionText, passageText, options, correctAnswer) VALUES (2004658, 19031, 10, 'fill_blank', 'Adults, such as ______ , free', NULL, NULL, 'strawberry');
INSERT INTO IELTSExamSection (id, examId, sectionIndex, title, instructions, audioUrl, imageUrl) VALUES (19032, 1903, 2, 'Part 2', 'What information is given about each of the following festival workshops? Choose SIX answers from the box and write the correct letter, A–H, next to Questions 11–16.\n\nChoose TWO letters, A–E .', 'https://yxzm-audio.oss-cn-beijing.aliyuncs.com/Cambridge-IELTS-19/T3/S2.mp3', NULL);
INSERT INTO IELTSQuestion (id, sectionId, questionIndex, questionType, questionText, passageText, options, correctAnswer) VALUES (2004659, 19032, 11, 'matching', 'Superheroes', NULL, '["involves painting and drawing","will be led by a prize-winning author","is aimed at children with a disability","involves a drama activity","focuses on new relationships","is aimed at a specific age group","explores an unhappy feeling","raises awareness of a particular culture"]', 'is aimed at children with a disability');
INSERT INTO IELTSQuestion (id, sectionId, questionIndex, questionType, questionText, passageText, options, correctAnswer) VALUES (2004660, 19032, 12, 'matching', 'Just do it', NULL, '["involves painting and drawing","will be led by a prize-winning author","is aimed at children with a disability","involves a drama activity","focuses on new relationships","is aimed at a specific age group","explores an unhappy feeling","raises awareness of a particular culture"]', 'involves a drama activity');
INSERT INTO IELTSQuestion (id, sectionId, questionIndex, questionType, questionText, passageText, options, correctAnswer) VALUES (2004661, 19032, 13, 'matching', 'Count on me', NULL, '["involves painting and drawing","will be led by a prize-winning author","is aimed at children with a disability","involves a drama activity","focuses on new relationships","is aimed at a specific age group","explores an unhappy feeling","raises awareness of a particular culture"]', 'is aimed at a specific age group');
INSERT INTO IELTSQuestion (id, sectionId, questionIndex, questionType, questionText, passageText, options, correctAnswer) VALUES (2004662, 19032, 14, 'matching', 'Speak up', NULL, '["involves painting and drawing","will be led by a prize-winning author","is aimed at children with a disability","involves a drama activity","focuses on new relationships","is aimed at a specific age group","explores an unhappy feeling","raises awareness of a particular culture"]', 'explores an unhappy feeling');
INSERT INTO IELTSQuestion (id, sectionId, questionIndex, questionType, questionText, passageText, options, correctAnswer) VALUES (2004663, 19032, 15, 'matching', 'Jump for joy', NULL, '["involves painting and drawing","will be led by a prize-winning author","is aimed at children with a disability","involves a drama activity","focuses on new relationships","is aimed at a specific age group","explores an unhappy feeling","raises awareness of a particular culture"]', 'will be led by a prize-winning author');
INSERT INTO IELTSQuestion (id, sectionId, questionIndex, questionType, questionText, passageText, options, correctAnswer) VALUES (2004664, 19032, 16, 'matching', 'Sticks and stones', NULL, '["involves painting and drawing","will be led by a prize-winning author","is aimed at children with a disability","involves a drama activity","focuses on new relationships","is aimed at a specific age group","explores an unhappy feeling","raises awareness of a particular culture"]', 'raises awareness of a particular culture');
INSERT INTO IELTSQuestion (id, sectionId, questionIndex, questionType, questionText, passageText, options, correctAnswer) VALUES (2004665, 19032, 17, 'multiple_choice', 'Which **TWO** reasons does the speaker give for recommending Ali and the Dragon?', NULL, '["A. It will appeal to both boys and girls.","B. The author is well known.","C. It has colourful illustrations.","D. It is funny.","E. It deals with an important topic."]', 'D. It is funny.');
INSERT INTO IELTSQuestion (id, sectionId, questionIndex, questionType, questionText, passageText, options, correctAnswer) VALUES (2004666, 19032, 18, 'multiple_choice', '(second)', NULL, '["A. It will appeal to both boys and girls.","B. The author is well known.","C. It has colourful illustrations.","D. It is funny.","E. It deals with an important topic."]', 'E. It deals with an important topic.');
INSERT INTO IELTSQuestion (id, sectionId, questionIndex, questionType, questionText, passageText, options, correctAnswer) VALUES (2004667, 19032, 19, 'multiple_choice', 'Which **TWO** pieces of advice does the speaker give to parents about reading aloud?', NULL, '["A. Encourage children to write down new vocabulary.","B. Allow children to listen to audio books.","C. Get recommendations from librarians.","D. Give children a choice about what they read.","E. Only read aloud to children until they can read independently."]', 'B. Allow children to listen to audio books.');
INSERT INTO IELTSQuestion (id, sectionId, questionIndex, questionType, questionText, passageText, options, correctAnswer) VALUES (2004668, 19032, 20, 'multiple_choice', '(second)', NULL, '["A. Encourage children to write down new vocabulary.","B. Allow children to listen to audio books.","C. Get recommendations from librarians.","D. Give children a choice about what they read.","E. Only read aloud to children until they can read independently."]', 'C. Get recommendations from librarians.');
INSERT INTO IELTSExamSection (id, examId, sectionIndex, title, instructions, audioUrl, imageUrl) VALUES (19033, 1903, 3, 'Part 3', 'Choose the correct letter, A, B or C .\n\nComplete the flowchart below. Choose FIVE answers from the box and write the correct letter, A–H, next to Questions 26–30.', 'https://yxzm-audio.oss-cn-beijing.aliyuncs.com/Cambridge-IELTS-19/T3/S3.mp3', NULL);
INSERT INTO IELTSQuestion (id, sectionId, questionIndex, questionType, questionText, passageText, options, correctAnswer) VALUES (2004669, 19033, 21, 'multiple_choice', 'How does Clare feel about the students in her Year 12 science class?', NULL, '["A. She is worried they will not achieve high grades","B. She is impressed by their positive attitude","C. She thinks they lack motivation"]', 'worried that they are not making progress');
INSERT INTO IELTSQuestion (id, sectionId, questionIndex, questionType, questionText, passageText, options, correctAnswer) VALUES (2004670, 19033, 22, 'multiple_choice', 'How does Jake react to Clares suggestion about an experiment?', NULL, '["A. He is concerned that the results might not be reliable","B. He thinks it would be ethically problematic","C. He believes it would be too complicated to set up"]', 'He is concerned that the results might not be meaningful.');
INSERT INTO IELTSQuestion (id, sectionId, questionIndex, questionType, questionText, passageText, options, correctAnswer) VALUES (2004671, 19033, 23, 'multiple_choice', 'What problem do they agree may be involved in an experiment involving animals?', NULL, '["A. Any results may not apply to humans","B. It could cause distress to the animals","C. The experiment might be too expensive"]', 'Any results may not apply to humans.');
INSERT INTO IELTSQuestion (id, sectionId, questionIndex, questionType, questionText, passageText, options, correctAnswer) VALUES (2004672, 19033, 24, 'multiple_choice', 'What question do they decide the experiment should address?', NULL, '["A. Are mice capable of controlling their food intake?","B. Do mice prefer sweet food over savoury food?","C. Can mice distinguish between different types of sugar?"]', 'Are mice capable of controlling their food intake?');
INSERT INTO IELTSQuestion (id, sectionId, questionIndex, questionType, questionText, passageText, options, correctAnswer) VALUES (2004673, 19033, 25, 'multiple_choice', 'Clare might also consider doing another experiment involving', NULL, '["A. the effects of different types of food","B. the timing of when food is consumed","C. different genetic strains of mice"]', 'other types of food supplement.');
INSERT INTO IELTSQuestion (id, sectionId, questionIndex, questionType, questionText, passageText, options, correctAnswer) VALUES (2004674, 19033, 26, 'matching', 'Choose mice which are all the same', '[flowchart]\n## Step\nChoose mice which are all the same {Q26}.\n\n## Step\nDivide the mice into two groups, each with a different {Q27}.\n\n## Step\nPut each group in a separate cage.\nFeed group A commercial mouse food.\nFeed group B the same, but also sugar contained in {Q28}.\n\n## Step\nTake measurements using an electronic scale.\nPlace them in a weighing chamber to prevent {Q29}.\n\n## Step\nDo all necessary {Q30}.', '["size","escape","age","water","cereal","calculations","changes","colour"]', 'age');
INSERT INTO IELTSQuestion (id, sectionId, questionIndex, questionType, questionText, passageText, options, correctAnswer) VALUES (2004675, 19033, 27, 'matching', 'Divide the mice into two groups, each with a different', NULL, '["size","escape","age","water","cereal","calculations","changes","colour"]', 'colour');
INSERT INTO IELTSQuestion (id, sectionId, questionIndex, questionType, questionText, passageText, options, correctAnswer) VALUES (2004676, 19033, 28, 'matching', 'Put each group in a separate cage. Feed group A commercial mouse food. Feed group B the same, but also sugar contained in', NULL, '["size","escape","age","water","cereal","calculations","changes","colour"]', 'cereal');
INSERT INTO IELTSQuestion (id, sectionId, questionIndex, questionType, questionText, passageText, options, correctAnswer) VALUES (2004677, 19033, 29, 'matching', 'Take measurements using an electronic scale. Place them in a weighing chamber to prevent', NULL, '["size","escape","age","water","cereal","calculations","changes","colour"]', 'escape');
INSERT INTO IELTSQuestion (id, sectionId, questionIndex, questionType, questionText, passageText, options, correctAnswer) VALUES (2004678, 19033, 30, 'matching', 'Do all necessary', NULL, '["size","escape","age","water","cereal","calculations","changes","colour"]', 'calculations');
INSERT INTO IELTSExamSection (id, examId, sectionIndex, title, instructions, audioUrl, imageUrl) VALUES (19034, 1903, 4, 'Part 4', 'Complete the notes below. Write ONE WORD ONLY for each answer.', 'https://yxzm-audio.oss-cn-beijing.aliyuncs.com/Cambridge-IELTS-19/T3/S4.mp3', NULL);
INSERT INTO IELTSQuestion (id, sectionId, questionIndex, questionType, questionText, passageText, options, correctAnswer) VALUES (2004679, 19034, 31, 'fill_blank', NULL, '[note]\n# The use of soil to reduce carbon dioxide in the atmosphere\n\n## The causes of soil degradation\n● {Q31} production\n● chemicals\n● ploughing\n\n## The carbon cycle\n● plants absorb carbon from the air and transfer it to the soil via their roots\n● soil {Q32} consume carbon and store it underground\n● carbon can be stored in the soil for a long time\n\n## Soil management techniques\n● use of {Q33} in water\n● addition of {Q34} to soil\n● use of natural {Q35} instead of chemicals\n● adding {Q36} from plant and animal waste\n● these techniques can increase plant {Q37} and crop {Q38}\n\n## Potential benefits\n● reduction of {Q39} rain\n● reduction of greenhouse gases\n● benefit to {Q40} as a whole', NULL, 'clothing');
INSERT INTO IELTSQuestion (id, sectionId, questionIndex, questionType, questionText, passageText, options, correctAnswer) VALUES (2004680, 19034, 32, 'fill_blank', NULL, NULL, NULL, 'mouths');
INSERT INTO IELTSQuestion (id, sectionId, questionIndex, questionType, questionText, passageText, options, correctAnswer) VALUES (2004681, 19034, 33, 'fill_blank', NULL, NULL, NULL, 'salt');
INSERT INTO IELTSQuestion (id, sectionId, questionIndex, questionType, questionText, passageText, options, correctAnswer) VALUES (2004682, 19034, 34, 'fill_blank', NULL, NULL, NULL, 'toothpaste');
INSERT INTO IELTSQuestion (id, sectionId, questionIndex, questionType, questionText, passageText, options, correctAnswer) VALUES (2004683, 19034, 35, 'fill_blank', NULL, NULL, NULL, 'fertilisers');
INSERT INTO IELTSQuestion (id, sectionId, questionIndex, questionType, questionText, passageText, options, correctAnswer) VALUES (2004684, 19034, 36, 'fill_blank', NULL, NULL, NULL, 'nutrients');
INSERT INTO IELTSQuestion (id, sectionId, questionIndex, questionType, questionText, passageText, options, correctAnswer) VALUES (2004685, 19034, 37, 'fill_blank', NULL, NULL, NULL, 'growth');
INSERT INTO IELTSQuestion (id, sectionId, questionIndex, questionType, questionText, passageText, options, correctAnswer) VALUES (2004686, 19034, 38, 'fill_blank', NULL, NULL, NULL, 'weight');
INSERT INTO IELTSQuestion (id, sectionId, questionIndex, questionType, questionText, passageText, options, correctAnswer) VALUES (2004687, 19034, 39, 'fill_blank', NULL, NULL, NULL, 'acid');
INSERT INTO IELTSQuestion (id, sectionId, questionIndex, questionType, questionText, passageText, options, correctAnswer) VALUES (2004688, 19034, 40, 'fill_blank', NULL, NULL, NULL, 'society');
INSERT INTO IELTSExam (id, title, type, totalQuestions) VALUES (1904, '剑桥雅思 19 - Test 4 听力', 'listening', 40);
INSERT INTO IELTSExamSection (id, examId, sectionIndex, title, instructions, audioUrl, imageUrl) VALUES (19041, 1904, 1, 'Part 1', 'Complete the notes below. Write ONE WORD AND/OR A NUMBER for each answer.\n\nComplete the table below. Write ONE WORD ONLY for each answer.', 'https://yxzm-audio.oss-cn-beijing.aliyuncs.com/Cambridge-IELTS-19/T4/S1.mp3', NULL);
INSERT INTO IELTSQuestion (id, sectionId, questionIndex, questionType, questionText, passageText, options, correctAnswer) VALUES (2004689, 19041, 1, 'fill_blank', '', '[table]\n| First day at work |\n| ● Name of supervisor: | ______ |\n| ● Where to leave coat and bag: | use ______ in staffroom |\n| ● See Tiffany in HR: | to give ______ number to collect ______ |\n| ● Location of HR office: | on ______ floor |\n| ● Supervisor\'s mobile number: | ______ |\n', NULL, 'Kaeden');
INSERT INTO IELTSQuestion (id, sectionId, questionIndex, questionType, questionText, passageText, options, correctAnswer) VALUES (2004690, 19041, 2, 'fill_blank', '', NULL, NULL, 'locker|lockers');
INSERT INTO IELTSQuestion (id, sectionId, questionIndex, questionType, questionText, passageText, options, correctAnswer) VALUES (2004691, 19041, 3, 'fill_blank', '', NULL, NULL, 'passport');
INSERT INTO IELTSQuestion (id, sectionId, questionIndex, questionType, questionText, passageText, options, correctAnswer) VALUES (2004692, 19041, 4, 'fill_blank', '', NULL, NULL, 'uniform');
INSERT INTO IELTSQuestion (id, sectionId, questionIndex, questionType, questionText, passageText, options, correctAnswer) VALUES (2004693, 19041, 5, 'fill_blank', '', NULL, NULL, 'third|3rd');
INSERT INTO IELTSQuestion (id, sectionId, questionIndex, questionType, questionText, passageText, options, correctAnswer) VALUES (2004694, 19041, 6, 'fill_blank', '', NULL, NULL, '0412 665 903|0412665903');
INSERT INTO IELTSQuestion (id, sectionId, questionIndex, questionType, questionText, passageText, options, correctAnswer) VALUES (2004695, 19041, 7, 'fill_blank', '', '[table]\n| Responsibilities |\n|  | Task 1 | Task 2 | Notes |  |\n| Bakery section | Check sell-by dates | Change price labels | Use ______ labels |  |\n| Sushi takeaway counter | Re-stock with ______ boxes if needed | Wipe preparation area and clean the sink | Do not clean any knives |  |\n| Meat and fish counters | Clean the serving area, including the weighing scales | Collect ______ for the fish from the cold-room | Must wear special ______ |  |\n', NULL, 'yellow');
INSERT INTO IELTSQuestion (id, sectionId, questionIndex, questionType, questionText, passageText, options, correctAnswer) VALUES (2004696, 19041, 8, 'fill_blank', '', NULL, NULL, 'plastic');
INSERT INTO IELTSQuestion (id, sectionId, questionIndex, questionType, questionText, passageText, options, correctAnswer) VALUES (2004697, 19041, 9, 'fill_blank', '', NULL, NULL, 'ice');
INSERT INTO IELTSQuestion (id, sectionId, questionIndex, questionType, questionText, passageText, options, correctAnswer) VALUES (2004698, 19041, 10, 'fill_blank', '', NULL, NULL, 'gloves');
INSERT INTO IELTSExamSection (id, examId, sectionIndex, title, instructions, audioUrl, imageUrl) VALUES (19042, 1904, 2, 'Part 2', 'Choose TWO letters, A–E .\n\nWhat reason prevented each of the following members of the Compton Park Runners Club from joining until recently? Write the correct letter, A, B, or C next to Questions 15–18.\n\nChoose the correct letter, A, B or C .', 'https://yxzm-audio.oss-cn-beijing.aliyuncs.com/Cambridge-IELTS-19/T4/S2.mp3', NULL);
INSERT INTO IELTSQuestion (id, sectionId, questionIndex, questionType, questionText, passageText, options, correctAnswer) VALUES (2004699, 19042, 11, 'multiple_choice', 'Which **TWO** problems with some training programmes for new runners does Liz mention?', NULL, '["A. There is a risk of serious injury.","B. They are unsuitable for certain age groups.","C. They are unsuitable for people with health issues.","D. It is difficult to stay motivated.","E. There is a lack of individual support."]', 'A. There is a risk of serious injury.');
INSERT INTO IELTSQuestion (id, sectionId, questionIndex, questionType, questionText, passageText, options, correctAnswer) VALUES (2004700, 19042, 12, 'multiple_choice', '(second)', NULL, '["A. There is a risk of serious injury.","B. They are unsuitable for certain age groups.","C. They are unsuitable for people with health issues.","D. It is difficult to stay motivated.","E. There is a lack of individual support."]', 'E. There is a lack of individual support.');
INSERT INTO IELTSQuestion (id, sectionId, questionIndex, questionType, questionText, passageText, options, correctAnswer) VALUES (2004701, 19042, 13, 'multiple_choice', 'Which **TWO** tips does Liz recommend for new runners?', NULL, '["A. doing two runs a week","B. running in the evening","C. going on runs with a friend","D. listening to music during runs","E. running very slowly"]', 'A. doing two runs a week');
INSERT INTO IELTSQuestion (id, sectionId, questionIndex, questionType, questionText, passageText, options, correctAnswer) VALUES (2004702, 19042, 14, 'multiple_choice', '(second)', NULL, '["A. doing two runs a week","B. running in the evening","C. going on runs with a friend","D. listening to music during runs","E. running very slowly"]', 'D. listening to music during runs');
INSERT INTO IELTSQuestion (id, sectionId, questionIndex, questionType, questionText, passageText, options, correctAnswer) VALUES (2004703, 19042, 15, 'matching', 'Ceri', NULL, '["a lack of confidence","a dislike of running","a lack of time"]', 'a lack of confidence');
INSERT INTO IELTSQuestion (id, sectionId, questionIndex, questionType, questionText, passageText, options, correctAnswer) VALUES (2004704, 19042, 16, 'matching', 'James', NULL, '["a lack of confidence","a dislike of running","a lack of time"]', 'a dislike of running');
INSERT INTO IELTSQuestion (id, sectionId, questionIndex, questionType, questionText, passageText, options, correctAnswer) VALUES (2004705, 19042, 17, 'matching', 'Leo', NULL, '["a lack of confidence","a dislike of running","a lack of time"]', 'a lack of time');
INSERT INTO IELTSQuestion (id, sectionId, questionIndex, questionType, questionText, passageText, options, correctAnswer) VALUES (2004706, 19042, 18, 'matching', 'Mark', NULL, '["a lack of confidence","a dislike of running","a lack of time"]', 'a lack of confidence');
INSERT INTO IELTSQuestion (id, sectionId, questionIndex, questionType, questionText, passageText, options, correctAnswer) VALUES (2004707, 19042, 19, 'multiple_choice', 'What does Liz say about running her first marathon?', NULL, '["A. It had always been her ambition","B. Her husband persuaded her to do it","C. She nearly gave up before the end"]', 'It had always been her ambition.');
INSERT INTO IELTSQuestion (id, sectionId, questionIndex, questionType, questionText, passageText, options, correctAnswer) VALUES (2004708, 19042, 20, 'multiple_choice', 'Liz says new runners should sign up for a race', NULL, '["A. every six months","B. within a few weeks of taking up running","C. after completing several practice runs"]', 'every six months.');
INSERT INTO IELTSExamSection (id, examId, sectionIndex, title, instructions, audioUrl, imageUrl) VALUES (19043, 1904, 3, 'Part 3', 'Choose the correct letter, A, B or C .\n\nWhere does Jane’s grandfather keep each of the following types of books in his shop? Choose FIVE answers from the box and write the correct letter, A–G, next to Questions 26–30.', 'https://yxzm-audio.oss-cn-beijing.aliyuncs.com/Cambridge-IELTS-19/T4/S3.mp3', NULL);
INSERT INTO IELTSQuestion (id, sectionId, questionIndex, questionType, questionText, passageText, options, correctAnswer) VALUES (2004709, 19043, 21, 'multiple_choice', 'What do both students agree about the advice given to people clearing out their books?', NULL, '["A. common sense.","B. hard to follow.","C. over-protective."]', 'A. common sense.');
INSERT INTO IELTSQuestion (id, sectionId, questionIndex, questionType, questionText, passageText, options, correctAnswer) VALUES (2004710, 19043, 22, 'multiple_choice', 'Jane and Kieran agree that hardback books should be', NULL, '["A. They are not worth keeping.","B. They should go to a collector.","C. They have sentimental value for her."]', 'A. They are not worth keeping.');
INSERT INTO IELTSQuestion (id, sectionId, questionIndex, questionType, questionText, passageText, options, correctAnswer) VALUES (2004711, 19043, 23, 'multiple_choice', 'What does Kieran suggest should happen to old encyclopedias?', NULL, '["A. put out on display.","B. given as gifts to visitors.","C. more attractively designed."]', 'A. put out on display.');
INSERT INTO IELTSQuestion (id, sectionId, questionIndex, questionType, questionText, passageText, options, correctAnswer) VALUES (2004712, 19043, 24, 'multiple_choice', 'While talking about taking a book from a shelf, Jane', NULL, '["A. describes the mistakes other people make doing it.","B. reflects on a significant childhood experience.","C. explains why some books are easier to remove than others."]', 'A. describes the mistakes other people make doing it.');
INSERT INTO IELTSQuestion (id, sectionId, questionIndex, questionType, questionText, passageText, options, correctAnswer) VALUES (2004713, 19043, 25, 'multiple_choice', 'What do Jane and Kieran suggest about new books?', NULL, '["A. Their parents liked buying them as presents.","B. They would like to buy more of them.","C. Not everyone can afford them."]', 'A. Their parents liked buying them as presents.');
INSERT INTO IELTSQuestion (id, sectionId, questionIndex, questionType, questionText, passageText, options, correctAnswer) VALUES (2004714, 19043, 26, 'matching', 'Rare books', NULL, '["near the entrance","in the attic","at the back of the shop","on a high shelf","in a specially designed space","within the café","in the basement"]', 'on a high shelf');
INSERT INTO IELTSQuestion (id, sectionId, questionIndex, questionType, questionText, passageText, options, correctAnswer) VALUES (2004715, 19043, 27, 'matching', 'Childrens books', NULL, '["near the entrance","in the attic","at the back of the shop","on a high shelf","in a specially designed space","within the café","in the basement"]', 'in a specially designed space');
INSERT INTO IELTSQuestion (id, sectionId, questionIndex, questionType, questionText, passageText, options, correctAnswer) VALUES (2004716, 19043, 28, 'matching', 'Unwanted books', NULL, '["near the entrance","in the attic","at the back of the shop","on a high shelf","in a specially designed space","within the café","in the basement"]', 'near the entrance');
INSERT INTO IELTSQuestion (id, sectionId, questionIndex, questionType, questionText, passageText, options, correctAnswer) VALUES (2004717, 19043, 29, 'matching', 'Requested books', NULL, '["near the entrance","in the attic","at the back of the shop","on a high shelf","in a specially designed space","within the café","in the basement"]', 'at the back of the shop');
INSERT INTO IELTSQuestion (id, sectionId, questionIndex, questionType, questionText, passageText, options, correctAnswer) VALUES (2004718, 19043, 30, 'matching', 'Coursebooks', NULL, '["near the entrance","in the attic","at the back of the shop","on a high shelf","in a specially designed space","within the café","in the basement"]', 'within the café');
INSERT INTO IELTSExamSection (id, examId, sectionIndex, title, instructions, audioUrl, imageUrl) VALUES (19044, 1904, 4, 'Part 4', 'Complete the notes below. Write ONE WORD ONLY for each answer.', 'https://yxzm-audio.oss-cn-beijing.aliyuncs.com/Cambridge-IELTS-19/T4/S4.mp3', NULL);
INSERT INTO IELTSQuestion (id, sectionId, questionIndex, questionType, questionText, passageText, options, correctAnswer) VALUES (2004719, 19044, 31, 'fill_blank', NULL, '[note]\n# The history of salt\n\n## Early uses\n● used as a {Q31} to preserve food\n● was an important {Q32}\n● used as a medicine to treat {Q33}\n\n## Production and trade\n● important for {Q34} and industry\n● salt {Q35} were drawn to show trade routes\n● salt was transported by {Q36} across land\n● the {Q37} of transportation improved over time\n\n## Cultural significance\n● used as payment for {Q38}\n● used in religious ceremonies\n● important for {Q39} communities\n● towns developed near salt sources\n● decline of salt trade due to {Q40}', NULL, 'competition');
INSERT INTO IELTSQuestion (id, sectionId, questionIndex, questionType, questionText, passageText, options, correctAnswer) VALUES (2004720, 19044, 32, 'fill_blank', NULL, NULL, NULL, 'food');
INSERT INTO IELTSQuestion (id, sectionId, questionIndex, questionType, questionText, passageText, options, correctAnswer) VALUES (2004721, 19044, 33, 'fill_blank', NULL, NULL, NULL, 'disease');
INSERT INTO IELTSQuestion (id, sectionId, questionIndex, questionType, questionText, passageText, options, correctAnswer) VALUES (2004722, 19044, 34, 'fill_blank', NULL, NULL, NULL, 'agriculture');
INSERT INTO IELTSQuestion (id, sectionId, questionIndex, questionType, questionText, passageText, options, correctAnswer) VALUES (2004723, 19044, 35, 'fill_blank', NULL, NULL, NULL, 'maps');
INSERT INTO IELTSQuestion (id, sectionId, questionIndex, questionType, questionText, passageText, options, correctAnswer) VALUES (2004724, 19044, 36, 'fill_blank', NULL, NULL, NULL, 'cattle');
INSERT INTO IELTSQuestion (id, sectionId, questionIndex, questionType, questionText, passageText, options, correctAnswer) VALUES (2004725, 19044, 37, 'fill_blank', NULL, NULL, NULL, 'speed');
INSERT INTO IELTSQuestion (id, sectionId, questionIndex, questionType, questionText, passageText, options, correctAnswer) VALUES (2004726, 19044, 38, 'fill_blank', NULL, NULL, NULL, 'monkeys');
INSERT INTO IELTSQuestion (id, sectionId, questionIndex, questionType, questionText, passageText, options, correctAnswer) VALUES (2004727, 19044, 39, 'fill_blank', NULL, NULL, NULL, 'fishing');
INSERT INTO IELTSQuestion (id, sectionId, questionIndex, questionType, questionText, passageText, options, correctAnswer) VALUES (2004728, 19044, 40, 'fill_blank', NULL, NULL, NULL, 'flooding');
