-- ============================================
-- IELTS Academic Book 18: Listening & Reading
-- Auto-generated seed: 2026-06-27
-- Exams: 8, Questions: 320
-- ============================================

DELETE FROM IELTSUserAnswer WHERE questionId IN (SELECT id FROM IELTSQuestion WHERE sectionId IN (18011,18012,18013,18014,18021,18022,18023,18024,18031,18032,18033,18034,18041,18042,18043,18044,18111,18112,18113,18121,18122,18123,18131,18132,18133,18141,18142,18143));
DELETE FROM IELTSQuestion WHERE sectionId IN (18011,18012,18013,18014,18021,18022,18023,18024,18031,18032,18033,18034,18041,18042,18043,18044,18111,18112,18113,18121,18122,18123,18131,18132,18133,18141,18142,18143);
DELETE FROM IELTSExamSection WHERE id IN (18011,18012,18013,18014,18021,18022,18023,18024,18031,18032,18033,18034,18041,18042,18043,18044,18111,18112,18113,18121,18122,18123,18131,18132,18133,18141,18142,18143);
DELETE FROM IELTSAttempt WHERE examId IN (1801,1802,1803,1804,1811,1812,1813,1814);
DELETE FROM IELTSExam WHERE id IN (1801,1802,1803,1804,1811,1812,1813,1814);

-- 剑桥雅思 18 - Test 1 听力
INSERT INTO IELTSExam (id, title, type, isFullExam, difficultyLevel, totalQuestions, totalSections, durationMinutes, isPublished, createdAt, updatedAt)
VALUES (1801, '剑桥雅思 18 - Test 1 听力', 'listening', TRUE, 'intermediate', 40, 4, 30, TRUE, NOW(), NOW());

INSERT INTO IELTSExamSection (id, examId, sectionIndex, title, instructions, audioUrl, imageUrl, createdAt) VALUES
(18011, 1801, 1, 'Part 1: Transport Survey', 'Complete the notes below.\nWrite ONE WORD AND/OR A NUMBER for each answer.', 'https://yxzm-audio.oss-cn-beijing.aliyuncs.com/Cambridge-IELTS-18/T1/S1.mp3', NULL, NOW());
INSERT INTO IELTSExamSection (id, examId, sectionIndex, title, instructions, audioUrl, imageUrl, createdAt) VALUES
(18012, 1801, 2, 'Part 2: Becoming a Volunteer for ACE', 'Questions 11-13\nChoose the correct letter, A, B or C.\n\nQuestions 14 and 15\nChoose TWO letters, A-E.\n\nQuestions 16-20\nWhat does the speaker suggest would be helpful for each of the following areas of voluntary work?\nChoose FIVE answers from the box and write the correct letter, A-G, next to Questions 16-20.', 'https://yxzm-audio.oss-cn-beijing.aliyuncs.com/Cambridge-IELTS-18/T1/S2.mp3', NULL, NOW());
INSERT INTO IELTSExamSection (id, examId, sectionIndex, title, instructions, audioUrl, imageUrl, createdAt) VALUES
(18013, 1801, 3, 'Part 3: Talk on Jobs in Fashion Design', 'Questions 21-26\nChoose the correct letter, A, B or C.\n\nQuestions 27 and 28\nChoose TWO letters, A-E.\n\nQuestions 29 and 30\nChoose TWO letters, A-E.', 'https://yxzm-audio.oss-cn-beijing.aliyuncs.com/Cambridge-IELTS-18/T1/S3.mp3', NULL, NOW());
INSERT INTO IELTSExamSection (id, examId, sectionIndex, title, instructions, audioUrl, imageUrl, createdAt) VALUES
(18014, 1801, 4, 'Part 4: Elephant Translocation', 'Complete the notes below.\nWrite ONE WORD ONLY for each answer.', 'https://yxzm-audio.oss-cn-beijing.aliyuncs.com/Cambridge-IELTS-18/T1/S4.mp3', NULL, NOW());

INSERT INTO IELTSQuestion (sectionId, questionIndex, questionType, questionText, options, correctAnswer, acceptableAnswers, passageText, score, answerExplanation, createdAt) VALUES
(18011, 1, 'fill_blank', '● also known as water \'bears\' (due to how they ______) and \'moss piglets\'', NULL, 'DW307YZ', NULL, '## [note]\n## Transport survey\n\nName:   Sadie Jones\nYear of birth:   1991\nPostcode:   {Q1}\n\n## Travelling by bus\nDate of bus journey:    {Q2}\nReason for trip:   shopping and visit to the  {Q3}\nTravelled by bus because cost of   {Q4} too high\nGot on bus at    {Q5} Street\n\nComplaints about bus service:\n–   bus today was  {Q6}\n–   frequency of buses in the  {Q7}\n\n## Travelling by car\nGoes to the    {Q8} by car\n\n## Travelling by bicycle\nDislikes travelling by bike in the city centre because of the  {Q9}\nDoesn\'t own a bike because of a lack of  {Q10}', 1, NULL, NOW());
INSERT INTO IELTSQuestion (sectionId, questionIndex, questionType, questionText, options, correctAnswer, acceptableAnswers, passageText, score, answerExplanation, createdAt) VALUES
(18011, 2, 'fill_blank', '● a ______ round body and four pairs of legs', NULL, '24th April|24 April', NULL, NULL, 1, NULL, NOW());
INSERT INTO IELTSQuestion (sectionId, questionIndex, questionType, questionText, options, correctAnswer, acceptableAnswers, passageText, score, answerExplanation, createdAt) VALUES
(18011, 3, 'fill_blank', '● claws or ______ for gripping', NULL, 'dentist', NULL, NULL, 1, NULL, NOW());
INSERT INTO IELTSQuestion (sectionId, questionIndex, questionType, questionText, options, correctAnswer, acceptableAnswers, passageText, score, answerExplanation, createdAt) VALUES
(18011, 4, 'fill_blank', '● body filled with a liquid that carries both ______ and blood', NULL, 'parking', NULL, NULL, 1, NULL, NOW());
INSERT INTO IELTSQuestion (sectionId, questionIndex, questionType, questionText, options, correctAnswer, acceptableAnswers, passageText, score, answerExplanation, createdAt) VALUES
(18011, 5, 'fill_blank', '● mouth shaped like a ______ with teeth called stylets', NULL, 'Claxby', NULL, NULL, 1, NULL, NOW());
INSERT INTO IELTSQuestion (sectionId, questionIndex, questionType, questionText, options, correctAnswer, acceptableAnswers, passageText, score, answerExplanation, createdAt) VALUES
(18011, 6, 'fill_blank', '● very resilient and can exist in very low or high ______', NULL, 'late', NULL, NULL, 1, NULL, NOW());
INSERT INTO IELTSQuestion (sectionId, questionIndex, questionType, questionText, options, correctAnswer, acceptableAnswers, passageText, score, answerExplanation, createdAt) VALUES
(18011, 7, 'fill_blank', '● A type of ______ ensures their DNA is not damaged.', NULL, 'evening', NULL, NULL, 1, NULL, NOW());
INSERT INTO IELTSQuestion (sectionId, questionIndex, questionType, questionText, options, correctAnswer, acceptableAnswers, passageText, score, answerExplanation, createdAt) VALUES
(18011, 8, 'fill_blank', '● Research is underway to find out how many days they can stay alive in ______ .', NULL, 'supermarket', NULL, NULL, 1, NULL, NOW());
INSERT INTO IELTSQuestion (sectionId, questionIndex, questionType, questionText, options, correctAnswer, acceptableAnswers, passageText, score, answerExplanation, createdAt) VALUES
(18011, 9, 'fill_blank', '● consume liquids, e.g., those found in moss or ______', NULL, 'pollution', NULL, NULL, 1, NULL, NOW());
INSERT INTO IELTSQuestion (sectionId, questionIndex, questionType, questionText, options, correctAnswer, acceptableAnswers, passageText, score, answerExplanation, createdAt) VALUES
(18011, 10, 'fill_blank', '● They are not considered to be ______ .', NULL, 'storage', NULL, NULL, 1, NULL, NOW());

INSERT INTO IELTSQuestion (sectionId, questionIndex, questionType, questionText, options, correctAnswer, acceptableAnswers, passageText, score, answerExplanation, createdAt) VALUES
(18012, 11, 'multiple_choice', 'Why does the speaker apologise about the seats?', '["A. They are too small.","B. There are not enough of them.","C. Some of them are very close together."]', 'They are too small.', NULL, NULL, 1, NULL, NOW());
INSERT INTO IELTSQuestion (sectionId, questionIndex, questionType, questionText, options, correctAnswer, acceptableAnswers, passageText, score, answerExplanation, createdAt) VALUES
(18012, 12, 'multiple_choice', 'How was the gold coin found?', '["A. The age of volunteers is less important than other factors.","B. Young volunteers are less reliable than older ones.","C. Most volunteers are about 60 years old."]', 'The age of volunteers is less important than other factors.', NULL, NULL, 1, NULL, NOW());
INSERT INTO IELTSQuestion (sectionId, questionIndex, questionType, questionText, options, correctAnswer, acceptableAnswers, passageText, score, answerExplanation, createdAt) VALUES
(18012, 13, 'multiple_choice', 'Which ** TWO** features of the stadium tour are new this year?', '["A. It is continuous.","B. It is conducted by a manager.","C. It takes place online."]', 'It is continuous.', NULL, NULL, 1, NULL, NOW());
INSERT INTO IELTSQuestion (sectionId, questionIndex, questionType, questionText, options, correctAnswer, acceptableAnswers, passageText, score, answerExplanation, createdAt) VALUES
(18012, 14, 'multiple_choice', 'Which TWO issues does the speaker ask the audience to consider before they apply to be volunteers?', '["A. their financial situation","B. their level of commitment","C. their work experience","D. their ambition","E. their availability"]', 'B. their level of commitment', NULL, NULL, 1, NULL, NOW());
INSERT INTO IELTSQuestion (sectionId, questionIndex, questionType, questionText, options, correctAnswer, acceptableAnswers, passageText, score, answerExplanation, createdAt) VALUES
(18012, 15, 'multiple_choice', '1870 [match]15[/match]', '["A. their financial situation","B. their level of commitment","C. their work experience","D. their ambition","E. their availability"]', 'E. their availability', NULL, NULL, 1, NULL, NOW());
INSERT INTO IELTSQuestion (sectionId, questionIndex, questionType, questionText, options, correctAnswer, acceptableAnswers, passageText, score, answerExplanation, createdAt) VALUES
(18012, 16, 'matching', 'Fundraising', '["original, new ideas","a good level of fitness","an understanding of food and diet","experience on stage","a good memory","(not used)","(not used)"]', 'original, new ideas', NULL, NULL, 1, NULL, NOW());
INSERT INTO IELTSQuestion (sectionId, questionIndex, questionType, questionText, options, correctAnswer, acceptableAnswers, passageText, score, answerExplanation, createdAt) VALUES
(18012, 17, 'matching', 'Litter collection', '["original, new ideas","a good level of fitness","an understanding of food and diet","experience on stage","a good memory","(not used)","(not used)"]', 'a good level of fitness', NULL, NULL, 1, NULL, NOW());
INSERT INTO IELTSQuestion (sectionId, questionIndex, questionType, questionText, options, correctAnswer, acceptableAnswers, passageText, score, answerExplanation, createdAt) VALUES
(18012, 18, 'matching', 'Playmates', '["original, new ideas","a good level of fitness","an understanding of food and diet","experience on stage","a good memory","(not used)","(not used)"]', 'an understanding of food and diet', NULL, NULL, 1, NULL, NOW());
INSERT INTO IELTSQuestion (sectionId, questionIndex, questionType, questionText, options, correctAnswer, acceptableAnswers, passageText, score, answerExplanation, createdAt) VALUES
(18012, 19, 'matching', 'Story club', '["original, new ideas","a good level of fitness","an understanding of food and diet","experience on stage","a good memory","(not used)","(not used)"]', 'experience on stage', NULL, NULL, 1, NULL, NOW());
INSERT INTO IELTSQuestion (sectionId, questionIndex, questionType, questionText, options, correctAnswer, acceptableAnswers, passageText, score, answerExplanation, createdAt) VALUES
(18012, 20, 'matching', 'First aid', '["original, new ideas","a good level of fitness","an understanding of food and diet","experience on stage","a good memory","(not used)","(not used)"]', 'a good memory', NULL, NULL, 1, NULL, NOW());

INSERT INTO IELTSQuestion (sectionId, questionIndex, questionType, questionText, options, correctAnswer, acceptableAnswers, passageText, score, answerExplanation, createdAt) VALUES
(18013, 21, 'multiple_choice', 'What problem did Chantal have at the start of the talk?', '["A. Her view of the speaker was blocked.","B. She was unable to find an empty seat.","C. The students next to her were talking."]', 'A. Her view of the speaker was blocked.', NULL, NULL, 1, NULL, NOW());
INSERT INTO IELTSQuestion (sectionId, questionIndex, questionType, questionText, options, correctAnswer, acceptableAnswers, passageText, score, answerExplanation, createdAt) VALUES
(18013, 22, 'multiple_choice', 'Maya says a mistaken belief about theatre programmes is that', '["A. It has become more competitive than it used to be.","B. There is more variety in it than they had realised.","C. Some areas of it are more exciting than others."]', 'B. There is more variety in it than they had realised.', NULL, NULL, 1, NULL, NOW());
INSERT INTO IELTSQuestion (sectionId, questionIndex, questionType, questionText, options, correctAnswer, acceptableAnswers, passageText, score, answerExplanation, createdAt) VALUES
(18013, 23, 'multiple_choice', 'For children with dyspraxia, which ** TWO ** problems with handwriting do the students think are easiest to correct?', '["A. unfair to them at times.","B. hard for them to follow.","C. critical of the industry."]', 'A. unfair to them at times.', NULL, NULL, 1, NULL, NOW());
INSERT INTO IELTSQuestion (sectionId, questionIndex, questionType, questionText, options, correctAnswer, acceptableAnswers, passageText, score, answerExplanation, createdAt) VALUES
(18013, 24, 'multiple_choice', 'Maya feels their project should include an explanation of why companies of actors', '["A. when they received the advice","B. how much advice was given","C. who gave the advice"]', 'C. who gave the advice', NULL, NULL, 1, NULL, NOW());
INSERT INTO IELTSQuestion (sectionId, questionIndex, questionType, questionText, options, correctAnswer, acceptableAnswers, passageText, score, answerExplanation, createdAt) VALUES
(18013, 25, 'multiple_choice', 'What does the woman say about using laptops to teach writing to children with dyslexia?', '["A. which is the best career in fashion.","B. when to choose a career in fashion.","C. why they would like a career in fashion."]', 'B. when to choose a career in fashion.', NULL, NULL, 1, NULL, NOW());
INSERT INTO IELTSQuestion (sectionId, questionIndex, questionType, questionText, options, correctAnswer, acceptableAnswers, passageText, score, answerExplanation, createdAt) VALUES
(18013, 26, 'multiple_choice', 'When discussing whether to teach cursive or print writing, the woman thinks that', '["A. He is realistic about the practice.","B. He feels the practice is dishonest.","C. He thinks others want to change the practice."]', 'A. He is realistic about the practice.', NULL, NULL, 1, NULL, NOW());
INSERT INTO IELTSQuestion (sectionId, questionIndex, questionType, questionText, options, correctAnswer, acceptableAnswers, passageText, score, answerExplanation, createdAt) VALUES
(18013, 27, 'multiple_choice', 'Which TWO mistakes did the speaker admit she made in her first job?', '["A. being dishonest to her employer","B. paying too much attention to how she looked","C. expecting to become well known","D. trying to earn a lot of money","E. openly disliking her client"]', 'B. paying too much attention to how she looked', NULL, NULL, 1, NULL, NOW());
INSERT INTO IELTSQuestion (sectionId, questionIndex, questionType, questionText, options, correctAnswer, acceptableAnswers, passageText, score, answerExplanation, createdAt) VALUES
(18013, 28, 'multiple_choice', 'What prediction does the man make about the future of handwriting?', '["A. being dishonest to her employer","B. paying too much attention to how she looked","C. expecting to become well known","D. trying to earn a lot of money","E. openly disliking her client"]', 'E. openly disliking her client', NULL, NULL, 1, NULL, NOW());
INSERT INTO IELTSQuestion (sectionId, questionIndex, questionType, questionText, options, correctAnswer, acceptableAnswers, passageText, score, answerExplanation, createdAt) VALUES
(18013, 29, 'multiple_choice', 'Which TWO pieces of retail information do Hugo and Chantal agree would be useful?', '["A. the reasons people return fashion items","B. how much time people have to shop for clothes","C. fashion designs people want but can\'t find","D. the best time of year for fashion buying","E. the most popular fashion sizes"]', 'A. the reasons people return fashion items', NULL, NULL, 1, NULL, NOW());
INSERT INTO IELTSQuestion (sectionId, questionIndex, questionType, questionText, options, correctAnswer, acceptableAnswers, passageText, score, answerExplanation, createdAt) VALUES
(18013, 30, 'multiple_choice', 'How do the students feel about their own handwriting?', '["A. the reasons people return fashion items","B. how much time people have to shop for clothes","C. fashion designs people want but can\'t find","D. the best time of year for fashion buying","E. the most popular fashion sizes"]', 'C. fashion designs people want but can\'t find', NULL, NULL, 1, NULL, NOW());

INSERT INTO IELTSQuestion (sectionId, questionIndex, questionType, questionText, options, correctAnswer, acceptableAnswers, passageText, score, answerExplanation, createdAt) VALUES
(18014, 31, 'fill_blank', NULL, NULL, 'fences', NULL, '## [note]\n## Elephant translocation\n\n## Reasons for overpopulation at Majete National Park\n● strict enforcement of anti-poaching laws\n● successful breeding\n\n## Problems caused by elephant overpopulation\n● greater competition, causing hunger for elephants\n● damage to {Q31} in the park\n\n## The translocation process\n● a suitable group of elephants from the same {Q32} was selected\n● vets and park staff made use of {Q33} to help guide the elephants into an open plain\n● elephants were immobilised with tranquilisers\n  – this process had to be completed quickly to reduce {Q34}\n  – elephants had to be turned on their {Q35} to avoid damage to their lungs\n● elephants\' {Q36} had to be monitored constantly\n● tracking devices were fitted to the matriarchs\n● data including the size of their tusks and {Q37} was taken\n● elephants were taken by truck to their new reserve\n\n## Advantages of translocation at Nkhotakota Wildlife Park\n● {Q38} opportunities\n● a reduction in the number of poachers and {Q39}\n● an example of conservation that other parks can follow\n● an increase in {Q40} as a contributor to GDP', 1, NULL, NOW());
INSERT INTO IELTSQuestion (sectionId, questionIndex, questionType, questionText, options, correctAnswer, acceptableAnswers, passageText, score, answerExplanation, createdAt) VALUES
(18014, 32, 'fill_blank', NULL, NULL, 'family', NULL, NULL, 1, NULL, NOW());
INSERT INTO IELTSQuestion (sectionId, questionIndex, questionType, questionText, options, correctAnswer, acceptableAnswers, passageText, score, answerExplanation, createdAt) VALUES
(18014, 33, 'fill_blank', NULL, NULL, 'helicopters', NULL, NULL, 1, NULL, NOW());
INSERT INTO IELTSQuestion (sectionId, questionIndex, questionType, questionText, options, correctAnswer, acceptableAnswers, passageText, score, answerExplanation, createdAt) VALUES
(18014, 34, 'fill_blank', NULL, NULL, 'stress', NULL, NULL, 1, NULL, NOW());
INSERT INTO IELTSQuestion (sectionId, questionIndex, questionType, questionText, options, correctAnswer, acceptableAnswers, passageText, score, answerExplanation, createdAt) VALUES
(18014, 35, 'fill_blank', NULL, NULL, 'sides', NULL, NULL, 1, NULL, NOW());
INSERT INTO IELTSQuestion (sectionId, questionIndex, questionType, questionText, options, correctAnswer, acceptableAnswers, passageText, score, answerExplanation, createdAt) VALUES
(18014, 36, 'fill_blank', NULL, NULL, 'breathing', NULL, NULL, 1, NULL, NOW());
INSERT INTO IELTSQuestion (sectionId, questionIndex, questionType, questionText, options, correctAnswer, acceptableAnswers, passageText, score, answerExplanation, createdAt) VALUES
(18014, 37, 'fill_blank', NULL, NULL, 'feet', NULL, NULL, 1, NULL, NOW());
INSERT INTO IELTSQuestion (sectionId, questionIndex, questionType, questionText, options, correctAnswer, acceptableAnswers, passageText, score, answerExplanation, createdAt) VALUES
(18014, 38, 'fill_blank', NULL, NULL, 'employment', NULL, NULL, 1, NULL, NOW());
INSERT INTO IELTSQuestion (sectionId, questionIndex, questionType, questionText, options, correctAnswer, acceptableAnswers, passageText, score, answerExplanation, createdAt) VALUES
(18014, 39, 'fill_blank', NULL, NULL, 'weapons', NULL, NULL, 1, NULL, NOW());
INSERT INTO IELTSQuestion (sectionId, questionIndex, questionType, questionText, options, correctAnswer, acceptableAnswers, passageText, score, answerExplanation, createdAt) VALUES
(18014, 40, 'fill_blank', NULL, NULL, 'tourism', NULL, NULL, 1, NULL, NOW());

-- 剑桥雅思 18 - Test 2 听力
INSERT INTO IELTSExam (id, title, type, isFullExam, difficultyLevel, totalQuestions, totalSections, durationMinutes, isPublished, createdAt, updatedAt)
VALUES (1802, '剑桥雅思 18 - Test 2 听力', 'listening', TRUE, 'intermediate', 40, 4, 30, TRUE, NOW(), NOW());

INSERT INTO IELTSExamSection (id, examId, sectionIndex, title, instructions, audioUrl, imageUrl, createdAt) VALUES
(18021, 1802, 1, 'Part 1: Working at Milos Restaurants', 'Questions 1-5\nComplete the notes below.\nWrite ONE WORD ONLY for each answer.\n\nQuestions 6-10\nComplete the table below.\nWrite ONE WORD AND/OR A NUMBER for each answer.', 'https://yxzm-audio.oss-cn-beijing.aliyuncs.com/Cambridge-IELTS-18/T2/S1.mp3', NULL, NOW());
INSERT INTO IELTSExamSection (id, examId, sectionIndex, title, instructions, audioUrl, imageUrl, createdAt) VALUES
(18022, 1802, 2, 'Part 2: Housing Development', 'Questions 11 and 12\nChoose TWO letters, A-E.\n\nQuestions 13 and 14\nChoose TWO letters, A-E.\n\nQuestions 15-20\nLabel the map below.\nWrite the correct letter, A-I, next to Questions 15-20.', 'https://yxzm-audio.oss-cn-beijing.aliyuncs.com/Cambridge-IELTS-18/T2/S2.mp3', 'https://yxzm-image.oss-cn-beijing.aliyuncs.com/L-C18-T2-S2.png', NOW());
INSERT INTO IELTSExamSection (id, examId, sectionIndex, title, instructions, audioUrl, imageUrl, createdAt) VALUES
(18023, 1802, 3, 'Part 3: The Laki Eruption of 1783', 'Questions 21-24\nChoose the correct letter, A, B or C.\n\nQuestions 25 and 26\nChoose TWO letters, A-E.\n\nQuestions 27-30\nWhat comment do the students make about the impact of the Laki eruption on the following countries?\nChoose FOUR answers from the box and write the correct letter, A-F, next to Questions 27-30.', 'https://yxzm-audio.oss-cn-beijing.aliyuncs.com/Cambridge-IELTS-18/T2/S3.mp3', NULL, NOW());
INSERT INTO IELTSExamSection (id, examId, sectionIndex, title, instructions, audioUrl, imageUrl, createdAt) VALUES
(18024, 1802, 4, 'Part 4: Pockets', 'Complete the notes below.\nWrite ONE WORD ONLY for each answer.', 'https://yxzm-audio.oss-cn-beijing.aliyuncs.com/Cambridge-IELTS-18/T2/S4.mp3', NULL, NOW());

INSERT INTO IELTSQuestion (sectionId, questionIndex, questionType, questionText, options, correctAnswer, acceptableAnswers, passageText, score, answerExplanation, createdAt) VALUES
(18021, 1, 'fill_blank', '● also known as water \'bears\' (due to how they ______) and \'moss piglets\'', NULL, 'training', NULL, '## [note]\n## Working at Milo\'s Restaurants\n\n## Benefits\n● {Q1} provided for all staff\n● {Q2} during weekdays at all Milo\'s Restaurants\n● {Q3} provided after midnight\n\n## Person specification\n● must be prepared to work well in a team\n● must care about maintaining a high standard of {Q4}\n● must have a qualification in {Q5}', 1, NULL, NOW());
INSERT INTO IELTSQuestion (sectionId, questionIndex, questionType, questionText, options, correctAnswer, acceptableAnswers, passageText, score, answerExplanation, createdAt) VALUES
(18021, 2, 'fill_blank', '● a ______ round body and four pairs of legs', NULL, 'discount', NULL, NULL, 1, NULL, NOW());
INSERT INTO IELTSQuestion (sectionId, questionIndex, questionType, questionText, options, correctAnswer, acceptableAnswers, passageText, score, answerExplanation, createdAt) VALUES
(18021, 3, 'fill_blank', '● claws or ______ for gripping', NULL, 'taxi', NULL, NULL, 1, NULL, NOW());
INSERT INTO IELTSQuestion (sectionId, questionIndex, questionType, questionText, options, correctAnswer, acceptableAnswers, passageText, score, answerExplanation, createdAt) VALUES
(18021, 4, 'fill_blank', '● body filled with a liquid that carries both ______ and blood', NULL, 'service', NULL, NULL, 1, NULL, NOW());
INSERT INTO IELTSQuestion (sectionId, questionIndex, questionType, questionText, options, correctAnswer, acceptableAnswers, passageText, score, answerExplanation, createdAt) VALUES
(18021, 5, 'fill_blank', '● mouth shaped like a ______ with teeth called stylets', NULL, 'English', NULL, NULL, 1, NULL, NOW());
INSERT INTO IELTSQuestion (sectionId, questionIndex, questionType, questionText, options, correctAnswer, acceptableAnswers, passageText, score, answerExplanation, createdAt) VALUES
(18021, 6, 'fill_blank', '● very resilient and can exist in very low or high ______', NULL, 'Wivenhoe', NULL, '## [table] Job vacancies\n| Location | Job title | Responsibilities include | Pay and conditions |\n| ______ Street | Breakfast supervisor | Checking portions, etc. are correct | Start work at 5.30 a.m. |\n|  |  | Making sure ______ is clean | Starting salary £ ______ per hour |\n| City Road | Junior chef | Supporting senior chefs | Annual salary £23,000 |\n|  |  | Maintaining stock and organising ______ | No work on a ______ once a month |', 1, NULL, NOW());
INSERT INTO IELTSQuestion (sectionId, questionIndex, questionType, questionText, options, correctAnswer, acceptableAnswers, passageText, score, answerExplanation, createdAt) VALUES
(18021, 7, 'fill_blank', '● A type of ______ ensures their DNA is not damaged.', NULL, 'equipment', NULL, NULL, 1, NULL, NOW());
INSERT INTO IELTSQuestion (sectionId, questionIndex, questionType, questionText, options, correctAnswer, acceptableAnswers, passageText, score, answerExplanation, createdAt) VALUES
(18021, 8, 'fill_blank', '● Research is underway to find out how many days they can stay alive in ______ .', NULL, '9.75', NULL, NULL, 1, NULL, NOW());
INSERT INTO IELTSQuestion (sectionId, questionIndex, questionType, questionText, options, correctAnswer, acceptableAnswers, passageText, score, answerExplanation, createdAt) VALUES
(18021, 9, 'fill_blank', '● consume liquids, e.g., those found in moss or ______', NULL, 'deliveries', NULL, NULL, 1, NULL, NOW());
INSERT INTO IELTSQuestion (sectionId, questionIndex, questionType, questionText, options, correctAnswer, acceptableAnswers, passageText, score, answerExplanation, createdAt) VALUES
(18021, 10, 'fill_blank', '● They are not considered to be ______ .', NULL, 'Sunday', NULL, NULL, 1, NULL, NOW());

INSERT INTO IELTSQuestion (sectionId, questionIndex, questionType, questionText, options, correctAnswer, acceptableAnswers, passageText, score, answerExplanation, createdAt) VALUES
(18022, 11, 'multiple_choice', 'What are the TWO main reasons why this site has been chosen for the housing development?', '["A. It has suitable geographical features.","B. There is easy access to local facilities.","C. It has good connections with the airport.","D. The land is of little agricultural value.","E. It will be convenient for workers."]', 'B. There is easy access to local facilities.', NULL, NULL, 1, NULL, NOW());
INSERT INTO IELTSQuestion (sectionId, questionIndex, questionType, questionText, options, correctAnswer, acceptableAnswers, passageText, score, answerExplanation, createdAt) VALUES
(18022, 12, 'multiple_choice', 'What are the TWO main reasons why this site has been chosen for the housing development?', '["A. It has suitable geographical features.","B. There is easy access to local facilities.","C. It has good connections with the airport.","D. The land is of little agricultural value.","E. It will be convenient for workers."]', 'E. It will be convenient for workers.', NULL, NULL, 1, NULL, NOW());
INSERT INTO IELTSQuestion (sectionId, questionIndex, questionType, questionText, options, correctAnswer, acceptableAnswers, passageText, score, answerExplanation, createdAt) VALUES
(18022, 13, 'multiple_choice', 'Which TWO aspects of the planned housing development have people given positive feedback about?', '["A. the facilities for cyclists","B. the impact on the environment","C. the encouragement of good relations between residents","D. the low cost of all the accommodation","E. the rural location"]', 'B. the impact on the environment', NULL, NULL, 1, NULL, NOW());
INSERT INTO IELTSQuestion (sectionId, questionIndex, questionType, questionText, options, correctAnswer, acceptableAnswers, passageText, score, answerExplanation, createdAt) VALUES
(18022, 14, 'multiple_choice', 'What are the team still hoping to find?', '["A. the facilities for cyclists","B. the impact on the environment","C. the encouragement of good relations between residents","D. the low cost of all the accommodation","E. the rural location"]', 'C. the encouragement of good relations between residents', NULL, NULL, 1, NULL, NOW());
INSERT INTO IELTSQuestion (sectionId, questionIndex, questionType, questionText, options, correctAnswer, acceptableAnswers, passageText, score, answerExplanation, createdAt) VALUES
(18022, 15, 'map_labelling', 'Jump for joy [match]15[/match]', '["A","B","C","D","E","F","G","H","I"]', 'G', NULL, NULL, 1, NULL, NOW());
INSERT INTO IELTSQuestion (sectionId, questionIndex, questionType, questionText, options, correctAnswer, acceptableAnswers, passageText, score, answerExplanation, createdAt) VALUES
(18022, 16, 'map_labelling', '1874 [match]16[/match]', '["A","B","C","D","E","F","G","H","I"]', 'C', NULL, NULL, 1, NULL, NOW());
INSERT INTO IELTSQuestion (sectionId, questionIndex, questionType, questionText, options, correctAnswer, acceptableAnswers, passageText, score, answerExplanation, createdAt) VALUES
(18022, 17, 'map_labelling', '1875 [match]17[/match]', '["A","B","C","D","E","F","G","H","I"]', 'D', NULL, NULL, 1, NULL, NOW());
INSERT INTO IELTSQuestion (sectionId, questionIndex, questionType, questionText, options, correctAnswer, acceptableAnswers, passageText, score, answerExplanation, createdAt) VALUES
(18022, 18, 'map_labelling', '1877 [match]18[/match]', '["A","B","C","D","E","F","G","H","I"]', 'B', NULL, NULL, 1, NULL, NOW());
INSERT INTO IELTSQuestion (sectionId, questionIndex, questionType, questionText, options, correctAnswer, acceptableAnswers, passageText, score, answerExplanation, createdAt) VALUES
(18022, 19, 'map_labelling', '1878 [match]19[/match]', '["A","B","C","D","E","F","G","H","I"]', 'H', NULL, NULL, 1, NULL, NOW());
INSERT INTO IELTSQuestion (sectionId, questionIndex, questionType, questionText, options, correctAnswer, acceptableAnswers, passageText, score, answerExplanation, createdAt) VALUES
(18022, 20, 'map_labelling', '1880 [match]20[/match]', '["A","B","C","D","E","F","G","H","I"]', 'A', NULL, NULL, 1, NULL, NOW());

INSERT INTO IELTSQuestion (sectionId, questionIndex, questionType, questionText, options, correctAnswer, acceptableAnswers, passageText, score, answerExplanation, createdAt) VALUES
(18023, 21, 'multiple_choice', 'Why do the students think the Laki eruption of 1783 is so important?', '["A. It was the most severe eruption in modern times.","B. It led to the formal study of volcanoes.","C. It had a profound effect on society."]', 'C. It had a profound effect on society.', NULL, NULL, 1, NULL, NOW());
INSERT INTO IELTSQuestion (sectionId, questionIndex, questionType, questionText, options, correctAnswer, acceptableAnswers, passageText, score, answerExplanation, createdAt) VALUES
(18023, 22, 'multiple_choice', 'What surprised Adam about observations made at the time?', '["A. the number of places producing them","B. the contradictions in them","C. the lack of scientific data to support them"]', 'A. the number of places producing them', NULL, NULL, 1, NULL, NOW());
INSERT INTO IELTSQuestion (sectionId, questionIndex, questionType, questionText, options, correctAnswer, acceptableAnswers, passageText, score, answerExplanation, createdAt) VALUES
(18023, 23, 'multiple_choice', 'According to Michelle, what did the contemporary sources say about the Laki haze?', '["A. People thought it was similar to ordinary fog.","B. It was associated with health issues.","C. It completely blocked out the sun for weeks."]', 'B. It was associated with health issues.', NULL, NULL, 1, NULL, NOW());
INSERT INTO IELTSQuestion (sectionId, questionIndex, questionType, questionText, options, correctAnswer, acceptableAnswers, passageText, score, answerExplanation, createdAt) VALUES
(18023, 24, 'multiple_choice', 'Adam corrects Michelle when she claims that Benjamin Franklin', '["A. came to the wrong conclusion about the cause of the haze.","B. was the first to identify the reason for the haze.","C. supported the opinions of other observers about the haze."]', 'B. was the first to identify the reason for the haze.', NULL, NULL, 1, NULL, NOW());
INSERT INTO IELTSQuestion (sectionId, questionIndex, questionType, questionText, options, correctAnswer, acceptableAnswers, passageText, score, answerExplanation, createdAt) VALUES
(18023, 25, 'multiple_choice', 'Which TWO issues following the Laki eruption surprised the students?', '["A. how widespread the effects were","B. how long-lasting the effects were","C. the number of deaths it caused","D. the speed at which the volcanic ash cloud spread","E. how people ignored the warning signs"]', 'A. how widespread the effects were', NULL, NULL, 1, NULL, NOW());
INSERT INTO IELTSQuestion (sectionId, questionIndex, questionType, questionText, options, correctAnswer, acceptableAnswers, passageText, score, answerExplanation, createdAt) VALUES
(18023, 26, 'multiple_choice', 'Which TWO issues following the Laki eruption surprised the students?', '["A. how widespread the effects were","B. how long-lasting the effects were","C. the number of deaths it caused","D. the speed at which the volcanic ash cloud spread","E. how people ignored the warning signs"]', 'B. how long-lasting the effects were', NULL, NULL, 1, NULL, NOW());
INSERT INTO IELTSQuestion (sectionId, questionIndex, questionType, questionText, options, correctAnswer, acceptableAnswers, passageText, score, answerExplanation, createdAt) VALUES
(18023, 27, 'matching', 'Iceland', '["This country suffered the most severe loss of life.","(distractor)","There was a significant increase in deaths of young people.","Animals suffered from a sickness.","(distractor)","It caused a particularly harsh winter."]', 'Animals suffered from a sickness.', NULL, NULL, 1, NULL, NOW());
INSERT INTO IELTSQuestion (sectionId, questionIndex, questionType, questionText, options, correctAnswer, acceptableAnswers, passageText, score, answerExplanation, createdAt) VALUES
(18023, 28, 'matching', 'Egypt', '["This country suffered the most severe loss of life.","(distractor)","There was a significant increase in deaths of young people.","Animals suffered from a sickness.","(distractor)","It caused a particularly harsh winter."]', 'This country suffered the most severe loss of life.', NULL, NULL, 1, NULL, NOW());
INSERT INTO IELTSQuestion (sectionId, questionIndex, questionType, questionText, options, correctAnswer, acceptableAnswers, passageText, score, answerExplanation, createdAt) VALUES
(18023, 29, 'matching', 'UK', '["This country suffered the most severe loss of life.","(distractor)","There was a significant increase in deaths of young people.","Animals suffered from a sickness.","(distractor)","It caused a particularly harsh winter."]', 'There was a significant increase in deaths of young people.', NULL, NULL, 1, NULL, NOW());
INSERT INTO IELTSQuestion (sectionId, questionIndex, questionType, questionText, options, correctAnswer, acceptableAnswers, passageText, score, answerExplanation, createdAt) VALUES
(18023, 30, 'matching', 'USA', '["This country suffered the most severe loss of life.","(distractor)","There was a significant increase in deaths of young people.","Animals suffered from a sickness.","(distractor)","It caused a particularly harsh winter."]', 'It caused a particularly harsh winter.', NULL, NULL, 1, NULL, NOW());

INSERT INTO IELTSQuestion (sectionId, questionIndex, questionType, questionText, options, correctAnswer, acceptableAnswers, passageText, score, answerExplanation, createdAt) VALUES
(18024, 31, 'fill_blank', NULL, NULL, 'convenient', NULL, '## [note]\n## Pockets\n\n## Reason for choice of subject\n● They are {Q31} but can be overlooked by consumers and designers.\n\n## Pockets in men\'s clothes\n● Men started to wear {Q32} in the 18th century.\n● A {Q33} sewed pockets into the lining of the garments.\n● The wearer could use the pockets for small items.\n● Bigger pockets might be made for men who belonged to a certain type of {Q34}.\n\n## Pockets in women\'s clothes\n● Women\'s pockets were less {Q35} than men\'s.\n● Women were very concerned about pickpockets.\n● Pockets were produced in pairs using {Q36} to link them together.\n● Pockets hung from the women\'s {Q37} under skirts and petticoats.\n● Items such as {Q38} could be reached through a gap in the material.\n● Pockets, of various sizes, stayed inside clothing for many decades.\n● When dresses changed shape, hidden pockets had a negative effect on the {Q39} of women.\n● Bags called \'pouches\' became popular, before women carried a {Q40}.', 1, NULL, NOW());
INSERT INTO IELTSQuestion (sectionId, questionIndex, questionType, questionText, options, correctAnswer, acceptableAnswers, passageText, score, answerExplanation, createdAt) VALUES
(18024, 32, 'fill_blank', NULL, NULL, 'suits', NULL, NULL, 1, NULL, NOW());
INSERT INTO IELTSQuestion (sectionId, questionIndex, questionType, questionText, options, correctAnswer, acceptableAnswers, passageText, score, answerExplanation, createdAt) VALUES
(18024, 33, 'fill_blank', NULL, NULL, 'tailor', NULL, NULL, 1, NULL, NOW());
INSERT INTO IELTSQuestion (sectionId, questionIndex, questionType, questionText, options, correctAnswer, acceptableAnswers, passageText, score, answerExplanation, createdAt) VALUES
(18024, 34, 'fill_blank', NULL, NULL, 'profession', NULL, NULL, 1, NULL, NOW());
INSERT INTO IELTSQuestion (sectionId, questionIndex, questionType, questionText, options, correctAnswer, acceptableAnswers, passageText, score, answerExplanation, createdAt) VALUES
(18024, 35, 'fill_blank', NULL, NULL, 'visible', NULL, NULL, 1, NULL, NOW());
INSERT INTO IELTSQuestion (sectionId, questionIndex, questionType, questionText, options, correctAnswer, acceptableAnswers, passageText, score, answerExplanation, createdAt) VALUES
(18024, 36, 'fill_blank', NULL, NULL, 'strings', NULL, NULL, 1, NULL, NOW());
INSERT INTO IELTSQuestion (sectionId, questionIndex, questionType, questionText, options, correctAnswer, acceptableAnswers, passageText, score, answerExplanation, createdAt) VALUES
(18024, 37, 'fill_blank', NULL, NULL, 'waist', NULL, NULL, 1, NULL, NOW());
INSERT INTO IELTSQuestion (sectionId, questionIndex, questionType, questionText, options, correctAnswer, acceptableAnswers, passageText, score, answerExplanation, createdAt) VALUES
(18024, 38, 'fill_blank', NULL, NULL, 'perfume', NULL, NULL, 1, NULL, NOW());
INSERT INTO IELTSQuestion (sectionId, questionIndex, questionType, questionText, options, correctAnswer, acceptableAnswers, passageText, score, answerExplanation, createdAt) VALUES
(18024, 39, 'fill_blank', NULL, NULL, 'image', NULL, NULL, 1, NULL, NOW());
INSERT INTO IELTSQuestion (sectionId, questionIndex, questionType, questionText, options, correctAnswer, acceptableAnswers, passageText, score, answerExplanation, createdAt) VALUES
(18024, 40, 'fill_blank', NULL, NULL, 'handbag', NULL, NULL, 1, NULL, NOW());

-- 剑桥雅思 18 - Test 3 听力
INSERT INTO IELTSExam (id, title, type, isFullExam, difficultyLevel, totalQuestions, totalSections, durationMinutes, isPublished, createdAt, updatedAt)
VALUES (1803, '剑桥雅思 18 - Test 3 听力', 'listening', TRUE, 'intermediate', 40, 4, 30, TRUE, NOW(), NOW());

INSERT INTO IELTSExamSection (id, examId, sectionIndex, title, instructions, audioUrl, imageUrl, createdAt) VALUES
(18031, 1803, 1, 'Part 1: Wayside Camera Club', 'Questions 1-4\nComplete the form below.\nWrite ONE WORD AND/OR A NUMBER for each answer.\n\nQuestions 5-10\nComplete the table below.\nWrite NO MORE THAN TWO WORDS for each answer.', 'https://yxzm-audio.oss-cn-beijing.aliyuncs.com/Cambridge-IELTS-18/T3/S1.mp3', NULL, NOW());
INSERT INTO IELTSExamSection (id, examId, sectionIndex, title, instructions, audioUrl, imageUrl, createdAt) VALUES
(18032, 1803, 2, 'Part 2: Picking Mushrooms', 'Questions 11 and 12\nChoose TWO letters, A-E.\n\nQuestions 13 and 14\nChoose TWO letters, A-E.\n\nQuestions 15-20\nChoose the correct letter, A, B or C.', 'https://yxzm-audio.oss-cn-beijing.aliyuncs.com/Cambridge-IELTS-18/T3/S2.mp3', NULL, NOW());
INSERT INTO IELTSExamSection (id, examId, sectionIndex, title, instructions, audioUrl, imageUrl, createdAt) VALUES
(18033, 1803, 3, 'Part 3: The Luddites and the Future of Work', 'Questions 21 and 22\nChoose TWO letters, A-E.\n\nQuestions 23 and 24\nChoose TWO letters, A-E.\n\nQuestions 25-30\nWhat comment do the students make about each of the following jobs?\nChoose SIX answers from the box and write the correct letter, A-G, next to Questions 25-30.', 'https://yxzm-audio.oss-cn-beijing.aliyuncs.com/Cambridge-IELTS-18/T3/S3.mp3', NULL, NOW());
INSERT INTO IELTSExamSection (id, examId, sectionIndex, title, instructions, audioUrl, imageUrl, createdAt) VALUES
(18034, 1803, 4, 'Part 4: Space Traffic Management', 'Complete the notes below.\nWrite ONE WORD ONLY for each answer.', 'https://yxzm-audio.oss-cn-beijing.aliyuncs.com/Cambridge-IELTS-18/T3/S4.mp3', NULL, NOW());

INSERT INTO IELTSQuestion (sectionId, questionIndex, questionType, questionText, options, correctAnswer, acceptableAnswers, passageText, score, answerExplanation, createdAt) VALUES
(18031, 1, 'fill_blank', 'Home address: 52 ______ Street, Peacetown', NULL, 'Marrowfield', NULL, '## [form] Wayside Camera Club membership form\nName: Dan Green\nEmail address: dan1068@market.com', 1, NULL, NOW());
INSERT INTO IELTSQuestion (sectionId, questionIndex, questionType, questionText, options, correctAnswer, acceptableAnswers, passageText, score, answerExplanation, createdAt) VALUES
(18031, 2, 'fill_blank', 'Heard about us: from a ______', NULL, 'relative', NULL, NULL, 1, NULL, NOW());
INSERT INTO IELTSQuestion (sectionId, questionIndex, questionType, questionText, options, correctAnswer, acceptableAnswers, passageText, score, answerExplanation, createdAt) VALUES
(18031, 3, 'fill_blank', 'Reasons for joining: to enter competitions to ______', NULL, 'socialise', NULL, NULL, 1, NULL, NOW());
INSERT INTO IELTSQuestion (sectionId, questionIndex, questionType, questionText, options, correctAnswer, acceptableAnswers, passageText, score, answerExplanation, createdAt) VALUES
(18031, 4, 'fill_blank', 'Type of membership: ______ membership (£30)', NULL, 'full', NULL, NULL, 1, NULL, NOW());
INSERT INTO IELTSQuestion (sectionId, questionIndex, questionType, questionText, options, correctAnswer, acceptableAnswers, passageText, score, answerExplanation, createdAt) VALUES
(18031, 5, 'fill_blank', '● mouth shaped like a ______ with teeth called stylets', NULL, 'Domestic Life', NULL, '## [table] Photography competitions\n| Title of competition | Instructions | Feedback to Dan |\n| ______ | A scene in the home | The picture\'s composition was not good. |\n| \'Beautiful Sunsets\' | Scene must show some ______ | The ______ was wrong. |\n| ______ | Scene must show ______ | The photograph was too ______. |', 1, NULL, NOW());
INSERT INTO IELTSQuestion (sectionId, questionIndex, questionType, questionText, options, correctAnswer, acceptableAnswers, passageText, score, answerExplanation, createdAt) VALUES
(18031, 6, 'fill_blank', '● very resilient and can exist in very low or high ______', NULL, 'clouds', NULL, NULL, 1, NULL, NOW());
INSERT INTO IELTSQuestion (sectionId, questionIndex, questionType, questionText, options, correctAnswer, acceptableAnswers, passageText, score, answerExplanation, createdAt) VALUES
(18031, 7, 'fill_blank', '● A type of ______ ensures their DNA is not damaged.', NULL, 'timing', NULL, NULL, 1, NULL, NOW());
INSERT INTO IELTSQuestion (sectionId, questionIndex, questionType, questionText, options, correctAnswer, acceptableAnswers, passageText, score, answerExplanation, createdAt) VALUES
(18031, 8, 'fill_blank', '● Research is underway to find out how many days they can stay alive in ______ .', NULL, 'Animal Magic', NULL, NULL, 1, NULL, NOW());
INSERT INTO IELTSQuestion (sectionId, questionIndex, questionType, questionText, options, correctAnswer, acceptableAnswers, passageText, score, answerExplanation, createdAt) VALUES
(18031, 9, 'fill_blank', '● consume liquids, e.g., those found in moss or ______', NULL, 'movement', NULL, NULL, 1, NULL, NOW());
INSERT INTO IELTSQuestion (sectionId, questionIndex, questionType, questionText, options, correctAnswer, acceptableAnswers, passageText, score, answerExplanation, createdAt) VALUES
(18031, 10, 'fill_blank', '● They are not considered to be ______ .', NULL, 'dark', NULL, NULL, 1, NULL, NOW());

INSERT INTO IELTSQuestion (sectionId, questionIndex, questionType, questionText, options, correctAnswer, acceptableAnswers, passageText, score, answerExplanation, createdAt) VALUES
(18032, 11, 'multiple_choice', 'Which TWO warnings does Dan give about picking mushrooms?', '["A. Don\'t pick more than one variety of mushroom at a time.","B. Don\'t pick mushrooms near busy roads.","C. Don\'t eat mushrooms given to you.","D. Don\'t eat mushrooms while picking them.","E. Don\'t pick old mushrooms."]', 'B. Don\'t pick mushrooms near busy roads.', NULL, NULL, 1, NULL, NOW());
INSERT INTO IELTSQuestion (sectionId, questionIndex, questionType, questionText, options, correctAnswer, acceptableAnswers, passageText, score, answerExplanation, createdAt) VALUES
(18032, 12, 'multiple_choice', 'Which TWO warnings does Dan give about picking mushrooms?', '["A. Don\'t pick more than one variety of mushroom at a time.","B. Don\'t pick mushrooms near busy roads.","C. Don\'t eat mushrooms given to you.","D. Don\'t eat mushrooms while picking them.","E. Don\'t pick old mushrooms."]', 'C. Don\'t eat mushrooms given to you.', NULL, NULL, 1, NULL, NOW());
INSERT INTO IELTSQuestion (sectionId, questionIndex, questionType, questionText, options, correctAnswer, acceptableAnswers, passageText, score, answerExplanation, createdAt) VALUES
(18032, 13, 'multiple_choice', 'Which TWO ideas about wild mushrooms does Dan say are correct?', '["A. Mushrooms should always be peeled before eating.","B. Mushrooms eaten by animals may be unsafe.","C. Cooking destroys toxins in mushrooms.","D. Brightly coloured mushrooms can be edible.","E. All poisonous mushrooms have a bad smell."]', 'B. Mushrooms eaten by animals may be unsafe.', NULL, NULL, 1, NULL, NOW());
INSERT INTO IELTSQuestion (sectionId, questionIndex, questionType, questionText, options, correctAnswer, acceptableAnswers, passageText, score, answerExplanation, createdAt) VALUES
(18032, 14, 'multiple_choice', 'Which TWO ideas about wild mushrooms does Dan say are correct?', '["A. Mushrooms should always be peeled before eating.","B. Mushrooms eaten by animals may be unsafe.","C. Cooking destroys toxins in mushrooms.","D. Brightly coloured mushrooms can be edible.","E. All poisonous mushrooms have a bad smell."]', 'D. Brightly coloured mushrooms can be edible.', NULL, NULL, 1, NULL, NOW());
INSERT INTO IELTSQuestion (sectionId, questionIndex, questionType, questionText, options, correctAnswer, acceptableAnswers, passageText, score, answerExplanation, createdAt) VALUES
(18032, 15, 'multiple_choice', 'What advice does Dan give about picking mushrooms in parks?', '["A. Choose wooded areas.","B. Don\'t disturb wildlife.","C. Get there early."]', 'C. Get there early.', NULL, NULL, 1, NULL, NOW());
INSERT INTO IELTSQuestion (sectionId, questionIndex, questionType, questionText, options, correctAnswer, acceptableAnswers, passageText, score, answerExplanation, createdAt) VALUES
(18032, 16, 'multiple_choice', 'Farm shop [blank]1[/blank]', '["A. use a mushroom app.","B. join a group.","C. take a reference book."]', 'B. join a group.', NULL, NULL, 1, NULL, NOW());
INSERT INTO IELTSQuestion (sectionId, questionIndex, questionType, questionText, options, correctAnswer, acceptableAnswers, passageText, score, answerExplanation, createdAt) VALUES
(18032, 17, 'multiple_choice', 'Disabled entry [blank]2[/blank]', '["A. selecting only fully grown mushrooms","B. picking a limited amount of mushrooms","C. avoiding areas where rare mushroom species grow"]', 'B. picking a limited amount of mushrooms', NULL, NULL, 1, NULL, NOW());
INSERT INTO IELTSQuestion (sectionId, questionIndex, questionType, questionText, options, correctAnswer, acceptableAnswers, passageText, score, answerExplanation, createdAt) VALUES
(18032, 18, 'multiple_choice', 'Adventure playground [blank]3[/blank]', '["A. a huge demand for them from restaurants.","B. a lack of rain in this part of the country.","C. a rise in building developments locally."]', 'C. a rise in building developments locally.', NULL, NULL, 1, NULL, NOW());
INSERT INTO IELTSQuestion (sectionId, questionIndex, questionType, questionText, options, correctAnswer, acceptableAnswers, passageText, score, answerExplanation, createdAt) VALUES
(18032, 19, 'multiple_choice', 'Kitchen gardens [blank]4[/blank]', '["A. keep them in the fridge for no more than two days.","B. keep them in a brown bag in a dark room.","C. leave them for a period after washing them."]', 'A. keep them in the fridge for no more than two days.', NULL, NULL, 1, NULL, NOW());
INSERT INTO IELTSQuestion (sectionId, questionIndex, questionType, questionText, options, correctAnswer, acceptableAnswers, passageText, score, answerExplanation, createdAt) VALUES
(18032, 20, 'multiple_choice', 'The Temple of the Four Winds [blank]5[/blank]', '["A. Experiment with different recipes.","B. Expect some to have a strong taste.","C. Cook them for a long time."]', 'A. Experiment with different recipes.', NULL, NULL, 1, NULL, NOW());

INSERT INTO IELTSQuestion (sectionId, questionIndex, questionType, questionText, options, correctAnswer, acceptableAnswers, passageText, score, answerExplanation, createdAt) VALUES
(18033, 21, 'multiple_choice', 'Which TWO opinions about the Luddites do the students express?', '["A. Their actions were ineffective.","B. They are still influential today.","C. They have received unfair criticism.","D. They were proved right.","E. Their attitude is understandable."]', 'A. Their actions were ineffective.', NULL, NULL, 1, NULL, NOW());
INSERT INTO IELTSQuestion (sectionId, questionIndex, questionType, questionText, options, correctAnswer, acceptableAnswers, passageText, score, answerExplanation, createdAt) VALUES
(18033, 22, 'multiple_choice', 'Which TWO opinions about the Luddites do the students express?', '["A. Their actions were ineffective.","B. They are still influential today.","C. They have received unfair criticism.","D. They were proved right.","E. Their attitude is understandable."]', 'E. Their attitude is understandable.', NULL, NULL, 1, NULL, NOW());
INSERT INTO IELTSQuestion (sectionId, questionIndex, questionType, questionText, options, correctAnswer, acceptableAnswers, passageText, score, answerExplanation, createdAt) VALUES
(18033, 23, 'multiple_choice', 'Which TWO predictions about the future of work are the students doubtful about?', '["A. Work will be more rewarding.","B. Unemployment will fall.","C. People will want to delay retiring.","D. Working hours will be shorter.","E. People will change jobs more frequently."]', 'B. Unemployment will fall.', NULL, NULL, 1, NULL, NOW());
INSERT INTO IELTSQuestion (sectionId, questionIndex, questionType, questionText, options, correctAnswer, acceptableAnswers, passageText, score, answerExplanation, createdAt) VALUES
(18033, 24, 'multiple_choice', 'Which TWO predictions about the future of work are the students doubtful about?', '["A. Work will be more rewarding.","B. Unemployment will fall.","C. People will want to delay retiring.","D. Working hours will be shorter.","E. People will change jobs more frequently."]', 'D. Working hours will be shorter.', NULL, NULL, 1, NULL, NOW());
INSERT INTO IELTSQuestion (sectionId, questionIndex, questionType, questionText, options, correctAnswer, acceptableAnswers, passageText, score, answerExplanation, createdAt) VALUES
(18033, 25, 'matching', 'Accountants', '["These jobs are likely to be at risk.","Their role has become more interesting in recent years.","The number of people working in this sector has fallen dramatically.","(distractor)","Higher disposable income has led to a huge increase in jobs.","There is likely to be a significant rise in demand for this service.","Both employment and productivity have risen."]', 'Both employment and productivity have risen.', NULL, NULL, 1, NULL, NOW());
INSERT INTO IELTSQuestion (sectionId, questionIndex, questionType, questionText, options, correctAnswer, acceptableAnswers, passageText, score, answerExplanation, createdAt) VALUES
(18033, 26, 'matching', 'Hairdressers', '["These jobs are likely to be at risk.","Their role has become more interesting in recent years.","The number of people working in this sector has fallen dramatically.","(distractor)","Higher disposable income has led to a huge increase in jobs.","There is likely to be a significant rise in demand for this service.","Both employment and productivity have risen."]', 'Higher disposable income has led to a huge increase in jobs.', NULL, NULL, 1, NULL, NOW());
INSERT INTO IELTSQuestion (sectionId, questionIndex, questionType, questionText, options, correctAnswer, acceptableAnswers, passageText, score, answerExplanation, createdAt) VALUES
(18033, 27, 'matching', 'Administrative staff', '["These jobs are likely to be at risk.","Their role has become more interesting in recent years.","The number of people working in this sector has fallen dramatically.","(distractor)","Higher disposable income has led to a huge increase in jobs.","There is likely to be a significant rise in demand for this service.","Both employment and productivity have risen."]', 'Their role has become more interesting in recent years.', NULL, NULL, 1, NULL, NOW());
INSERT INTO IELTSQuestion (sectionId, questionIndex, questionType, questionText, options, correctAnswer, acceptableAnswers, passageText, score, answerExplanation, createdAt) VALUES
(18033, 28, 'matching', 'Agricultural workers', '["These jobs are likely to be at risk.","Their role has become more interesting in recent years.","The number of people working in this sector has fallen dramatically.","(distractor)","Higher disposable income has led to a huge increase in jobs.","There is likely to be a significant rise in demand for this service.","Both employment and productivity have risen."]', 'The number of people working in this sector has fallen dramatically.', NULL, NULL, 1, NULL, NOW());
INSERT INTO IELTSQuestion (sectionId, questionIndex, questionType, questionText, options, correctAnswer, acceptableAnswers, passageText, score, answerExplanation, createdAt) VALUES
(18033, 29, 'matching', 'Care workers', '["These jobs are likely to be at risk.","Their role has become more interesting in recent years.","The number of people working in this sector has fallen dramatically.","(distractor)","Higher disposable income has led to a huge increase in jobs.","There is likely to be a significant rise in demand for this service.","Both employment and productivity have risen."]', 'There is likely to be a significant rise in demand for this service.', NULL, NULL, 1, NULL, NOW());
INSERT INTO IELTSQuestion (sectionId, questionIndex, questionType, questionText, options, correctAnswer, acceptableAnswers, passageText, score, answerExplanation, createdAt) VALUES
(18033, 30, 'matching', 'Bank clerks', '["These jobs are likely to be at risk.","Their role has become more interesting in recent years.","The number of people working in this sector has fallen dramatically.","(distractor)","Higher disposable income has led to a huge increase in jobs.","There is likely to be a significant rise in demand for this service.","Both employment and productivity have risen."]', 'These jobs are likely to be at risk.', NULL, NULL, 1, NULL, NOW());

INSERT INTO IELTSQuestion (sectionId, questionIndex, questionType, questionText, options, correctAnswer, acceptableAnswers, passageText, score, answerExplanation, createdAt) VALUES
(18034, 31, 'fill_blank', NULL, NULL, 'technical', NULL, '## [note]\n## Space Traffic Management\n\n## A Space Traffic Management system\n● is a concept similar to Air Traffic Control, but for satellites rather than planes.\n● would aim to set up legal and {Q31} ways of improving safety.\n● does not actually exist at present.\n\n## Problems in developing effective Space Traffic Management\n● Satellites are now quite {Q32} and therefore more widespread (e.g. there are constellations made up of {Q33} of satellites).\n● At present, satellites are not required to transmit information to help with their {Q34}.\n● There are few systems for {Q35} satellites.\n● Small pieces of debris may be difficult to identify.\n● Operators may be unwilling to share details of satellites used for {Q36} or commercial reasons.\n● It may be hard to collect details of the object\'s {Q37} at a given time.\n● Scientists can only make a {Q38} about where the satellite will go.\n\n## Solutions\n● Common standards should be agreed on for the presentation of information.\n● The information should be combined in one {Q39}.\n● A coordinated system must be designed to create {Q40} in its users.', 1, NULL, NOW());
INSERT INTO IELTSQuestion (sectionId, questionIndex, questionType, questionText, options, correctAnswer, acceptableAnswers, passageText, score, answerExplanation, createdAt) VALUES
(18034, 32, 'fill_blank', NULL, NULL, 'cheap', NULL, NULL, 1, NULL, NOW());
INSERT INTO IELTSQuestion (sectionId, questionIndex, questionType, questionText, options, correctAnswer, acceptableAnswers, passageText, score, answerExplanation, createdAt) VALUES
(18034, 33, 'fill_blank', NULL, NULL, 'thousands', NULL, NULL, 1, NULL, NOW());
INSERT INTO IELTSQuestion (sectionId, questionIndex, questionType, questionText, options, correctAnswer, acceptableAnswers, passageText, score, answerExplanation, createdAt) VALUES
(18034, 34, 'fill_blank', NULL, NULL, 'identification', NULL, NULL, 1, NULL, NOW());
INSERT INTO IELTSQuestion (sectionId, questionIndex, questionType, questionText, options, correctAnswer, acceptableAnswers, passageText, score, answerExplanation, createdAt) VALUES
(18034, 35, 'fill_blank', NULL, NULL, 'tracking', NULL, NULL, 1, NULL, NOW());
INSERT INTO IELTSQuestion (sectionId, questionIndex, questionType, questionText, options, correctAnswer, acceptableAnswers, passageText, score, answerExplanation, createdAt) VALUES
(18034, 36, 'fill_blank', NULL, NULL, 'military', NULL, NULL, 1, NULL, NOW());
INSERT INTO IELTSQuestion (sectionId, questionIndex, questionType, questionText, options, correctAnswer, acceptableAnswers, passageText, score, answerExplanation, createdAt) VALUES
(18034, 37, 'fill_blank', NULL, NULL, 'location', NULL, NULL, 1, NULL, NOW());
INSERT INTO IELTSQuestion (sectionId, questionIndex, questionType, questionText, options, correctAnswer, acceptableAnswers, passageText, score, answerExplanation, createdAt) VALUES
(18034, 38, 'fill_blank', NULL, NULL, 'prediction', NULL, NULL, 1, NULL, NOW());
INSERT INTO IELTSQuestion (sectionId, questionIndex, questionType, questionText, options, correctAnswer, acceptableAnswers, passageText, score, answerExplanation, createdAt) VALUES
(18034, 39, 'fill_blank', NULL, NULL, 'database', NULL, NULL, 1, NULL, NOW());
INSERT INTO IELTSQuestion (sectionId, questionIndex, questionType, questionText, options, correctAnswer, acceptableAnswers, passageText, score, answerExplanation, createdAt) VALUES
(18034, 40, 'fill_blank', NULL, NULL, 'trust', NULL, NULL, 1, NULL, NOW());

-- 剑桥雅思 18 - Test 4 听力
INSERT INTO IELTSExam (id, title, type, isFullExam, difficultyLevel, totalQuestions, totalSections, durationMinutes, isPublished, createdAt, updatedAt)
VALUES (1804, '剑桥雅思 18 - Test 4 听力', 'listening', TRUE, 'intermediate', 40, 4, 30, TRUE, NOW(), NOW());

INSERT INTO IELTSExamSection (id, examId, sectionIndex, title, instructions, audioUrl, imageUrl, createdAt) VALUES
(18041, 1804, 1, 'Part 1: Job Details from Employment Agency', 'Complete the notes below.\nWrite ONE WORD AND/OR A NUMBER for each answer.', 'https://yxzm-audio.oss-cn-beijing.aliyuncs.com/Cambridge-IELTS-18/T4/S1.mp3', NULL, NOW());
INSERT INTO IELTSExamSection (id, examId, sectionIndex, title, instructions, audioUrl, imageUrl, createdAt) VALUES
(18042, 1804, 2, 'Part 2: Museum Guide', 'Questions 11-14\nChoose the correct letter, A, B or C.\n\nQuestions 15-20\nWhat information does the speaker give about each of the following areas of the museum?\nChoose SIX answers from the box and write the correct letter, A-H, next to Questions 15-20.', 'https://yxzm-audio.oss-cn-beijing.aliyuncs.com/Cambridge-IELTS-18/T4/S2.mp3', NULL, NOW());
INSERT INTO IELTSExamSection (id, examId, sectionIndex, title, instructions, audioUrl, imageUrl, createdAt) VALUES
(18043, 1804, 3, 'Part 3: Origami in the Classroom', 'Questions 21 and 22\nChoose TWO letters, A-E.\n\nQuestions 23-27\nWhich comment do the students make about each of the following children in the video?\nChoose FIVE answers from the box and write the correct letter, A-G, next to Questions 23-27.\n\nQuestions 28-30\nChoose the correct letter, A, B or C.', 'https://yxzm-audio.oss-cn-beijing.aliyuncs.com/Cambridge-IELTS-18/T4/S3.mp3', NULL, NOW());
INSERT INTO IELTSExamSection (id, examId, sectionIndex, title, instructions, audioUrl, imageUrl, createdAt) VALUES
(18044, 1804, 4, 'Part 4: Victor Hugo', 'Complete the notes below.\nWrite ONE WORD ONLY for each answer.', 'https://yxzm-audio.oss-cn-beijing.aliyuncs.com/Cambridge-IELTS-18/T4/S4.mp3', NULL, NOW());

INSERT INTO IELTSQuestion (sectionId, questionIndex, questionType, questionText, options, correctAnswer, acceptableAnswers, passageText, score, answerExplanation, createdAt) VALUES
(18041, 1, 'fill_blank', '● also known as water \'bears\' (due to how they ______) and \'moss piglets\'', NULL, 'receptionist', NULL, '## [note]\n## Job details from employment agency\n\nRole           {Q1}\n\n## Location\nFordham {Q2} Centre\n{Q3} Road, Fordham\n\n## Work involves\n● dealing with enquiries\n● making {Q4} and reorganising them\n● maintaining the internal {Q5}\n● general administration\n\n## Requirements\n● {Q6} (essential)\n● a calm and {Q7} manner\n● good IT skills\n\n## Other information\n● a {Q8} job – further opportunities may be available\n● hours: 7.45 a.m. to {Q9} p.m., Monday to Friday\n● {Q10} is available onsite', 1, NULL, NOW());
INSERT INTO IELTSQuestion (sectionId, questionIndex, questionType, questionText, options, correctAnswer, acceptableAnswers, passageText, score, answerExplanation, createdAt) VALUES
(18041, 2, 'fill_blank', '● a ______ round body and four pairs of legs', NULL, 'Medical', NULL, NULL, 1, NULL, NOW());
INSERT INTO IELTSQuestion (sectionId, questionIndex, questionType, questionText, options, correctAnswer, acceptableAnswers, passageText, score, answerExplanation, createdAt) VALUES
(18041, 3, 'fill_blank', '● claws or ______ for gripping', NULL, 'Chastons', NULL, NULL, 1, NULL, NOW());
INSERT INTO IELTSQuestion (sectionId, questionIndex, questionType, questionText, options, correctAnswer, acceptableAnswers, passageText, score, answerExplanation, createdAt) VALUES
(18041, 4, 'fill_blank', '● body filled with a liquid that carries both ______ and blood', NULL, 'appointments', NULL, NULL, 1, NULL, NOW());
INSERT INTO IELTSQuestion (sectionId, questionIndex, questionType, questionText, options, correctAnswer, acceptableAnswers, passageText, score, answerExplanation, createdAt) VALUES
(18041, 5, 'fill_blank', '● mouth shaped like a ______ with teeth called stylets', NULL, 'database', NULL, NULL, 1, NULL, NOW());
INSERT INTO IELTSQuestion (sectionId, questionIndex, questionType, questionText, options, correctAnswer, acceptableAnswers, passageText, score, answerExplanation, createdAt) VALUES
(18041, 6, 'fill_blank', '● very resilient and can exist in very low or high ______', NULL, 'experience', NULL, NULL, 1, NULL, NOW());
INSERT INTO IELTSQuestion (sectionId, questionIndex, questionType, questionText, options, correctAnswer, acceptableAnswers, passageText, score, answerExplanation, createdAt) VALUES
(18041, 7, 'fill_blank', '● A type of ______ ensures their DNA is not damaged.', NULL, 'confident', NULL, NULL, 1, NULL, NOW());
INSERT INTO IELTSQuestion (sectionId, questionIndex, questionType, questionText, options, correctAnswer, acceptableAnswers, passageText, score, answerExplanation, createdAt) VALUES
(18041, 8, 'fill_blank', '● Research is underway to find out how many days they can stay alive in ______ .', NULL, 'temporary', NULL, NULL, 1, NULL, NOW());
INSERT INTO IELTSQuestion (sectionId, questionIndex, questionType, questionText, options, correctAnswer, acceptableAnswers, passageText, score, answerExplanation, createdAt) VALUES
(18041, 9, 'fill_blank', '● consume liquids, e.g., those found in moss or ______', NULL, '1.15', NULL, NULL, 1, NULL, NOW());
INSERT INTO IELTSQuestion (sectionId, questionIndex, questionType, questionText, options, correctAnswer, acceptableAnswers, passageText, score, answerExplanation, createdAt) VALUES
(18041, 10, 'fill_blank', '● They are not considered to be ______ .', NULL, 'parking', NULL, NULL, 1, NULL, NOW());

INSERT INTO IELTSQuestion (sectionId, questionIndex, questionType, questionText, options, correctAnswer, acceptableAnswers, passageText, score, answerExplanation, createdAt) VALUES
(18042, 11, 'multiple_choice', 'The museum building was originally', '["A. a factory.","B. a private home.","C. a hall of residence."]', 'B. a private home.', NULL, NULL, 1, NULL, NOW());
INSERT INTO IELTSQuestion (sectionId, questionIndex, questionType, questionText, options, correctAnswer, acceptableAnswers, passageText, score, answerExplanation, createdAt) VALUES
(18042, 12, 'multiple_choice', 'The university uses part of the museum building as', '["A. teaching rooms.","B. a research library.","C. administration offices."]', 'A. teaching rooms.', NULL, NULL, 1, NULL, NOW());
INSERT INTO IELTSQuestion (sectionId, questionIndex, questionType, questionText, options, correctAnswer, acceptableAnswers, passageText, score, answerExplanation, createdAt) VALUES
(18042, 13, 'multiple_choice', 'What does the guide say about the entrance fee?', '["A. Visitors decide whether or not they wish to pay.","B. Only children and students receive a discount.","C. The museum charges extra for special exhibitions."]', 'A. Visitors decide whether or not they wish to pay.', NULL, NULL, 1, NULL, NOW());
INSERT INTO IELTSQuestion (sectionId, questionIndex, questionType, questionText, options, correctAnswer, acceptableAnswers, passageText, score, answerExplanation, createdAt) VALUES
(18042, 14, 'multiple_choice', 'What are visitors advised to leave in the cloakroom?', '["A. cameras","B. coats","C. bags"]', 'C. bags', NULL, NULL, 1, NULL, NOW());
INSERT INTO IELTSQuestion (sectionId, questionIndex, questionType, questionText, options, correctAnswer, acceptableAnswers, passageText, score, answerExplanation, createdAt) VALUES
(18042, 15, 'matching', 'Four Seasons', '["Parents must supervise their children.","There are new things to see.","It is closed today.","(distractor)","There is a quiz for visitors.","It features something created by students.","An expert is here today.","(distractor)"]', 'It features something created by students.', NULL, NULL, 1, NULL, NOW());
INSERT INTO IELTSQuestion (sectionId, questionIndex, questionType, questionText, options, correctAnswer, acceptableAnswers, passageText, score, answerExplanation, createdAt) VALUES
(18042, 16, 'matching', 'Farmhouse Kitchen', '["Parents must supervise their children.","There are new things to see.","It is closed today.","(distractor)","There is a quiz for visitors.","It features something created by students.","An expert is here today.","(distractor)"]', 'An expert is here today.', NULL, NULL, 1, NULL, NOW());
INSERT INTO IELTSQuestion (sectionId, questionIndex, questionType, questionText, options, correctAnswer, acceptableAnswers, passageText, score, answerExplanation, createdAt) VALUES
(18042, 17, 'matching', 'A Year on the Farm', '["Parents must supervise their children.","There are new things to see.","It is closed today.","(distractor)","There is a quiz for visitors.","It features something created by students.","An expert is here today.","(distractor)"]', 'There is a quiz for visitors.', NULL, NULL, 1, NULL, NOW());
INSERT INTO IELTSQuestion (sectionId, questionIndex, questionType, questionText, options, correctAnswer, acceptableAnswers, passageText, score, answerExplanation, createdAt) VALUES
(18042, 18, 'matching', 'Wagon Walk', '["Parents must supervise their children.","There are new things to see.","It is closed today.","(distractor)","There is a quiz for visitors.","It features something created by students.","An expert is here today.","(distractor)"]', 'Parents must supervise their children.', NULL, NULL, 1, NULL, NOW());
INSERT INTO IELTSQuestion (sectionId, questionIndex, questionType, questionText, options, correctAnswer, acceptableAnswers, passageText, score, answerExplanation, createdAt) VALUES
(18042, 19, 'matching', 'Bees are Magic', '["Parents must supervise their children.","There are new things to see.","It is closed today.","(distractor)","There is a quiz for visitors.","It features something created by students.","An expert is here today.","(distractor)"]', 'It is closed today.', NULL, NULL, 1, NULL, NOW());
INSERT INTO IELTSQuestion (sectionId, questionIndex, questionType, questionText, options, correctAnswer, acceptableAnswers, passageText, score, answerExplanation, createdAt) VALUES
(18042, 20, 'matching', 'The Pond', '["Parents must supervise their children.","There are new things to see.","It is closed today.","(distractor)","There is a quiz for visitors.","It features something created by students.","An expert is here today.","(distractor)"]', 'There are new things to see.', NULL, NULL, 1, NULL, NOW());

INSERT INTO IELTSQuestion (sectionId, questionIndex, questionType, questionText, options, correctAnswer, acceptableAnswers, passageText, score, answerExplanation, createdAt) VALUES
(18043, 21, 'multiple_choice', 'Which TWO educational skills were shown in the video of children doing origami?', '["A. solving problems","B. following instructions","C. working cooperatively","D. learning through play","E. developing hand-eye coordination"]', 'B. following instructions', NULL, NULL, 1, NULL, NOW());
INSERT INTO IELTSQuestion (sectionId, questionIndex, questionType, questionText, options, correctAnswer, acceptableAnswers, passageText, score, answerExplanation, createdAt) VALUES
(18043, 22, 'multiple_choice', 'Which TWO educational skills were shown in the video of children doing origami?', '["A. solving problems","B. following instructions","C. working cooperatively","D. learning through play","E. developing hand-eye coordination"]', 'D. learning through play', NULL, NULL, 1, NULL, NOW());
INSERT INTO IELTSQuestion (sectionId, questionIndex, questionType, questionText, options, correctAnswer, acceptableAnswers, passageText, score, answerExplanation, createdAt) VALUES
(18043, 23, 'matching', 'Sid', '["demonstrated independence","(distractor)","developed a competitive attitude","seemed to find the activity calming","(distractor)","seemed confused","seemed to find the activity easy"]', 'seemed to find the activity calming', NULL, NULL, 1, NULL, NOW());
INSERT INTO IELTSQuestion (sectionId, questionIndex, questionType, questionText, options, correctAnswer, acceptableAnswers, passageText, score, answerExplanation, createdAt) VALUES
(18043, 24, 'matching', 'Jack', '["demonstrated independence","(distractor)","developed a competitive attitude","seemed to find the activity calming","(distractor)","seemed confused","seemed to find the activity easy"]', 'demonstrated independence', NULL, NULL, 1, NULL, NOW());
INSERT INTO IELTSQuestion (sectionId, questionIndex, questionType, questionText, options, correctAnswer, acceptableAnswers, passageText, score, answerExplanation, createdAt) VALUES
(18043, 25, 'matching', 'Naomi', '["demonstrated independence","(distractor)","developed a competitive attitude","seemed to find the activity calming","(distractor)","seemed confused","seemed to find the activity easy"]', 'developed a competitive attitude', NULL, NULL, 1, NULL, NOW());
INSERT INTO IELTSQuestion (sectionId, questionIndex, questionType, questionText, options, correctAnswer, acceptableAnswers, passageText, score, answerExplanation, createdAt) VALUES
(18043, 26, 'matching', 'Anya', '["demonstrated independence","(distractor)","developed a competitive attitude","seemed to find the activity calming","(distractor)","seemed confused","seemed to find the activity easy"]', 'seemed to find the activity easy', NULL, NULL, 1, NULL, NOW());
INSERT INTO IELTSQuestion (sectionId, questionIndex, questionType, questionText, options, correctAnswer, acceptableAnswers, passageText, score, answerExplanation, createdAt) VALUES
(18043, 27, 'matching', 'Zara', '["demonstrated independence","(distractor)","developed a competitive attitude","seemed to find the activity calming","(distractor)","seemed confused","seemed to find the activity easy"]', 'seemed confused', NULL, NULL, 1, NULL, NOW());
INSERT INTO IELTSQuestion (sectionId, questionIndex, questionType, questionText, options, correctAnswer, acceptableAnswers, passageText, score, answerExplanation, createdAt) VALUES
(18043, 28, 'multiple_choice', 'Before starting an origami activity in class, the students think it is important for the teacher to', '["A. make models that demonstrate the different stages.","B. check children understand the terminology involved.","C. tell children not to worry if they find the activity difficult."]', 'A. make models that demonstrate the different stages.', NULL, NULL, 1, NULL, NOW());
INSERT INTO IELTSQuestion (sectionId, questionIndex, questionType, questionText, options, correctAnswer, acceptableAnswers, passageText, score, answerExplanation, createdAt) VALUES
(18043, 29, 'multiple_choice', 'The woman is concerned that relying on digital devices has made it difficult for her to', '["A. they may not think that crafts are important.","B. they may not have the necessary skills.","C. they may worry that it will take up too much time."]', 'B. they may not have the necessary skills.', NULL, NULL, 1, NULL, NOW());
INSERT INTO IELTSQuestion (sectionId, questionIndex, questionType, questionText, options, correctAnswer, acceptableAnswers, passageText, score, answerExplanation, createdAt) VALUES
(18043, 30, 'multiple_choice', 'Why do the students decide to use origami in their maths teaching practice?', '["A. to correct a particular misunderstanding","B. to set a challenge","C. to introduce a new concept"]', 'C. to introduce a new concept', NULL, NULL, 1, NULL, NOW());

INSERT INTO IELTSQuestion (sectionId, questionIndex, questionType, questionText, options, correctAnswer, acceptableAnswers, passageText, score, answerExplanation, createdAt) VALUES
(18044, 31, 'fill_blank', NULL, NULL, 'plot', NULL, '## [note]\n## Victor Hugo\n\n## His novel, Les Misérables\n● It has been adapted for theatre and cinema.\n● We know more about its overall {Q31} than about its author.\n\n## His early career\n● In Paris, his career was successful and he led the Romantic movement.\n● He spoke publicly about social issues, such as {Q32} and education.\n● Napoleon III disliked his views and exiled him.\n\n## His exile from France\n● Victor Hugo had to live elsewhere in {Q33}.\n● He used his income from the sale of some {Q34} he had written to buy a house on Guernsey.\n\n## His house on Guernsey\n● Victor Hugo lived in this house until the end of the Empire in France.\n● The ground floor contains portraits, {Q35} and tapestries that he valued.\n● He bought cheap {Q36} made of wood and turned this into beautiful wall carvings.\n● The first floor consists of furnished areas with wallpaper and {Q37} that have a Chinese design.\n● The library still contains many of his favourite books.\n● He wrote in a room at the top of the house that had a view of the {Q38}.\n● He entertained other writers as well as poor {Q39} in his house.\n● Victor Hugo\'s {Q40} gave ownership of the house to the city of Paris in 1927.', 1, NULL, NOW());
INSERT INTO IELTSQuestion (sectionId, questionIndex, questionType, questionText, options, correctAnswer, acceptableAnswers, passageText, score, answerExplanation, createdAt) VALUES
(18044, 32, 'fill_blank', NULL, NULL, 'poverty', NULL, NULL, 1, NULL, NOW());
INSERT INTO IELTSQuestion (sectionId, questionIndex, questionType, questionText, options, correctAnswer, acceptableAnswers, passageText, score, answerExplanation, createdAt) VALUES
(18044, 33, 'fill_blank', NULL, NULL, 'Europe', NULL, NULL, 1, NULL, NOW());
INSERT INTO IELTSQuestion (sectionId, questionIndex, questionType, questionText, options, correctAnswer, acceptableAnswers, passageText, score, answerExplanation, createdAt) VALUES
(18044, 34, 'fill_blank', NULL, NULL, 'poetry', NULL, NULL, 1, NULL, NOW());
INSERT INTO IELTSQuestion (sectionId, questionIndex, questionType, questionText, options, correctAnswer, acceptableAnswers, passageText, score, answerExplanation, createdAt) VALUES
(18044, 35, 'fill_blank', NULL, NULL, 'drawings', NULL, NULL, 1, NULL, NOW());
INSERT INTO IELTSQuestion (sectionId, questionIndex, questionType, questionText, options, correctAnswer, acceptableAnswers, passageText, score, answerExplanation, createdAt) VALUES
(18044, 36, 'fill_blank', NULL, NULL, 'furniture', NULL, NULL, 1, NULL, NOW());
INSERT INTO IELTSQuestion (sectionId, questionIndex, questionType, questionText, options, correctAnswer, acceptableAnswers, passageText, score, answerExplanation, createdAt) VALUES
(18044, 37, 'fill_blank', NULL, NULL, 'lamps', NULL, NULL, 1, NULL, NOW());
INSERT INTO IELTSQuestion (sectionId, questionIndex, questionType, questionText, options, correctAnswer, acceptableAnswers, passageText, score, answerExplanation, createdAt) VALUES
(18044, 38, 'fill_blank', NULL, NULL, 'harbour', NULL, NULL, 1, NULL, NOW());
INSERT INTO IELTSQuestion (sectionId, questionIndex, questionType, questionText, options, correctAnswer, acceptableAnswers, passageText, score, answerExplanation, createdAt) VALUES
(18044, 39, 'fill_blank', NULL, NULL, 'children', NULL, NULL, 1, NULL, NOW());
INSERT INTO IELTSQuestion (sectionId, questionIndex, questionType, questionText, options, correctAnswer, acceptableAnswers, passageText, score, answerExplanation, createdAt) VALUES
(18044, 40, 'fill_blank', NULL, NULL, 'relatives', NULL, NULL, 1, NULL, NOW());

-- 剑桥雅思 18 - Test 1 阅读
INSERT INTO IELTSExam (id, title, type, isFullExam, difficultyLevel, totalQuestions, totalSections, durationMinutes, isPublished, createdAt, updatedAt)
VALUES (1811, '剑桥雅思 18 - Test 1 阅读', 'reading', TRUE, 'intermediate', 40, 3, 60, TRUE, NOW(), NOW());

INSERT INTO IELTSExamSection (id, examId, sectionIndex, title, instructions, audioUrl, imageUrl, createdAt) VALUES
(18111, 1811, 1, 'Passage 1: Urban farming', 'In Paris, urban farmers are trying a soil-free approach to agriculture that uses less space and fewer resources. Could it help cities face the threats to our food supplies?\n\nOn top of a striking new exhibition hall in southern Paris, the world\'s largest urban rooftop farm has started to bear fruit. Strawberries that are small, intensely flavoured and resplendently red sprout abundantly from large plastic tubes. Peer inside and you see the tubes are completely hollow, the roots of dozens of strawberry plants dangling down inside them. From identical vertical tubes nearby burst row upon row of lettuces; near those are aromatic herbs, such as basil, sage and peppermint. Opposite, in narrow, horizontal trays packed not with soil but with coconut fibre, grow cherry tomatoes, shiny aubergines and brightly coloured chards.\n\nPascal Hardy, an engineer and sustainable development consultant, began experimenting with vertical farming and aeroponic growing towers – as the soil-free plastic tubes are known – on his Paris apartment block roof five years ago. The urban rooftop space above the exhibition hall is somewhat bigger: 14,000 square metres and almost exactly the size of a couple of football pitches. Already, the team of young urban farmers who tend it have picked, in one day, 3,000 lettuces and 150 punnets of strawberries. When the remaining two thirds of the vast open area are in production, 20 staff will harvest up to 1,000 kg of perhaps 35 different varieties of fruit and vegetables, every day. \'We\'re not ever, obviously, going to feed the whole city this way,\' cautions Hardy. \'In the urban environment you\'re working with very significant practical constraints, clearly, on what you can do and where. But if enough unused space can be developed like this, there\'s no reason why you shouldn\'t eventually target maybe between 5% and 10% of consumption.\'\n\nPerhaps most significantly, however, this is a real-life showcase for the work of Hardy\'s flourishing urban agriculture consultancy, Agripolis, which is currently fielding enquiries from around the world to design, build and equip a new breed of soil-free inner-city farm. \'The method\'s advantages are many,\' he says. \'First, I don\'t much like the fact that most of the fruit and vegetables we eat have been treated with something like 17 different pesticides, or that the intensive farming techniques that produced them are such huge generators of greenhouse gases. I don\'t much like the fact, either, that they\'ve travelled an average of 2,000 refrigerated kilometres to my plate, that their quality is so poor, because the varieties are selected for their capacity to withstand such substantial journeys, or that 80% of the price I pay goes to wholesalers and transport companies, not the producers.\'\n\nProduce grown using this soil-free method, on the other hand – which relies solely on a small quantity of water, enriched with organic nutrients, pumped around a closed circuit of pipes, towers and trays – is \'produced up here, and sold locally, just down there. It barely travels at all,\' Hardy says. \'You can select crop varieties for their flavour, not their resistance to the transport and storage chain, and you can pick them when they\'re really at their best, and not before.\' No soil is exhausted, and the water that gently showers the plants\' roots every 12 minutes is recycled, so the method uses 90% less water than a classic intensive farm for the same yield.\n\nUrban farming is not, of course, a new phenomenon. Inner-city agriculture is booming from Shanghai to Detroit and Tokyo to Bangkok.\n\nStrawberries are being grown in disused shipping containers, mushrooms in underground carparks. Aeroponic farming, he says, is \'virtuous\'. The equipment weighs little, can be installed on almost any flat surface and is cheap to buy: roughly €100 to €150 per square metre. It is cheap to run, too, consuming a tiny fraction of the electricity used by some techniques.\n\nProduce grown this way typically sells at prices that, while generally higher than those of classic intensive agriculture, are lower than soil-based organic growers. There are limits to what farmers can grow this way, of course, and much of the produce is suited to the summer months. \'Root vegetables we cannot do, at least not yet,\' he says. \'Radishes are OK, but carrots, potatoes, that kind of thing – the roots are simply too long. Fruit trees are obviously not an option. And beans tend to take up a lot of space for not much return.\' Nevertheless, urban farming of the kind being practised in Paris is one part of a bigger and fast-changing picture that is bringing food production closer to our lives.\n\nComplete the summary below.\nChoose NO MORE THAN TWO WORDS/OR A NUMBER  from the passage for each answer.\nWrite your answers in boxes 1–3 on your answer sheet.\n\nComplete the table below.\nChoose ONE WORD ONLY from the passage for each answer.\nWrite your answers in boxes 4-7 on your answer sheet.\n\nDo the following statements agree with the information given in Reading Passage 1?\nIn boxes 8-13 on your answer sheet, write\n TRUE if the statement agrees with the information\n FALSE if the statement contradicts the information\n NOT GIVEN if there is no information on this', NULL, NULL, NOW());
INSERT INTO IELTSExamSection (id, examId, sectionIndex, title, instructions, audioUrl, imageUrl, createdAt) VALUES
(18112, 1811, 2, 'Passage 2: Forest management in Pennsylvania, USA', 'How managing low-quality wood (also known as low-use wood) for bioenergy can encourage sustainable forest management\n\nA\nA tree\'s \'value\' depends on several factors including its species, size, form, condition, quality, function, and accessibility, and depends on the management goals for a given forest. The same tree can be valued very differently by each person who looks at it. A large, straight black cherry tree has high value as timber to be cut into logs or made into furniture, but for a landowner more interested in wildlife habitat, the real value of that stem (or trunk) may be the food it provides to animals. Likewise, if the tree suffers from black knot disease, its value for timber decreases, but to a woodworker interested in making bowls, it brings an opportunity for a unique and beautiful piece of art. \n\nB\nIn the past, Pennsylvania landowners were solely interested in the value of their trees as high-quality timber. The norm was to remove the stems of highest quality and leave behind poorly formed trees that were not as well suited to the site where they grew. This practice, called \'high-grading\', has left a legacy of \'low-use wood\' in the forests. Some people even call these \'junk trees\', and they are abundant in Pennsylvania. These trees have lower economic value for traditional timber markets, compete for growth with higher-value trees, shade out desirable regeneration and decrease the health of a stand* leaving it more vulnerable to poor weather and disease. Management that specifically targets low-use wood can help landowners manage these forest health issues, and wood energy markets help promote this.\n\nC\nWood energy markets can accept less expensive wood material of lower quality than would be suitable for traditional timber markets. Most wood used for energy in Pennsylvania is used to produce heat or electricity through combustion. Many schools and hospitals use wood boiler systems to heat and power their facilities, many homes are primarily heated with wood, and some coal plants incorporate wood into their coal streams to produce electricity. Wood can also be gasified for electrical generation and can even be made into liquid fuels like ethanol and gasoline for lorries and cars. All these products are made primarily from low-use wood. Several tree- and plant-cutting approaches, which could greatly improve the long-term quality of a forest, focus strongly or solely on the use of wood for those markets.* Stand – An area covered with trees that have common features (e.g. size)\n\nD\nOne such approach is called a Timber Stand Improvement (TSI) Cut. In a TSI Cut, really poor-quality tree and plant material is cut down to allow more space, light, and other resources to the highest-valued stems that remain. Removing invasive plants might be another primary goal of a TSI Cut. The stems that are left behind might then grow in size and develop more foliage and larger crowns or tops that produce more coverage for wildlife; they have a better chance to regenerate in a less crowded environment. TSI Cuts can be tailored to one farmer\'s specific management goals for his or her land. \n\nE\nAnother approach that might yield a high amount of low-use wood is a Salvage Cut. With the many pests and pathogens visiting forests including hemlock wooly adelgid, Asian longhorned beetle, emerald ash borer, and gypsy moth, to name just a few, it is important to remember that those working in the forests can help ease these issues through cutting procedures. These types of cut reduce the number of sick trees and seek to manage the future spread of a pest problem. They leave vigorous trees that have stayed healthy enough to survive the outbreak.\n\nF\nA Shelterwood Cut, which only takes place in a mature forest that has already been thinned several times, involves removing all the mature trees when other seedlings have become established. This then allows the forester to decide which tree species are regenerated. It leaves a young forest where all trees are at a similar point in their growth. It can also be used to develop a two-tier forest so that there are two harvests and the money that comes in is spread out over a decade or more.\n\nG\nThinnings and dense and dead wood removal for fire prevention also center on the production of low-use wood. However, it is important to remember that some retention of what many would classify as low-use wood is very important. The tops of trees that have been cut down should be left on the site so that their nutrients cycle back into the soil. In addition, trees with many cavities are extremely important habitats for insect predators like woodpeckers, bats and small mammals. They help control problem insects and increase the health and resilience of the forest. It is also important to remember that not all small trees are low-use. For example, many species like hawthorn provide food for wildlife. Finally, rare species of trees in a forest should also stay behind as they add to its structural diversity.\n\nReading Passage 2 has seven paragraphs,  A-G .\nWhich paragraph contains the following information?\nWrite the correct letter, A-G , in boxes 14-18 on your answer sheet.\n NB You may use any letter more than once.\n\nLook at the following purposes (Questions 19-21) and the list of timber cuts below.\nMatch each purpose with the correct timber cut, A , B or C .\nWrite the correct letter, A , B or C , in boxes 19-21 on your answer sheet.\n NB You may use any letter more than once.\n\nComplete the sentences below.\nChoose  ONE WORD ONLY  from the passage for each answer.', NULL, NULL, NOW());
INSERT INTO IELTSExamSection (id, examId, sectionIndex, title, instructions, audioUrl, imageUrl, createdAt) VALUES
(18113, 1811, 3, 'Passage 3: Conquering Earth\'s space junk problem', 'Satellites, rocket shards and collision debris are creating major traffic risks in orbit around the planet. Researchers are working to reduce these threats\n\nA\nLast year, commercial companies, military and civil departments and amateurs sent more than 400 satellites into orbit, over four times the yearly average in the previous decade. Numbers could rise even more sharply if leading space companies follow through on plans to deploy hundreds to thousands of large constellations of satellites to space in the next few years.  \n\nAll that traffic can lead to disaster. Ten years ago, a US commercial Iridium satellite smashed into an inactive Russian communications satellite called Cosmos-2251, creating thousands of new pieces of space shrapnel that now threaten other satellites in low Earth orbit – the zone stretching up to 2,000 kilometres in altitude. Altogether, there are roughly 20,000 human-made objects in orbit, from working satellites to small rocket pieces. And satellite operators can\'t steer away from every potential crash, because each move consumes time and fuel that could otherwise be used for the spacecraft\'s main job.\n\nB\nConcern about space junk goes back to the beginning of the satellite era, but the number of objects in orbit is rising so rapidly that researchers are investigating new ways of attacking the problem. Several teams are trying to improve methods for assessing what is in orbit, so that satellite operators can work more efficiently in ever-more-crowded space. Some researchers are now starting to compile a massive data set that includes the best possible information on where everything is in orbit. Others are developing taxonomies of space debris – working on measuring properties such as the shape and size of an object, so that satellite operators know how much to worry about what\'s coming their way.\n\nThe alternative, many say, is unthinkable. Just a few uncontrolled space crashes could generate enough debris to set off a runaway cascade of fragments, rendering near-Earth space unusable. \'If we go on like this, we will reach a point of no return,\' says Carolin Frueh, an astrodynamical researcher at Purdue University in West Lafayette, Indiana.\n\nC\nEven as our ability to monitor space objects increases, so too does the total number of items in orbit. That means companies, governments and other players in space are collaborating in new ways to avoid a shared threat. International groups such as the Inter-Agency Space Debris Coordination Committee have developed guidelines on space sustainability. Those include inactivating satellites at the end of their useful life by venting pressurised materials or leftover fuel that might lead to explosions. The intergovernmental groups also advise lowering satellites deep enough into the atmosphere that they will burn up or disintegrate within 25 years. But so far, only about half of all missions have abided by this 25-year goal, says Holger Krag, head of the European Space Agency\'s space-debris office in Darmstadt, Germany. Operators of the planned large constellations of satellites say they will be responsible stewards in their enterprises in space, but Krag worries that problems could increase, despite their best intentions. \'What happens to those that fail or go bankrupt?\' he asks. \'They are probably not going to spend money to remove their satellites from space.\'\n\nD\nIn theory, given the vastness of space, satellite operators should have plenty of room for all these missions to fly safely without ever nearing another object. So some scientists are tackling the problem of space junk by trying to find out where all the debris is to a high degree of precision. That would alleviate the need for many of the unnecessary manoeuvres that are carried out to avoid potential collisions. \'If you knew precisely where everything was, you would almost never have a problem,\' says Marlon Sorge, a space-debris specialist at the Aerospace Corporation in El Segundo, California.\n\nE\nThe field is called space traffic management, because it\'s similar to managing traffic on the roads or in the air. Think about a busy day at an airport, says Moriba Jah, an astrodynamicist at the University of Texas at Austin: planes line up in the sky, landing and taking off close to one another in a carefully choreographed routine. Air-traffic controllers know the location of the planes down to one metre in accuracy. The same can\'t be said for space debris. Not all objects in orbit are known, and even those included in databases are not tracked consistently.\n\nF\nAn additional problem is that there is no authoritative catalogue that accurately lists the orbits of all known space debris. Jah illustrates this with a web-based database that he has developed. It draws on several sources, such as catalogues maintained by the US and Russian governments, to visualise where objects are in space. When he types in an identifier for a particular space object, the database draws a purple line to designate its orbit. Only this doesn\'t quite work for a number of objects, such as a Russian rocket body designated in the database as object number 32280. When Jah enters that number, the database draws two purple lines: the US and Russian sources contain two completely different orbits for the same object. Jah says that it is almost impossible to tell which is correct, unless a third source of information made it possible to cross-correlate. \n\nJah describes himself as a space environmentalist: \'I want to make space a place that is safe to operate, that is free and useful for generations to come.\' Until that happens, he argues, the space community will continue devolving into a tragedy in which all spaceflight operators are polluting a common resource.\n\nReading Passage 3 has six sections,  A-F .\nWhich section contains the following information?\nWrite the correct letter, A-F , in boxes 27-31 on your answer sheet.\n\nComplete the summary below.\nChoose ONE WORD ONLY from the passage for each answer.\nWrite your answers in boxes 32-35 on your answer sheet.\n\nLook at the following statements (Questions 36-40) and the list of people below.\nMatch each statement with the correct person, A , B , C or D .\nWrite the correct letter, A , B , C or D , in boxes 36-40 on your answer sheet.\n NB You may use any letter more than once.', NULL, NULL, NOW());

INSERT INTO IELTSQuestion (sectionId, questionIndex, questionType, questionText, options, correctAnswer, acceptableAnswers, passageText, score, answerExplanation, createdAt) VALUES
(18111, 1, 'fill_blank', 'Vertical tubes are used to grow strawberries, ______ and herbs.', NULL, 'lettuces', NULL, '## Urban farming in Paris\n\nVertical tubes are used to grow strawberries, (1) ______ and herbs.\n\nThere will eventually be a daily harvest of as much as  (2) ______  in weight of fruit and vegetables.\n\nIt may be possible that the farm`s produce will account for as much as 10% of the city`s  (3) ______ overall.', 1, NULL, NOW());
INSERT INTO IELTSQuestion (sectionId, questionIndex, questionType, questionText, options, correctAnswer, acceptableAnswers, passageText, score, answerExplanation, createdAt) VALUES
(18111, 2, 'fill_blank', 'There will eventually be a daily harvest of as much as ______ in weight of fruit and vegetables.', NULL, '1, 000 kg|1000 kg|1000kg', NULL, NULL, 1, NULL, NOW());
INSERT INTO IELTSQuestion (sectionId, questionIndex, questionType, questionText, options, correctAnswer, acceptableAnswers, passageText, score, answerExplanation, createdAt) VALUES
(18111, 3, 'fill_blank', 'It may be possible that the farm`s produce will account for as much as 10% of the city`s ______ overall.', NULL, 'food consumption|consumption', NULL, NULL, 1, NULL, NOW());
INSERT INTO IELTSQuestion (sectionId, questionIndex, questionType, questionText, options, correctAnswer, acceptableAnswers, passageText, score, answerExplanation, createdAt) VALUES
(18111, 4, 'fill_blank', '• wide range of ______ used', NULL, 'pesticides', NULL, '## Intensive farming versus aeroponic urban farming\n                \n            \n        \n        \n            \n            \n                Growth\n            \n            \n                Selection\n            \n            \n                Sale\n            \n        \n        \n            \n                \n                    Intensive \n                \n                \n                    farming\n                \n            \n            \n                \n                    \n                \n                \n                    • wide range of (4) ______ used\n                \n                \n                    \n                \n                \n                    • techniques pollute air\n                \n                \n                    \n                \n            \n            \n                \n                    \n                \n                \n                    • quality not good \n                \n                \n                    \n                \n                \n                    • varieties of fruit and \n                \n                \n                    vegetables chosen that can \n                \n                \n                    survive long (5) ______\n                \n                \n                    \n                \n            \n            \n                \n                    • (6) ______ receive very little of overall \n                \n                \n                    income Aeroponic\n                \n            \n        \n        \n            \n                \n                    Aeroponic \n                \n                \n                    urban \n                \n                \n                    farming\n                \n            \n            \n                \n                    \n                \n                \n                    • no soil used\n                \n                \n                    \n                \n                \n                    • nutrients added to \n                \n                \n                    water, which is recycled\n                \n                \n                    \n                \n            \n            \n                \n                    • produce chosen because of \n                \n                \n                    its (7) ______', 1, NULL, NOW());
INSERT INTO IELTSQuestion (sectionId, questionIndex, questionType, questionText, options, correctAnswer, acceptableAnswers, passageText, score, answerExplanation, createdAt) VALUES
(18111, 5, 'fill_blank', 'survive long ______', NULL, 'journeys', NULL, NULL, 1, NULL, NOW());
INSERT INTO IELTSQuestion (sectionId, questionIndex, questionType, questionText, options, correctAnswer, acceptableAnswers, passageText, score, answerExplanation, createdAt) VALUES
(18111, 6, 'fill_blank', '• ______ receive very little of overall', NULL, 'producers', NULL, NULL, 1, NULL, NOW());
INSERT INTO IELTSQuestion (sectionId, questionIndex, questionType, questionText, options, correctAnswer, acceptableAnswers, passageText, score, answerExplanation, createdAt) VALUES
(18111, 7, 'fill_blank', 'its ______', NULL, 'flavour|flavor', NULL, NULL, 1, NULL, NOW());
INSERT INTO IELTSQuestion (sectionId, questionIndex, questionType, questionText, options, correctAnswer, acceptableAnswers, passageText, score, answerExplanation, createdAt) VALUES
(18111, 8, 'true_false', 'Urban farming can take place above or below ground.', NULL, 'TRUE', NULL, NULL, 1, NULL, NOW());
INSERT INTO IELTSQuestion (sectionId, questionIndex, questionType, questionText, options, correctAnswer, acceptableAnswers, passageText, score, answerExplanation, createdAt) VALUES
(18111, 9, 'true_false', 'Some of the equipment used in aeroponic farming can be made by hand.', NULL, 'NOT GIVEN', NULL, NULL, 1, NULL, NOW());
INSERT INTO IELTSQuestion (sectionId, questionIndex, questionType, questionText, options, correctAnswer, acceptableAnswers, passageText, score, answerExplanation, createdAt) VALUES
(18111, 10, 'true_false', 'Urban farming relies more on electricity than some other types of farming.', NULL, 'FALSE', NULL, NULL, 1, NULL, NOW());
INSERT INTO IELTSQuestion (sectionId, questionIndex, questionType, questionText, options, correctAnswer, acceptableAnswers, passageText, score, answerExplanation, createdAt) VALUES
(18111, 11, 'true_false', 'Fruit and vegetables grown on an aeroponic urban farm are cheaper than traditionally grown organic produce.', NULL, 'TRUE', NULL, NULL, 1, NULL, NOW());
INSERT INTO IELTSQuestion (sectionId, questionIndex, questionType, questionText, options, correctAnswer, acceptableAnswers, passageText, score, answerExplanation, createdAt) VALUES
(18111, 12, 'true_false', 'Most produce can be grown on an aeroponic urban farm at any time of the year.', NULL, 'FALSE', NULL, NULL, 1, NULL, NOW());
INSERT INTO IELTSQuestion (sectionId, questionIndex, questionType, questionText, options, correctAnswer, acceptableAnswers, passageText, score, answerExplanation, createdAt) VALUES
(18111, 13, 'true_false', 'Beans take longer to grow on an urban farm than other vegetables.', NULL, 'NOT GIVEN', NULL, NULL, 1, NULL, NOW());

INSERT INTO IELTSQuestion (sectionId, questionIndex, questionType, questionText, options, correctAnswer, acceptableAnswers, passageText, score, answerExplanation, createdAt) VALUES
(18112, 14, 'matching', 'bad outcomes for a forest when people focus only on its financial reward', '["A","B","C","D","E","F","G"]', 'B', NULL, NULL, 1, NULL, NOW());
INSERT INTO IELTSQuestion (sectionId, questionIndex, questionType, questionText, options, correctAnswer, acceptableAnswers, passageText, score, answerExplanation, createdAt) VALUES
(18112, 15, 'matching', 'reference to the aspects of any tree that contribute to its worth', '["A","B","C","D","E","F","G"]', 'A', NULL, NULL, 1, NULL, NOW());
INSERT INTO IELTSQuestion (sectionId, questionIndex, questionType, questionText, options, correctAnswer, acceptableAnswers, passageText, score, answerExplanation, createdAt) VALUES
(18112, 16, 'matching', 'mention of the potential use of wood to help run vehicles', '["A","B","C","D","E","F","G"]', 'C', NULL, NULL, 1, NULL, NOW());
INSERT INTO IELTSQuestion (sectionId, questionIndex, questionType, questionText, options, correctAnswer, acceptableAnswers, passageText, score, answerExplanation, createdAt) VALUES
(18112, 17, 'matching', 'examples of insects that attack trees', '["A","B","C","D","E","F","G"]', 'E', NULL, NULL, 1, NULL, NOW());
INSERT INTO IELTSQuestion (sectionId, questionIndex, questionType, questionText, options, correctAnswer, acceptableAnswers, passageText, score, answerExplanation, createdAt) VALUES
(18112, 18, 'matching', 'an alternative name for trees that produce low-use wood', '["A","B","C","D","E","F","G"]', 'B', NULL, NULL, 1, NULL, NOW());
INSERT INTO IELTSQuestion (sectionId, questionIndex, questionType, questionText, options, correctAnswer, acceptableAnswers, passageText, score, answerExplanation, createdAt) VALUES
(18112, 19, 'matching', 'to remove trees that are diseased', '["a TSI Cut","a Salvage Cut","a Shelterwood Cut"]', 'a Salvage Cut', NULL, NULL, 1, NULL, NOW());
INSERT INTO IELTSQuestion (sectionId, questionIndex, questionType, questionText, options, correctAnswer, acceptableAnswers, passageText, score, answerExplanation, createdAt) VALUES
(18112, 20, 'matching', 'to generate income across a number of years', '["a TSI Cut","a Salvage Cut","a Shelterwood Cut"]', 'a Shelterwood Cut', NULL, NULL, 1, NULL, NOW());
INSERT INTO IELTSQuestion (sectionId, questionIndex, questionType, questionText, options, correctAnswer, acceptableAnswers, passageText, score, answerExplanation, createdAt) VALUES
(18112, 21, 'matching', 'to create a forest whose trees are close in age', '["a TSI Cut","a Salvage Cut","a Shelterwood Cut"]', 'a Shelterwood Cut', NULL, NULL, 1, NULL, NOW());
INSERT INTO IELTSQuestion (sectionId, questionIndex, questionType, questionText, options, correctAnswer, acceptableAnswers, passageText, score, answerExplanation, createdAt) VALUES
(18112, 22, 'fill_blank', 'Some dead wood is removed to avoid the possibility of ______.', NULL, 'fire', NULL, '## Some dead wood is removed to avoid the possibility of (22) ______.\n\nThe  (23) ______  from the tops of cut trees can help improve soil quality.\n\nSome damaged trees should be left, as their (24) ______ provide habitats for a range of creatures.\n\nSome trees that are small, such as (25) ______, are a source of food for animals and insects.\n\nAny trees that are (26) ______  should be left to grow, as they add to the variety of species in the forest.', 1, NULL, NOW());
INSERT INTO IELTSQuestion (sectionId, questionIndex, questionType, questionText, options, correctAnswer, acceptableAnswers, passageText, score, answerExplanation, createdAt) VALUES
(18112, 23, 'fill_blank', 'The ______ from the tops of cut trees can help improve soil quality.', NULL, 'nutrients', NULL, NULL, 1, NULL, NOW());
INSERT INTO IELTSQuestion (sectionId, questionIndex, questionType, questionText, options, correctAnswer, acceptableAnswers, passageText, score, answerExplanation, createdAt) VALUES
(18112, 24, 'fill_blank', 'Some damaged trees should be left, as their ______ provide habitats for a range of creatures.', NULL, 'cavities', NULL, NULL, 1, NULL, NOW());
INSERT INTO IELTSQuestion (sectionId, questionIndex, questionType, questionText, options, correctAnswer, acceptableAnswers, passageText, score, answerExplanation, createdAt) VALUES
(18112, 25, 'fill_blank', 'Some trees that are small, such as ______, are a source of food for animals and insects.', NULL, 'hawthorn', NULL, NULL, 1, NULL, NOW());
INSERT INTO IELTSQuestion (sectionId, questionIndex, questionType, questionText, options, correctAnswer, acceptableAnswers, passageText, score, answerExplanation, createdAt) VALUES
(18112, 26, 'fill_blank', 'Any trees that are ______ should be left to grow, as they add to the variety of species in the forest.', NULL, 'rare', NULL, NULL, 1, NULL, NOW());

INSERT INTO IELTSQuestion (sectionId, questionIndex, questionType, questionText, options, correctAnswer, acceptableAnswers, passageText, score, answerExplanation, createdAt) VALUES
(18113, 27, 'matching', 'a reference to the cooperation that takes place to try and minimise risk', '["A","B","C","D","E","F"]', 'C', NULL, NULL, 1, NULL, NOW());
INSERT INTO IELTSQuestion (sectionId, questionIndex, questionType, questionText, options, correctAnswer, acceptableAnswers, passageText, score, answerExplanation, createdAt) VALUES
(18113, 28, 'matching', 'an explanation of a person\'s aims', '["A","B","C","D","E","F"]', 'F', NULL, NULL, 1, NULL, NOW());
INSERT INTO IELTSQuestion (sectionId, questionIndex, questionType, questionText, options, correctAnswer, acceptableAnswers, passageText, score, answerExplanation, createdAt) VALUES
(18113, 29, 'matching', 'a description of a major collision that occurred in space', '["A","B","C","D","E","F"]', 'A', NULL, NULL, 1, NULL, NOW());
INSERT INTO IELTSQuestion (sectionId, questionIndex, questionType, questionText, options, correctAnswer, acceptableAnswers, passageText, score, answerExplanation, createdAt) VALUES
(18113, 30, 'matching', 'a comparison between tracking objects in space and the efficiency of a transportation system', '["A","B","C","D","E","F"]', 'E', NULL, NULL, 1, NULL, NOW());
INSERT INTO IELTSQuestion (sectionId, questionIndex, questionType, questionText, options, correctAnswer, acceptableAnswers, passageText, score, answerExplanation, createdAt) VALUES
(18113, 31, 'matching', 'a reference to efforts to classify space junk', '["A","B","C","D","E","F"]', 'B', NULL, NULL, 1, NULL, NOW());
INSERT INTO IELTSQuestion (sectionId, questionIndex, questionType, questionText, options, correctAnswer, acceptableAnswers, passageText, score, answerExplanation, createdAt) VALUES
(18113, 32, 'fill_blank', 'The committee gives advice on how the ______ of space can be achieved. The committee advises that when satellites are no longer active, any unused ______ or pressurised material that could cause ______ should be removed.', NULL, 'sustainability', NULL, '## The Inter-Agency Space Debris Coordination Committee\n\nThe committee gives advice on how the (32) ______ of space can be achieved. The committee advises that when satellites are no longer active, any unused  (33) ______ or pressurised material that could cause  (34) ______  should be removed.\n\n\nAlthough operators of large satellite constellations accept that they have obligations as stewards of space, Holger Krag points out that the operators that become   (35) ______ are unlikely to prioritise removing their satellites from space.', 1, NULL, NOW());
INSERT INTO IELTSQuestion (sectionId, questionIndex, questionType, questionText, options, correctAnswer, acceptableAnswers, passageText, score, answerExplanation, createdAt) VALUES
(18113, 33, 'fill_blank', 'The committee gives advice on how the ______ of space can be achieved. The committee advises that when satellites are no longer active, any unused ______ or pressurised material that could cause ______ should be removed.', NULL, 'fuel', NULL, NULL, 1, NULL, NOW());
INSERT INTO IELTSQuestion (sectionId, questionIndex, questionType, questionText, options, correctAnswer, acceptableAnswers, passageText, score, answerExplanation, createdAt) VALUES
(18113, 34, 'fill_blank', 'The committee gives advice on how the ______ of space can be achieved. The committee advises that when satellites are no longer active, any unused ______ or pressurised material that could cause ______ should be removed.', NULL, 'explosions', NULL, NULL, 1, NULL, NOW());
INSERT INTO IELTSQuestion (sectionId, questionIndex, questionType, questionText, options, correctAnswer, acceptableAnswers, passageText, score, answerExplanation, createdAt) VALUES
(18113, 35, 'fill_blank', 'Although operators of large satellite constellations accept that they have obligations as stewards of space, Holger Krag points out that the operators that become ______ are unlikely to prioritise removing their satellites from space.', '["A. Kessler","B. Schafer","C. Liou","D. Klinkrad"]', 'bankrupt', NULL, NULL, 1, NULL, NOW());
INSERT INTO IELTSQuestion (sectionId, questionIndex, questionType, questionText, options, correctAnswer, acceptableAnswers, passageText, score, answerExplanation, createdAt) VALUES
(18113, 36, 'matching', 'Knowing the exact location of space junk would help prevent any possible danger.', '["Carolin Frueh","Holger Krag","Marlon Sorge","Moriba Jah"]', 'Marlon Sorge', NULL, NULL, 1, NULL, NOW());
INSERT INTO IELTSQuestion (sectionId, questionIndex, questionType, questionText, options, correctAnswer, acceptableAnswers, passageText, score, answerExplanation, createdAt) VALUES
(18113, 37, 'matching', 'Space should be available to everyone and should be preserved for the future.', '["Carolin Frueh","Holger Krag","Marlon Sorge","Moriba Jah"]', 'Moriba Jah', NULL, NULL, 1, NULL, NOW());
INSERT INTO IELTSQuestion (sectionId, questionIndex, questionType, questionText, options, correctAnswer, acceptableAnswers, passageText, score, answerExplanation, createdAt) VALUES
(18113, 38, 'matching', 'A recommendation regarding satellites is widely ignored.', '["Carolin Frueh","Holger Krag","Marlon Sorge","Moriba Jah"]', 'Holger Krag', NULL, NULL, 1, NULL, NOW());
INSERT INTO IELTSQuestion (sectionId, questionIndex, questionType, questionText, options, correctAnswer, acceptableAnswers, passageText, score, answerExplanation, createdAt) VALUES
(18113, 39, 'matching', 'There is conflicting information about where some satellites are in space.', '["Carolin Frueh","Holger Krag","Marlon Sorge","Moriba Jah"]', 'Moriba Jah', NULL, NULL, 1, NULL, NOW());
INSERT INTO IELTSQuestion (sectionId, questionIndex, questionType, questionText, options, correctAnswer, acceptableAnswers, passageText, score, answerExplanation, createdAt) VALUES
(18113, 40, 'matching', 'There is a risk we will not be able to undo the damage that occurs in space.', '["Carolin Frueh","Holger Krag","Marlon Sorge","Moriba Jah"]', 'Carolin Frueh', NULL, NULL, 1, NULL, NOW());

-- 剑桥雅思 18 - Test 2 阅读
INSERT INTO IELTSExam (id, title, type, isFullExam, difficultyLevel, totalQuestions, totalSections, durationMinutes, isPublished, createdAt, updatedAt)
VALUES (1812, '剑桥雅思 18 - Test 2 阅读', 'reading', TRUE, 'intermediate', 40, 3, 60, TRUE, NOW(), NOW());

INSERT INTO IELTSExamSection (id, examId, sectionIndex, title, instructions, audioUrl, imageUrl, createdAt) VALUES
(18121, 1812, 1, 'Passage 1: Stonehenge', 'For centuries, historians and archaeologists have puzzled over the many mysteries of Stonehenge, a prehistoric monument that took an estimated 1,500 years to erect. Located on Salisbury Plain in southern England, it is comprised of roughly 100 massive upright stones placed in a circular layout.\n\nArchaeologists believe England\'s most iconic prehistoric ruin was built in several stages, with the earliest constructed 5,000 or more years ago. First, Neolithic* Britons used primitive tools, which may have been fashioned out of deer antlers, to dig a massive circular ditch and bank, or henge. Deep pits dating back to that era and located within the circle may have once held a ring of timber posts, according to some scholars.\n\nSeveral hundred years later, it is thought, Stonehenge\'s builders hoisted an estimated 80 bluestones, 43 of which remain today, into standing positions and placed them in either a horseshoe or circular formation. These stones have been traced all the way to the Preseli Hills in Wales, some 300 kilometres from Stonehenge. How, then, did prehistoric builders without sophisticated tools or engineering haul these boulders, which weigh up to four tons, over such a great distance?\n\nAccording to one long-standing theory among archaeologists, Stonehenge\'s builders fashioned sledges and rollers out of tree trunks to lug the bluestones from the Preseli Hills. They then transferred the boulders onto rafts and floated them first along the Welsh coast and then up the River Avon toward Salisbury Plain; alternatively, they may have towed each stone with a fleet of vessels. More recent archaeological hypotheses have them transporting the bluestones with supersized wicker baskets on a combination of ball bearings and long grooved planks, hauled by oxen.\n\nAs early as the 1970s, geologists have been adding their voices to the debate over how Stonehenge came into being. Challenging the classic image of industrious builders pushing, carting, rolling or hauling giant stones from faraway Wales, some scientists have suggested that it was glaciers, not humans, that carried the bluestones to Salisbury Plain. Most archaeologists have remained sceptical about this theory, however, wondering how the forces of nature could possibly have delivered the exact number of stones needed to complete the circle.\n\nThe third phase of construction took place around 2000 BCE. At this point, sandstone slabs – known as \'sarsens\' – were arranged into an outer crescent or ring; some were assembled into the iconic three-pieced structures called trilithons that stand tall in the centre of Stonehenge. Some 50 of these stones are now visible on the site, which may once have contained many more. Radiocarbon dating has revealed that work continued at Stonehenge until roughly 1600 BCE, with the bluestones in particular being repositioned multiple times.\n\nBut who were the builders of Stonehenge? In the 17th century, archaeologist John Aubrey made the claim that Stonehenge was the work of druids, who had important religious, judicial and political roles in Celtic** society. This theory was widely popularized by the antiquarian William Stukeley, who had unearthed primitive graves at the site. Even today, people who identify as modern druids continue to gather at Stonehenge for the summer solstice. However, in the mid-20th century, radiocarbon dating demonstrated that Stonehenge stood more than 1,000 years before the Celts inhabited the region.\n\nMany modern historians and archaeologists now agree that several distinct tribes of people contributed to Stonehenge, each undertaking a different phase of its construction. Bones, tools and other artefacts found on the site seem to support this hypothesis. The first stage was achieved by Neolithic agrarians who were likely to have been indigenous to the British Isles. Later, it is believed, groups with advanced tools and a more communal way of life left their mark on the site. Some believe that they were immigrants from the European continent, while others maintain that they were probably native Britons, descended from the original builders.\n\nIf the facts surrounding the architects and construction of Stonehenge remain shadowy at best, the purpose of the striking monument is even more of a mystery. While there is consensus among the majority of modern scholars that Stonehenge once served the function of burial ground, they have yet to determine what other purposes it had.\n\nIn the 1960s, the astronomer Gerald Hawkins suggested that the cluster of megalithic stones operated as a form of calendar, with different points corresponding to astrological phenomena such as solstices, equinoxes and eclipses occurring at different times of the year. While his theory has received a considerable amount of attention over the decades, critics maintain that Stonehenge\'s builders probably lacked the knowledge necessary to predict such events or that England\'s dense cloud cover would have obscured their view of the skies. \n\nMore recently, signs of illness and injury in the human remains unearthed at Stonehenge led a group of British archaeologists to speculate that it was considered a place of healing, perhaps because bluestones were thought to have curative powers.\n\nComplete the notes below.\nChoose NO MORE THAN TWO WORDS  from the passage for each answer.\nWrite your answers in boxes 1-8 on your answer sheet.\n\nDo the following statements agree with the information given in Reading Passage 1?\nIn boxes 9-13 on your answer sheet, write\n TRUE if the statement agrees with the information\n FALSE if the statement contradicts the information\n NOT GIVEN if there is no information on this', NULL, NULL, NOW());
INSERT INTO IELTSExamSection (id, examId, sectionIndex, title, instructions, audioUrl, imageUrl, createdAt) VALUES
(18122, 1812, 2, 'Passage 2: Living with artificial intelligence', 'Powerful artificial intelligence (AI) needs to be reliably aligned with human values, but does this mean AI will eventually have to police those values?\n\nThis has been the decade of AI, with one astonishing feat after another. A chessplaying AI that can defeat not only all human chess players, but also all previous human-programmed chess machines, after learning the game in just four hours? That\'s yesterday\'s news, what\'s next? True, these prodigious accomplishments are all in socalled narrow AI, where machines perform highly specialised tasks. But many experts believe this restriction is very temporary. By mid-century, we may have artificial general intelligence (AGI) – machines that can achieve human-level performance on the full range of tasks that we ourselves can tackle.\n\nIf so, there\'s little reason to think it will stop there. Machines will be free of many of the physical constraints on human intelligence. Our brains run at slow biochemical processing speeds on the power of a light bulb, and their size is restricted by the dimensions of the human birth canal. It is remarkable what they accomplish, given these handicaps. But they may be as far from the physical limits of thought as our eyes are from the incredibly powerful Webb Space Telescope.\n\nOnce machines are better than us at designing even smarter machines, progress towards these limits could accelerate. What would this mean for us? Could we ensure a safe and worthwhile coexistence with such machines? On the plus side, AI is already useful and profitable for many things, and super AI might be expected to be super useful, and super profitable. But the more powerful AI becomes, the more important it will be to specify its goals with great care. Folklore is full of tales of people who ask for the wrong thing, with disastrous consequences – King Midas, for example, might have wished that everything he touched turned to gold, but didn\'t really intend this to apply to his breakfast.\n\nSo we need to create powerful AI machines that are \'human-friendly\' – that have goals reliably aligned with our own values. One thing that makes this task difficult is that we are far from reliably human-friendly ourselves. We do many terrible things to each other and to many other creatures with whom we share the planet. If superintelligent machines don\'t do a lot better than us, we\'ll be in deep trouble. We\'ll have powerful new intelligence amplifying the dark sides of our own fallible natures.\n\nFor safety\'s sake, then, we want the machines to be ethically as well as cognitively superhuman. We want them to aim for the moral high ground, not for the troughs in which many of us spend some of our time. Luckily they\'ll be smart enough for the job. If there are routes to the moral high ground, they\'ll be better than us at finding them, and steering us in the right direction. \n\nHowever, there are two big problems with this utopian vision. One is how we get the machines started on the journey, the other is what it would mean to reach this destination. The \'getting started\' problem is that we need to tell the machines what they\'re looking for with sufficient clarity that we can be confident they will find it – whatever \'it\' actually turns out to be. This won\'t be easy, given that we are tribal creatures and conflicted about the ideals ourselves. We often ignore the suffering of strangers, and even contribute to it, at least indirectly. How then, do we point machines in the direction of something better?\n\nAs for the \'destination\' problem, we might, by putting ourselves in the hands of these moral guides and gatekeepers, be sacrificing our own autonomy – an important part of what makes us human. Machines who are better than us at sticking to the moral high ground may be expected to discourage some of the lapses we presently take for granted. We might lose our freedom to discriminate in favour of our own communities, for example.\n\nLoss of freedom to behave badly isn\'t always a bad thing, of course: denying ourselves the freedom to put children to work in factories, or to smoke in restaurants are signs of progress. But are we ready for ethical silicon police limiting our options? They might be so good at doing it that we won\'t notice them; but few of us are likely to welcome such a future.\n\nThese issues might seem far-fetched, but they are to some extent already here. AI already has some input into how resources are used in our National Health Service (NHS) here in the UK, for example. If it was given a greater role, it might do so much more efficiently than humans can manage, and act in the interests of taxpayers and those who use the health system. However, we\'d be depriving some humans (e.g. senior doctors) of the control they presently enjoy. Since we\'d want to ensure that people are treated equally and that policies are fair, the goals of AI would need to be specified correctly.\n\nWe have a new powerful technology to deal with – itself, literally, a new way of thinking. For our own safety, we need to point these new thinkers in the right direction, and get them to act well for us. It is not yet clear whether this is possible, but if it is, it will require a cooperative spirit, and a willingness to set aside self-interest. \n\nBoth general intelligence and moral reasoning are often thought to be uniquely human capacities. But safety seems to require that we think of them as a package: if we are to give general intelligence to machines, we\'ll need to give them moral authority, too. And where exactly would that leave human beings? All the more reason to think about the destination now, and to be careful about what we wish for.\n\nChoose the correct letter,  A , B , C , or D .\nWrite the correct letter in boxes 14-19 on your answer sheet.\n\nDo the following statements agree with the claims of the writer in Reading Passage 2?\nIn boxes 20-23 on your answer sheet, write\n YES if the statement agrees with the claims of the writer\n NO if the statement contradicts the claims of the writer\n NOT GIVEN if it is impossible to say what the writer thinks about this\n\nComplete the summary using the list of phrases,  A-F , below.\nWrite the correct letter, A-F , in boxes 24-26 on your answer sheet.', NULL, NULL, NOW());
INSERT INTO IELTSExamSection (id, examId, sectionIndex, title, instructions, audioUrl, imageUrl, createdAt) VALUES
(18123, 1812, 3, 'Passage 3: An ideal city', 'Leonardo da Vinci\'s ideal city was centuries ahead of its time\n\nThe word \'genius\' is universally associated with the name of Leonardo da Vinci. A true Renaissance man, he embodied scientific spirit, artistic talent and humanist sensibilities. Five hundred years have passed since Leonardo died in his home at Château du Clos Lucé, outside Tours, France. Yet far from fading into insignificance, his thinking has carried down the centuries and still surprises today. \n\nThe Renaissance marked the transition from the 15th century to modernity and took place after the spread of the plague in the 14th century, which caused a global crisis resulting in some 200 million deaths across Europe and Asia. Today, the world is on the cusp of a climate crisis, which is predicted to cause widespread displacement, extinctions and death, if left unaddressed. Then, as now, radical solutions were called for to revolutionise the way people lived and safeguard humanity against catastrophe. \n\nAround 1486 – after a pestilence that killed half the population in Milan, Italy – Leonardo turned his thoughts to urban planning problems. Following a typical Renaissance trend, he began to work on an \'ideal city\' project, which – due to its excessive costs – would remain unfulfilled. Yet given that unsustainable urban models are a key cause of global climate change today, it\'s only natural to wonder how Leonardo might have changed the shape of modern cities. \n\nAlthough the Renaissance is renowned as an era of incredible progress in art and architecture, it is rarely noted that the 15th century also marked the birth of urbanism as a true academic discipline. The rigour and method behind the conscious conception of a city had been largely missing in Western thought until the moment when prominent Renaissance men pushed forward large-scale urban projects in Italy, such as the reconfiguration of the town of Pienza and the expansion of the city of Ferrara. These works surely inspired Leonardo\'s decision to rethink the design of medieval cities, with their winding and overcrowded streets and with houses piled against one another.\n\nIt is not easy to identify a coordinated vision of Leonardo\'s ideal city because of his disordered way of working with notes and sketches. But from the largest collection of Leonardo\'s papers ever assembled, a series of innovative thoughts can be reconstructed regarding the foundation of a new city along the Ticino River, which runs from Switzerland into Italy and is 248 kilometres long. He designed the city for the easy transport of goods and clean urban spaces, and he wanted a comfortable and spacious city, with well-ordered streets and architecture. He recommended \'high, strong walls\', with \'towers and battlements of all necessary and pleasant beauty\'.\n\nHis plans for a modern and \'rational\' city were consistent with Renaissance ideals. But, in keeping with his personality, Leonardo included several innovations in his urban design. Leonardo wanted the city to be built on several levels, linked with vertical outdoor staircases. This design can be seen in some of today\'s high-rise buildings but was unconventional at the time. Indeed, this idea of taking full advantage of the interior spaces wasn\'t implemented until the 1920s and 1930s, with the birth of the Modernist movement.\n\nWhile in the upper layers of the city, people could walk undisturbed between elegant palaces and streets, the lower layer was the place for services, trade, transport and industry. But the true originality of Leonardo\'s vision was its fusion of architecture and engineering. Leonardo designed extensive hydraulic plants to create artificial canals throughout the city. The canals, regulated by clocks and basins, were supposed to make it easier for boats to navigate inland. Leonardo also thought that the width of the streets ought to match the average height of the adjacent houses: a rule still followed in many contemporary cities across Italy, to allow access to sun and reduce the risk of damage from earthquakes.\n\nAlthough some of these features existed in Roman cities, before Leonardo\'s drawings there had never been a multi-level, compact modern city which was thoroughly technically conceived. Indeed, it wasn\'t until the 19th century that some of his ideas were applied. For example, the subdivision of the city by function – with services and infrastructures located in the lower levels and wide and well-ventilated boulevards and walkways above for residents – is an idea that can be found in Georges-Eugène Haussmann\'s renovation of Paris under Emperor Napoleon III between 1853 and 1870.\n\nToday, Leonardo\'s ideas are not simply valid, they actually suggest a way forward for urban planning. Many scholars think that the compact city, built upwards instead of outwards, integrated with nature (especially water systems), with efficient transport infrastructure, could help modern cities become more efficient and sustainable. This is yet another reason why Leonardo was aligned so closely with modern urban planning and centuries ahead of his time.\n\nDo the following statements agree with the information given in Reading Passage 3?\nIn boxes 27-33 on your answer sheet, write\n TRUE if the statement agrees with the information\n FALSE if the statement contradicts the information\n NOT GIVEN if there is no information on this\n\nComplete the summary below.\nChoose ONE WORD ONLY from the passage for each answer.\nWrite your answers in boxes 34-40 on your answer sheet.', NULL, NULL, NOW());

INSERT INTO IELTSQuestion (sectionId, questionIndex, questionType, questionText, options, correctAnswer, acceptableAnswers, passageText, score, answerExplanation, createdAt) VALUES
(18121, 1, 'fill_blank', 'Vertical tubes are used to grow strawberries, ______ and herbs.', NULL, 'deer antlers|antlers', NULL, '## Stonehenge\n\nConstruction\n\n\nStage 1:\n\n\n●   the ditch and henge were dug, possibly using tools made from (1) ______\n\n\n●   (2) ______ may have been arranged in deep pits inside the circle\n\n\nStage 2:\n\n\n●   bluestones from the Preseli Hills were placed in standing position\n\n\n●   theories about the transportation of the bluestones:\n\n\n        –   archaeological:\n\n\n               o   builders used (3) ______ to make sledges and rollers\n\n\n               o   (4) ______ pulled them on giant baskets\n\n\n        –   geological:\n\n\n               o   they were brought from Wales by (5) ______\n\n\nStage 3:\n\n\n●   sandstone slabs were arranged into an outer crescent or ring\n\n\nBuilders\n\n\n●   a theory arose in the 17th century that its builders were Celtic (6) ______\n\n\nPurpose\n\n\n●   many experts agree it has been used as a (7) ______ site\n\n\n●   in the 1960s, it was suggested that it worked as a kind of (8) ______', 1, NULL, NOW());
INSERT INTO IELTSQuestion (sectionId, questionIndex, questionType, questionText, options, correctAnswer, acceptableAnswers, passageText, score, answerExplanation, createdAt) VALUES
(18121, 2, 'fill_blank', 'There will eventually be a daily harvest of as much as ______ in weight of fruit and vegetables.', NULL, 'timber posts|posts', NULL, NULL, 1, NULL, NOW());
INSERT INTO IELTSQuestion (sectionId, questionIndex, questionType, questionText, options, correctAnswer, acceptableAnswers, passageText, score, answerExplanation, createdAt) VALUES
(18121, 3, 'fill_blank', 'It may be possible that the farm`s produce will account for as much as 10% of the city`s ______ overall.', NULL, 'tree trunks', NULL, NULL, 1, NULL, NOW());
INSERT INTO IELTSQuestion (sectionId, questionIndex, questionType, questionText, options, correctAnswer, acceptableAnswers, passageText, score, answerExplanation, createdAt) VALUES
(18121, 4, 'fill_blank', '• wide range of ______ used', NULL, 'oxen', NULL, NULL, 1, NULL, NOW());
INSERT INTO IELTSQuestion (sectionId, questionIndex, questionType, questionText, options, correctAnswer, acceptableAnswers, passageText, score, answerExplanation, createdAt) VALUES
(18121, 5, 'fill_blank', 'survive long ______', NULL, 'glaciers', NULL, NULL, 1, NULL, NOW());
INSERT INTO IELTSQuestion (sectionId, questionIndex, questionType, questionText, options, correctAnswer, acceptableAnswers, passageText, score, answerExplanation, createdAt) VALUES
(18121, 6, 'fill_blank', '• ______ receive very little of overall', NULL, 'druids', NULL, NULL, 1, NULL, NOW());
INSERT INTO IELTSQuestion (sectionId, questionIndex, questionType, questionText, options, correctAnswer, acceptableAnswers, passageText, score, answerExplanation, createdAt) VALUES
(18121, 7, 'fill_blank', 'its ______', NULL, 'burial', NULL, NULL, 1, NULL, NOW());
INSERT INTO IELTSQuestion (sectionId, questionIndex, questionType, questionText, options, correctAnswer, acceptableAnswers, passageText, score, answerExplanation, createdAt) VALUES
(18121, 8, 'fill_blank', '● in the 1960s, it was suggested that it worked as a kind of ______', NULL, 'calendar', NULL, NULL, 1, NULL, NOW());
INSERT INTO IELTSQuestion (sectionId, questionIndex, questionType, questionText, options, correctAnswer, acceptableAnswers, passageText, score, answerExplanation, createdAt) VALUES
(18121, 9, 'true_false', 'During the third phase of construction, sandstone slabs were placed in both the outer areas and the middle of the Stonehenge site.', NULL, 'TRUE', NULL, NULL, 1, NULL, NOW());
INSERT INTO IELTSQuestion (sectionId, questionIndex, questionType, questionText, options, correctAnswer, acceptableAnswers, passageText, score, answerExplanation, createdAt) VALUES
(18121, 10, 'true_false', 'There is scientific proof that the bluestones stood in the same spot until approximately 1600 BCE.', NULL, 'FALSE', NULL, NULL, 1, NULL, NOW());
INSERT INTO IELTSQuestion (sectionId, questionIndex, questionType, questionText, options, correctAnswer, acceptableAnswers, passageText, score, answerExplanation, createdAt) VALUES
(18121, 11, 'true_false', 'John Aubrey\'s claim about Stonehenge was supported by 20th-century findings.', NULL, 'FALSE', NULL, NULL, 1, NULL, NOW());
INSERT INTO IELTSQuestion (sectionId, questionIndex, questionType, questionText, options, correctAnswer, acceptableAnswers, passageText, score, answerExplanation, createdAt) VALUES
(18121, 12, 'true_false', 'Objects discovered at Stonehenge seem to indicate that it was constructed by a number of different groups of people.', NULL, 'TRUE', NULL, NULL, 1, NULL, NOW());
INSERT INTO IELTSQuestion (sectionId, questionIndex, questionType, questionText, options, correctAnswer, acceptableAnswers, passageText, score, answerExplanation, createdAt) VALUES
(18121, 13, 'true_false', 'Criticism of Gerald Hawkins\' theory about Stonehenge has come mainly from other astronomers.', NULL, 'NOT GIVEN', NULL, NULL, 1, NULL, NOW());

INSERT INTO IELTSQuestion (sectionId, questionIndex, questionType, questionText, options, correctAnswer, acceptableAnswers, passageText, score, answerExplanation, createdAt) VALUES
(18122, 14, 'multiple_choice', 'What point does the writer make about AI in the first paragraph?', '["A. AI will replace all human jobs","B. AI systems may make biased decisions","C. AI development is too expensive","D. AI cannot learn new tasks"]', 'The future is unlikely to see limitations on the capabilities of AI.', NULL, NULL, 1, NULL, NOW());
INSERT INTO IELTSQuestion (sectionId, questionIndex, questionType, questionText, options, correctAnswer, acceptableAnswers, passageText, score, answerExplanation, createdAt) VALUES
(18122, 15, 'multiple_choice', 'What is the writer doing in the second paragraph?', '["A. their programmers","B. the data they are trained on","C. government regulations","D. hardware limitations"]', 'explaining why machines will be able to outperform humans', NULL, NULL, 1, NULL, NOW());
INSERT INTO IELTSQuestion (sectionId, questionIndex, questionType, questionText, options, correctAnswer, acceptableAnswers, passageText, score, answerExplanation, createdAt) VALUES
(18122, 16, 'multiple_choice', 'Why does the writer mention the story of King Midas?', '["A. AI is superior to humans","B. bias can have serious consequences","C. technology companies are irresponsible","D. governments need more AI"]', 'to illustrate that poorly defined objectives can go wrong', NULL, NULL, 1, NULL, NOW());
INSERT INTO IELTSQuestion (sectionId, questionIndex, questionType, questionText, options, correctAnswer, acceptableAnswers, passageText, score, answerExplanation, createdAt) VALUES
(18122, 17, 'multiple_choice', 'What challenge does the writer refer to in the fourth paragraph?', '["A. stopping AI development","B. better training data","C. more government funding","D. limiting AI to research"]', 'ensuring AI is more human-friendly than we are ourselves', NULL, NULL, 1, NULL, NOW());
INSERT INTO IELTSQuestion (sectionId, questionIndex, questionType, questionText, options, correctAnswer, acceptableAnswers, passageText, score, answerExplanation, createdAt) VALUES
(18122, 18, 'multiple_choice', 'What does the writer suggest about the future of AI in the fifth paragraph?', '["A. creative arts","B. medical diagnosis","C. sports training","D. language teaching"]', 'Machines will be superior to humans in certain respects.', NULL, NULL, 1, NULL, NOW());
INSERT INTO IELTSQuestion (sectionId, questionIndex, questionType, questionText, options, correctAnswer, acceptableAnswers, passageText, score, answerExplanation, createdAt) VALUES
(18122, 19, 'multiple_choice', 'Which of the following best summarises the writer\'s argument in the sixth paragraph?', '["A. education","B. healthcare","C. finance","D. transportation"]', 'Human shortcomings will make creating the machines we need more difficult.', NULL, NULL, 1, NULL, NOW());
INSERT INTO IELTSQuestion (sectionId, questionIndex, questionType, questionText, options, correctAnswer, acceptableAnswers, passageText, score, answerExplanation, createdAt) VALUES
(18122, 20, 'true_false', 'Machines with the ability to make moral decisions may prevent us from promoting the interests of our communities.', NULL, 'YES', NULL, NULL, 1, NULL, NOW());
INSERT INTO IELTSQuestion (sectionId, questionIndex, questionType, questionText, options, correctAnswer, acceptableAnswers, passageText, score, answerExplanation, createdAt) VALUES
(18122, 21, 'true_false', 'Silicon police would need to exist in large numbers in order to be effective.', NULL, 'NOT GIVEN', NULL, NULL, 1, NULL, NOW());
INSERT INTO IELTSQuestion (sectionId, questionIndex, questionType, questionText, options, correctAnswer, acceptableAnswers, passageText, score, answerExplanation, createdAt) VALUES
(18122, 22, 'true_false', 'Many people are comfortable with the prospect of their independence being restricted by machines.', NULL, 'NO', NULL, NULL, 1, NULL, NOW());
INSERT INTO IELTSQuestion (sectionId, questionIndex, questionType, questionText, options, correctAnswer, acceptableAnswers, passageText, score, answerExplanation, createdAt) VALUES
(18122, 23, 'true_false', 'If we want to ensure that machines act in our best interests, we all need to work together.', NULL, 'YES', NULL, NULL, 1, NULL, NOW());
INSERT INTO IELTSQuestion (sectionId, questionIndex, questionType, questionText, options, correctAnswer, acceptableAnswers, passageText, score, answerExplanation, createdAt) VALUES
(18122, 24, 'matching', 'Students\' self-perception is a more effective driver of self-confidence than actual achievement is.', '["medical practitoners","specialised tasks","available resources","reduced illness","professional authority","technology experts"]', 'available resources', NULL, 'AI currently has a limited role in the way [match]24[/match] are allocated in the health service. The positive aspect of AI having a bigger role is that it would be more efficient and lead to patient benefits. However, such a change would result, for example, in certain [match]25[/match] not having their current level of  [match]26[/match].  It is therefore important that AI goals are appropriate so that discriminatory practices could be avoided.', 1, NULL, NOW());
INSERT INTO IELTSQuestion (sectionId, questionIndex, questionType, questionText, options, correctAnswer, acceptableAnswers, passageText, score, answerExplanation, createdAt) VALUES
(18122, 25, 'matching', 'Recent evidence about growth mindset interventions has attracted unfair coverage in the media.', '["medical practitoners","specialised tasks","available resources","reduced illness","professional authority","technology experts"]', 'medical practitoners', NULL, NULL, 1, NULL, NOW());
INSERT INTO IELTSQuestion (sectionId, questionIndex, questionType, questionText, options, correctAnswer, acceptableAnswers, passageText, score, answerExplanation, createdAt) VALUES
(18122, 26, 'matching', 'Deliberate attempts to encourage students to strive for high achievement may have a negative effect.', '["medical practitoners","specialised tasks","available resources","reduced illness","professional authority","technology experts"]', 'professional authority', NULL, NULL, 1, NULL, NOW());

INSERT INTO IELTSQuestion (sectionId, questionIndex, questionType, questionText, options, correctAnswer, acceptableAnswers, passageText, score, answerExplanation, createdAt) VALUES
(18123, 27, 'true_false', 'People first referred to Leonardo da Vinci as a genius 500 years ago.', NULL, 'NOT GIVEN', NULL, NULL, 1, NULL, NOW());
INSERT INTO IELTSQuestion (sectionId, questionIndex, questionType, questionText, options, correctAnswer, acceptableAnswers, passageText, score, answerExplanation, createdAt) VALUES
(18123, 28, 'true_false', 'The current climate crisis is predicted to cause more deaths than the plague.', NULL, 'NOT GIVEN', NULL, NULL, 1, NULL, NOW());
INSERT INTO IELTSQuestion (sectionId, questionIndex, questionType, questionText, options, correctAnswer, acceptableAnswers, passageText, score, answerExplanation, createdAt) VALUES
(18123, 29, 'true_false', 'Some of the challenges we face today can be compared to those of earlier times.', NULL, 'TRUE', NULL, NULL, 1, NULL, NOW());
INSERT INTO IELTSQuestion (sectionId, questionIndex, questionType, questionText, options, correctAnswer, acceptableAnswers, passageText, score, answerExplanation, createdAt) VALUES
(18123, 30, 'true_false', 'Leonardo da Vinci\'s \'ideal city\' was constructed in the 15th century.', NULL, 'FALSE', NULL, NULL, 1, NULL, NOW());
INSERT INTO IELTSQuestion (sectionId, questionIndex, questionType, questionText, options, correctAnswer, acceptableAnswers, passageText, score, answerExplanation, createdAt) VALUES
(18123, 31, 'true_false', 'Poor town planning is a major contributor to climate change.', NULL, 'TRUE', NULL, NULL, 1, NULL, NOW());
INSERT INTO IELTSQuestion (sectionId, questionIndex, questionType, questionText, options, correctAnswer, acceptableAnswers, passageText, score, answerExplanation, createdAt) VALUES
(18123, 32, 'true_false', 'In Renaissance times, local people fought against the changes to Pienza and Ferrara.', NULL, 'NOT GIVEN', NULL, NULL, 1, NULL, NOW());
INSERT INTO IELTSQuestion (sectionId, questionIndex, questionType, questionText, options, correctAnswer, acceptableAnswers, passageText, score, answerExplanation, createdAt) VALUES
(18123, 33, 'true_false', 'Leonardo da Vinci kept a neat, organised record of his designs.', NULL, 'FALSE', NULL, NULL, 1, NULL, NOW());
INSERT INTO IELTSQuestion (sectionId, questionIndex, questionType, questionText, options, correctAnswer, acceptableAnswers, passageText, score, answerExplanation, createdAt) VALUES
(18123, 34, 'fill_blank', 'The committee gives advice on how the ______ of space can be achieved. The committee advises that when satellites are no longer active, any unused ______ or pressurised material that could cause ______ should be removed.', NULL, 'transport', NULL, '## Leonardo da Vinci\'s ideal city\n\nA collection of Leonardo da Vinci\'s paperwork reveals his design of a new city beside the Ticino River. This was to provide better (34) ______ for trade and a less polluted environment. Although Leonardo da Vinci\'s city shared many of the ideals of his time, some of his innovations were considered unconventional in their design. They included features that can be seen in some tower blocks today, such as  (35) ______  on the exterior of a building.\n\nLeonardo da Vinci wasn\'t only an architect. His expertise in  (36) ______  was evident in his plans for artificial canals within his ideal city. He also believed that the height of houses should relate to the width of streets in case earthquakes occurred. The design of many cities in Italy today follows this  (37) ______  .\n\n\nWhile some cities from  (38) ______  times have aspects that can also be found in Leonardo\'s designs, his ideas weren\'t put into practice until long after his  death.  (39) ______  is one example of a city that was redesigned in the 19th century in the way that Leonardo had envisaged. His ideas are also relevant to today\'s world, where building  (40) ______  no longer seems to be the best approach.', 1, NULL, NOW());
INSERT INTO IELTSQuestion (sectionId, questionIndex, questionType, questionText, options, correctAnswer, acceptableAnswers, passageText, score, answerExplanation, createdAt) VALUES
(18123, 35, 'fill_blank', 'Although operators of large satellite constellations accept that they have obligations as stewards of space, Holger Krag points out that the operators that become ______ are unlikely to prioritise removing their satellites from space.', NULL, 'staircases', NULL, NULL, 1, NULL, NOW());
INSERT INTO IELTSQuestion (sectionId, questionIndex, questionType, questionText, options, correctAnswer, acceptableAnswers, passageText, score, answerExplanation, createdAt) VALUES
(18123, 36, 'fill_blank', 'Leonardo da Vinci wasn\'t only an architect. His expertise in ______ was evident in his plans for artificial canals within his ideal city. He also believed that the height of houses should relate to the width of streets in case earthquakes occurred. The design of many cities in Italy today follows this ______ .', NULL, 'engineering', NULL, NULL, 1, NULL, NOW());
INSERT INTO IELTSQuestion (sectionId, questionIndex, questionType, questionText, options, correctAnswer, acceptableAnswers, passageText, score, answerExplanation, createdAt) VALUES
(18123, 37, 'fill_blank', 'Leonardo da Vinci wasn\'t only an architect. His expertise in ______ was evident in his plans for artificial canals within his ideal city. He also believed that the height of houses should relate to the width of streets in case earthquakes occurred. The design of many cities in Italy today follows this ______ .', NULL, 'rule', NULL, NULL, 1, NULL, NOW());
INSERT INTO IELTSQuestion (sectionId, questionIndex, questionType, questionText, options, correctAnswer, acceptableAnswers, passageText, score, answerExplanation, createdAt) VALUES
(18123, 38, 'fill_blank', 'While some cities from ______ times have aspects that can also be found in Leonardo\'s designs, his ideas weren\'t put into practice until long after his death. ______ is one example of a city that was redesigned in the 19th century in the way that Leonardo had envisaged. His ideas are also relevant to today\'s world, where building ______ no longer seems to be the best approach.', NULL, 'Roman', NULL, NULL, 1, NULL, NOW());
INSERT INTO IELTSQuestion (sectionId, questionIndex, questionType, questionText, options, correctAnswer, acceptableAnswers, passageText, score, answerExplanation, createdAt) VALUES
(18123, 39, 'fill_blank', 'While some cities from ______ times have aspects that can also be found in Leonardo\'s designs, his ideas weren\'t put into practice until long after his death. ______ is one example of a city that was redesigned in the 19th century in the way that Leonardo had envisaged. His ideas are also relevant to today\'s world, where building ______ no longer seems to be the best approach.', NULL, 'Paris', NULL, NULL, 1, NULL, NOW());
INSERT INTO IELTSQuestion (sectionId, questionIndex, questionType, questionText, options, correctAnswer, acceptableAnswers, passageText, score, answerExplanation, createdAt) VALUES
(18123, 40, 'fill_blank', 'While some cities from ______ times have aspects that can also be found in Leonardo\'s designs, his ideas weren\'t put into practice until long after his death. ______ is one example of a city that was redesigned in the 19th century in the way that Leonardo had envisaged. His ideas are also relevant to today\'s world, where building ______ no longer seems to be the best approach.', NULL, 'outwards', NULL, NULL, 1, NULL, NOW());

-- 剑桥雅思 18 - Test 3 阅读
INSERT INTO IELTSExam (id, title, type, isFullExam, difficultyLevel, totalQuestions, totalSections, durationMinutes, isPublished, createdAt, updatedAt)
VALUES (1813, '剑桥雅思 18 - Test 3 阅读', 'reading', TRUE, 'intermediate', 40, 3, 60, TRUE, NOW(), NOW());

INSERT INTO IELTSExamSection (id, examId, sectionIndex, title, instructions, audioUrl, imageUrl, createdAt) VALUES
(18131, 1813, 1, 'Passage 1: Materials to take us beyond concrete', 'Concrete is everywhere, but it`s bad for the planet, generating large amounts of carbon dioxide – alternatives are being developed\n\nA\nConcrete is the second most used substance in the global economy, after water – and one of the world`s biggest single sources of greenhouse gas emissions. The chemical process by which cement, the key ingredient of concrete, is created results in large quantities of carbon dioxide. The UN estimates that there will be 9.8 billion people living on the planet by mid-century. They will need somewhere to live. If concrete is the only answer to the construction of new cities, then carbon emissions will soar, aggravating global warming. And so scientists have started innovating with other materials, in a scramble for alternatives to a universal commodity that has underpinned our modern life for many years. \n\nB\nThe problem with replacing concrete is that it is so very good at what it does. Chris Cheeseman, an engineering professor at Imperial College London, says the key thing to consider is the extent to which concrete is used around the world, and is likely to continue to be used. `Concrete is not a high-carbon product. Cement is high carbon, but concrete is not. But it is the scale on which it is used that makes it high carbon. The sheer scale of manufacture is so huge, that is the issue.` \n\nC\nNot only are the ingredients of concrete relatively cheap and found in abundance in most places around the globe, the stuff itself has marvellous properties: Portland cement, the vital component of concrete, is mouldable and pourable, but quickly sets hard. Cheeseman also notes another advantage: concrete and steel have similar thermal expansion properties, so steel can be used to reinforce concrete, making it far stronger and more flexible as a building material than it could be on its own. According to Cheeseman, all these factors together make concrete hard to beat. `Concrete is amazing stuff. Making anything with similar properties is going to be very difficult.` \n\nD\nA possible alternative to concrete is wood. Making buildings from wood may seem like a rather medieval idea, but climate change is driving architects to turn to treated timber as a possible resource. Recent years have seen the emergence of tall buildings constructed almost entirely from timber. Vancouver, Vienna and Brumunddal in Norway are all home to constructed tall, wooden buildings. \n\nE\nUsing wood to construct buildings, however, is not straightforward. Wood expands as it absorbs moisture from the air and is susceptible to pests, not to mention fire. But treating wood and combining it with other materials can improve its properties. Cross-laminated timber is engineered wood. An adhesive is used to stick layers of solid-sawn timber together, crosswise, to form building blocks. This material is light but has the strength of concrete and steel. Construction experts say that wooden buildings can be constructed at a greater speed than ones of concrete and steel and the process, it seems, is quieter. \n\nF\nStora Enso is Europe`s biggest supplier of cross-laminated timber, and its vice-president Markus Mannström reports that the company is seeing increasing demand globally for building in wood, with climate change concerns the key driver. Finland, with its large forests, where Stora Enso is based, has been leading the way, but the company is seeing a rise in demand for its timber products across the world, including in Asia. Of course, using timber in a building also locks away the carbon that it absorbed as it grew. But even treated wood has its limitations and only when a wider range of construction projects has been proven in practice will it be possible to see wood as a real alternative to concrete in constructing tall buildings. \n\nG\nFly ash and slag from iron ore are possible alternatives to cement in a concrete mix. Fly ash, a byproduct of coal-burning power plants, can be incorporated into concrete mixes to make up as much as 15 to 30% of the cement, without harming the strength or durability of the resulting mix. Iron-ore slag, a byproduct of the iron-ore smelting process, can be used in a similar way. Their incorporation into concrete mixes has the potential to reduce greenhouse gas emissions. \n\nBut Anna Surgenor, of the UK`s Green Building Council, notes that although these waste products can save carbon in the concrete mix, their use is not always straightforward. `It`s possible to replace the cement content in concrete with waste products to lower the overall carbon impact. But there are several calculations that need to be considered across the entire life cycle of the building – these include factoring in where these materials are being shipped from. If they are transported over long distances, using fossil fuels, the use of alternative materials might not make sense from an overall carbon reduction perspective.` \n\nH\nWhile these technologies are all promising ideas, they are either unproven or based on materials that are not abundant. In their overview of innovation in the concrete industry, Felix Preston and Johanna Lehne of the UK`s Royal Institute of International Affairs reached the conclusion that, `Some novel cements have been discussed for more than a decade within the research community, without breaking through. At present, these alternatives are rarely as cost-effective as conventional cement, and they face raw-material shortages and resistance from customers.`\n\nReading Passage 1 has eight sections,  A-H .\nWhich section contains the following information?\nWrite the correct letter, A-H , in boxes 1-4 on your answer sheet.\n\nComplete the summary below.\nChoose ONE WORD ONLY from the passage for each answer.\nWrite your answers in boxes 5-8 on your answer sheet.\n\nLook at the following statements (Questions 9-13) and the list of people below.\nMatch each statement with the correct person, A , B , C or D .\nWrite the correct letter, A , B , C or D , in boxes 9-13 on your answer sheet.\n NB You may use any letter more than once.', NULL, NULL, NOW());
INSERT INTO IELTSExamSection (id, examId, sectionIndex, title, instructions, audioUrl, imageUrl, createdAt) VALUES
(18132, 1813, 2, 'Passage 2: The steam car', 'The successes and failures of the Doble brothers and their steam cars\n\n[insert:14]\n\nA\nWhen primitive automobiles first began to appear in the 1800s, their engines were based on steam power. Steam had already enjoyed a long and successful career in the railways, so it was only natural that the technology evolved into a miniaturized version which was separate from the trains. But these early cars inherited steam`s weaknesses along with its strengths. The boilers had to be lit by hand, and they required about twenty minutes to build up pressure before they could be driven. Furthermore, their water reservoirs only lasted for about thirty miles before needing replenishment. Despite such shortcomings, these newly designed self-propelled carriages offered quick transportation, and by the early 1900s it was not uncommon to see such machines shuttling wealthy citizens around town.\n\n[insert:15]\n\nB\nBut the glory days of steam cars were few. A new technology called the Internal Combustion Engine soon appeared, which offered the ability to drive down the road just moments after starting up. At first, these noisy gasoline cars were unpopular because they were more complicated to operate and they had difficult hand-crank starters, which were known to break arms when the engines backfired. But in 1912 General Motors introduced the electric starter, and over the following few years steam power was gradually phased out.\n\n[insert:16]\n\nC\nEven as the market was declining, four brothers made one last effort to rekindle the technology. Between 1906 and 1909, while still attending high school, Abner Doble and his three brothers built their first steam car in their parents` basement. It comprised parts taken from a wrecked early steam car but reconfigured to drive an engine of their own design. Though it did not run well, the Doble brothers went on to build a second and third prototype in the following years. Though the Doble boys` third prototype, nicknamed the Model B, still lacked the convenience of an internal combustion engine, it drew the attention of automobile trade magazines due to its numerous improvements over previous steam cars. The Model B proved to be superior to gasoline automobiles in many ways. Its high-pressure steam drove the engine pistons in virtual silence, in contrast to clattering gas engines which emitted the aroma of burned hydrocarbons. Perhaps most impressively, the Model B was amazingly swift. It could accelerate from zero to sixty miles per hour in just fifteen seconds, a feat described as `remarkable acceleration` by Automobile magazine in 1914.\n\n[insert:17]\n\nD\nThe following year Abner Doble drove the Model B from Massachusetts to Detroit in order to seek investment in his automobile design, which he used to open the General Engineering Company. He and his brothers immediately began working on the Model C, which was intended to expand upon the innovations of the Model B. The brothers added features such as a key-based ignition in the cabin, eliminating the need for the operator to manually ignite the boiler. With these enhancements, the Dobles` new car company promised a steam vehicle which would provide all of the convenience of a gasoline car, but with much greater speed, much simpler driving controls, and a virtually silent powerplant. By the following April, the General Engineering Company had received 5,390 deposits for Doble Detroits, which were scheduled for delivery in early 1918.\n\n[insert:18]\n\nE\nLater that year Abner Doble delivered unhappy news to those eagerly awaiting the delivery of their modern new cars. Those buyers who received the handful of completed cars complained that the vehicles were sluggish and erratic, sometimes going in reverse when they should go forward. The new engine design, though innovative, was still plagued with serious glitches.\n\n[insert:19]\n\nF\nThe brothers made one final attempt to produce a viable steam automobile. In early 1924, the Doble brothers shipped a Model E to New York City to be road-tested by the Automobile Club of America. After sitting overnight in freezing temperatures, the car was pushed out into the road and left to sit for over an hour in the frosty morning air. At the turn of the key, the boiler lit and reached its operating pressure inside of forty seconds. As they drove the test vehicle further, they found that its evenly distributed weight lent it surprisingly good handling, even though it was so heavy. As the new Doble steamer was further developed and tested, its maximum speed was pushed to over a hundred miles per hour, and it achieved about fifteen miles per gallon of kerosene with negligible emissions.\n\n[insert:20]\n\nG\nSadly, the Dobles` brilliant steam car never was a financial success. Priced at around $18,000 in 1924, it was popular only among the very wealthy. Plus, it is said that no two Model Es were quite the same, because Abner Doble tinkered endlessly with the design. By the time the company folded in 1931, fewer than fifty of the amazing Model E steam cars had been produced. For his whole career, until his death in 1961, Abner Doble remained adamant that steam-powered automobiles were at least equal to gasoline cars, if not superior. Given the evidence, he may have been right. Many of the Model E Dobles which have survived are still in good working condition, some having been driven over half a million miles with only normal maintenance. Astonishingly, an unmodified Doble Model E runs clean enough to pass the emissions laws in California today, and they are pretty strict. It is true that the technology poses some difficult problems, but you cannot help but wonder how efficient a steam car might be with the benefit of modern materials and computers. Under the current pressure to improve automotive performance and reduce emissions, it is not unthinkable that the steam car may rise again.\n\nReading Passage 2 has seven paragraphs,  A-G .\nChoose the correct heading for each paragraph from the list of headings below.\nWrite the correct number, A-H , in boxes 14-20 on your answer sheet.\n\nChoose the correct letter,  A , B , C or D .\nWrite the correct letter in boxes 21-23 on your answer sheet.\n\nComplete the summary below.\nChoose ONE WORD ANDIOR A NUMBER from the passage for each answer.\nWrite your answers in boxes 24-26 on your answer sheet.', NULL, NULL, NOW());
INSERT INTO IELTSExamSection (id, examId, sectionIndex, title, instructions, audioUrl, imageUrl, createdAt) VALUES
(18133, 1813, 3, 'Passage 3: Insight or evolution?', 'Picture this scene. It\'s an English literature lesson in a UK school, and the teacher has just read an extract from Shakespeare\'s Romeo and Juliet with a class of 15-year-olds. He\'s given some of the students copies of No Fear Shakespeare, a kid-friendly translation of the original. For three students, even these literacy demands are beyond them. Another girl simply can\'t focus and he gives her pens and paper to draw with. The teacher can ask the No Fear group to identify the key characters and maybe provide a tentative plot summary. He can ask most of the class about character development, and five of them might be able to support their statements with textual evidence. Now two curious students are wondering whether Shakespeare dvocates living a life of moderation or one of passionate engagement.\n\n As a teacher myself, I\'d think my lesson would be going rather well if the discussion went as described above. But wouldn\'t this kind of class work better if there weren\'t a such a huge gap between the top and the bottom? If we put all the kids who needed literacy support into one class, and all the students who want to discuss the virtue of moderation into another?\n\n The practice of \'streaming\', or \'tracking\', involves separating students into classes depending on their diagnosed levels of attainment. At a macro level, it requires the establishment of academically selective schools for the brightest students, and comprehensive schools for the rest. Within schools, it means selecting students into a \'stream\' of general ability, or \'sets\' of subject specific ability. The practice is intuitively appealing to almost every stakeholder.\n\n I have heard the mixed-ability model attacked by way of analogy: a group hike. The fittest in the group take the lead and set a brisk pace, only to have to stop and wait every 20 minutes. This is frustrating, and their enthusiasm wanes. Meanwhile, the slowest ones are not only embarrassed but physically struggling to keep up. What\'s worse, they never get a long enough break. They honestly just want to quit. Hiking, they feel, is not for them. \n\n Mixed-ability classes bore students, frustrate parents and burn out teachers. The brightest ones will never summit Mount Qomolangma, and the stragglers won\'t enjoy the lovely stroll in the park they are perhaps more suited to. Individuals suffer at the demands of the collective, mediocrity prevails. So: is learning like hiking?\n\n The current pedagogical paradigm is arguably that of constructivism, which emerged out of the work of psychologist Lev Vygotsky. In the 1930s, Vygotsky emphasised the importance of targeting a student\'s specific \'zone of proximal development\' (ZPD). This is the gap between what they can achieve only with support – teachers, textbooks, worked examples, parents and so on – and what they can achieve independently. The purpose of teaching is to provide and then gradually remove this \'scaffolding\' until they are autonomous. If we accept this model, it follows that streaming students with similar ZPDs would be an efficient and effective solution. And that forcing everyone on the same hike – regardless of aptitude – would be madness.\n\n Despite all this, there is limited empirical evidence to suggest that streaming results in better outcomes for students. Professor John Hattie, director of the Melbourne Education Research Institute, notes that \'tracking has minimal effects on learning outcomes\'. What is more, streaming appears to significantly – and negatively – affect those students assigned to the lowest sets. These students tend to have much higher representation of low socioeconomic class. Less significant is the small benefit for those lucky clever students in the higher sets. The overall result is that the smart stay smart and the dumb get dumber, further entrenching the social divide.\n\n In the latest update of Hattie\'s influential meta-analysis of factors influencing student achievement, one of the most significant factors is the teachers\' estimate of achievement. Streaming students by diagnosed achievement automatically limits what the teacher feels the student is capable of. Meanwhile, in a mixed environment, teachers\' estimates need to be more diverse and flexible.\n\n While streaming might seem to help teachers effectively target a student\'s ZPD, it can underestimate the importance of peer-to-peer learning. A crucial aspect of constructivist theory is the role of the MKO – \'moreknowledgeable other\' – in knowledge construction. While teachers are traditionally the MKOs in classrooms, the value of knowledgeable student peers must not go unrecognised either.\n\n I find it amazing to watch students get over an idea to their peers in ways that I would never think of. They operate with different language tools and different social tools from teachers and, having just learnt it themselves, they possess similar cognitive structures to their struggling classmates. There is also something exciting about passing on skills and knowledge that you yourself have just mastered – a certain pride and zeal, a certain freshness to the interaction between \'teacher\' and \'learner\' that is often lost by the expert for whom the steps are obvious and the joy of discovery forgotten. \n\n Having a variety of different abilities in a collaborative learning environment provides valuable resources for helping students meet their learning needs, not to mention improving their communication and social skills. And today, more than ever, we need the many to flourish – not suffer at the expense of a few bright stars. Once a year, I go on a hike with my class, a mixed bunch of students. It is challenging. The fittest students realise they need to encourage the reluctant. There are lookouts who report back, and extra items to carry for others. We make it – together.\n\nChoose the correct letter,  A , B , C or D .\nWrite the correct letter in boxes 27-30 on your answer sheet.\n\nComplete the summary using the list of phrases,  A-l , below.\nWrite the correct letter, A-l , in boxes 31-35 on your answer sheet.\n\nDo the following statements agree with the views of the writer in Reading Passage 3?\nIn boxes 36-40 on your answer sheet, write\n YES if the statement agrees with the views of the writer\n NO if the statement contradicts the views of the writer\n NOT GIVEN if it is impossible to say what the writer thinks about this', NULL, NULL, NOW());

INSERT INTO IELTSQuestion (sectionId, questionIndex, questionType, questionText, options, correctAnswer, acceptableAnswers, passageText, score, answerExplanation, createdAt) VALUES
(18131, 1, 'matching', 'an explanation of the industrial processes that create potential raw materials for concrete', '["A","B","C","D","E","F","G","H"]', 'G', NULL, NULL, 1, NULL, NOW());
INSERT INTO IELTSQuestion (sectionId, questionIndex, questionType, questionText, options, correctAnswer, acceptableAnswers, passageText, score, answerExplanation, createdAt) VALUES
(18131, 2, 'matching', 'a reference to the various locations where high-rise wooden buildings can be found', '["A","B","C","D","E","F","G","H"]', 'D', NULL, NULL, 1, NULL, NOW());
INSERT INTO IELTSQuestion (sectionId, questionIndex, questionType, questionText, options, correctAnswer, acceptableAnswers, passageText, score, answerExplanation, createdAt) VALUES
(18131, 3, 'matching', 'an indication of how widely available the raw materials of concrete are', '["A","B","C","D","E","F","G","H"]', 'C', NULL, NULL, 1, NULL, NOW());
INSERT INTO IELTSQuestion (sectionId, questionIndex, questionType, questionText, options, correctAnswer, acceptableAnswers, passageText, score, answerExplanation, createdAt) VALUES
(18131, 4, 'matching', 'the belief that more high-rise wooden buildings are needed before wood can be regarded as a viable construction material', '["A","B","C","D","E","F","G","H"]', 'F', NULL, NULL, 1, NULL, NOW());
INSERT INTO IELTSQuestion (sectionId, questionIndex, questionType, questionText, options, correctAnswer, acceptableAnswers, passageText, score, answerExplanation, createdAt) VALUES
(18131, 5, 'fill_blank', 'survive long ______', NULL, 'architects', NULL, '## Making buildings with wood\n\nWood is a traditional building material, but current environmental concerns are encouraging (5) ______ to use wood in modern construction projects. Using wood, however, has its challenges. For example, as (6) ______ in the atmosphere enters wood, it increases in size. In addition, wood is prone to pests and the risk of fire is greater. However, wood can be turned into a better construction material if it is treated and combined with other materials. In one process, (7) ______ of solid wood are glued together to create building blocks. These blocks are lighter than concrete and steel but equal them in strength. Experts say that wooden buildings are an improvement on those made of concrete and steel in terms of the (8) ______ with which they can be constructed and how much noise is generated by the process.', 1, NULL, NOW());
INSERT INTO IELTSQuestion (sectionId, questionIndex, questionType, questionText, options, correctAnswer, acceptableAnswers, passageText, score, answerExplanation, createdAt) VALUES
(18131, 6, 'fill_blank', '• ______ receive very little of overall', NULL, 'moisture', NULL, NULL, 1, NULL, NOW());
INSERT INTO IELTSQuestion (sectionId, questionIndex, questionType, questionText, options, correctAnswer, acceptableAnswers, passageText, score, answerExplanation, createdAt) VALUES
(18131, 7, 'fill_blank', 'its ______', NULL, 'layers', NULL, NULL, 1, NULL, NOW());
INSERT INTO IELTSQuestion (sectionId, questionIndex, questionType, questionText, options, correctAnswer, acceptableAnswers, passageText, score, answerExplanation, createdAt) VALUES
(18131, 8, 'fill_blank', '● in the 1960s, it was suggested that it worked as a kind of ______', NULL, 'speed', NULL, NULL, 1, NULL, NOW());
INSERT INTO IELTSQuestion (sectionId, questionIndex, questionType, questionText, options, correctAnswer, acceptableAnswers, passageText, score, answerExplanation, createdAt) VALUES
(18131, 9, 'matching', 'The environmental advantage of cement alternatives may not be as great as initially assumed.', '["Chris Cheeseman","Markus Mannström","Anna Surgernor","Felix Preston and Johanna Lehne"]', 'Anna Surgernor', NULL, NULL, 1, NULL, NOW());
INSERT INTO IELTSQuestion (sectionId, questionIndex, questionType, questionText, options, correctAnswer, acceptableAnswers, passageText, score, answerExplanation, createdAt) VALUES
(18131, 10, 'matching', 'It would be hard to create a construction alternative to concrete that offers so many comparable benefits.', '["Chris Cheeseman","Markus Mannström","Anna Surgernor","Felix Preston and Johanna Lehne"]', 'Chris Cheeseman', NULL, NULL, 1, NULL, NOW());
INSERT INTO IELTSQuestion (sectionId, questionIndex, questionType, questionText, options, correctAnswer, acceptableAnswers, passageText, score, answerExplanation, createdAt) VALUES
(18131, 11, 'matching', 'Worries about the environment have led to increased interest in wood as a construction material.', '["Chris Cheeseman","Markus Mannström","Anna Surgernor","Felix Preston and Johanna Lehne"]', 'Markus Mannström', NULL, NULL, 1, NULL, NOW());
INSERT INTO IELTSQuestion (sectionId, questionIndex, questionType, questionText, options, correctAnswer, acceptableAnswers, passageText, score, answerExplanation, createdAt) VALUES
(18131, 12, 'matching', 'Expense has been a factor in the negative response to the development of new cements.', '["Chris Cheeseman","Markus Mannström","Anna Surgernor","Felix Preston and Johanna Lehne"]', 'Felix Preston and Johanna Lehne', NULL, NULL, 1, NULL, NOW());
INSERT INTO IELTSQuestion (sectionId, questionIndex, questionType, questionText, options, correctAnswer, acceptableAnswers, passageText, score, answerExplanation, createdAt) VALUES
(18131, 13, 'matching', 'The environmental damage caused by concrete is due to it being produced in large quantities.', '["Chris Cheeseman","Markus Mannström","Anna Surgernor","Felix Preston and Johanna Lehne"]', 'Chris Cheeseman', NULL, NULL, 1, NULL, NOW());

INSERT INTO IELTSQuestion (sectionId, questionIndex, questionType, questionText, options, correctAnswer, acceptableAnswers, passageText, score, answerExplanation, createdAt) VALUES
(18132, 14, 'matching', 'bad outcomes for a forest when people focus only on its financial reward', '["A period in cold conditions before the technology is assessed","Marketing issues lead to failure","Good and bad aspects of steam technology are passed on","A possible solution to the issues of today","Further improvements lead to commercial orders","Positive publicity at last for this quiet, clean, fast vehicle","A disappointing outcome for customers","A better option than the steam car arises"]', 'Good and bad aspects of steam technology are passed on', NULL, NULL, 1, NULL, NOW());
INSERT INTO IELTSQuestion (sectionId, questionIndex, questionType, questionText, options, correctAnswer, acceptableAnswers, passageText, score, answerExplanation, createdAt) VALUES
(18132, 15, 'matching', 'reference to the aspects of any tree that contribute to its worth', '["A period in cold conditions before the technology is assessed","Marketing issues lead to failure","Good and bad aspects of steam technology are passed on","A possible solution to the issues of today","Further improvements lead to commercial orders","Positive publicity at last for this quiet, clean, fast vehicle","A disappointing outcome for customers","A better option than the steam car arises"]', 'A better option than the steam car arises', NULL, NULL, 1, NULL, NOW());
INSERT INTO IELTSQuestion (sectionId, questionIndex, questionType, questionText, options, correctAnswer, acceptableAnswers, passageText, score, answerExplanation, createdAt) VALUES
(18132, 16, 'matching', 'mention of the potential use of wood to help run vehicles', '["A period in cold conditions before the technology is assessed","Marketing issues lead to failure","Good and bad aspects of steam technology are passed on","A possible solution to the issues of today","Further improvements lead to commercial orders","Positive publicity at last for this quiet, clean, fast vehicle","A disappointing outcome for customers","A better option than the steam car arises"]', 'Positive publicity at last for this quiet, clean, fast vehicle', NULL, NULL, 1, NULL, NOW());
INSERT INTO IELTSQuestion (sectionId, questionIndex, questionType, questionText, options, correctAnswer, acceptableAnswers, passageText, score, answerExplanation, createdAt) VALUES
(18132, 17, 'matching', 'examples of insects that attack trees', '["A period in cold conditions before the technology is assessed","Marketing issues lead to failure","Good and bad aspects of steam technology are passed on","A possible solution to the issues of today","Further improvements lead to commercial orders","Positive publicity at last for this quiet, clean, fast vehicle","A disappointing outcome for customers","A better option than the steam car arises"]', 'Further improvements lead to commercial orders', NULL, NULL, 1, NULL, NOW());
INSERT INTO IELTSQuestion (sectionId, questionIndex, questionType, questionText, options, correctAnswer, acceptableAnswers, passageText, score, answerExplanation, createdAt) VALUES
(18132, 18, 'matching', 'an explanation of how some people were encouraged not to return to piracy', '["A period in cold conditions before the technology is assessed","Marketing issues lead to failure","Good and bad aspects of steam technology are passed on","A possible solution to the issues of today","Further improvements lead to commercial orders","Positive publicity at last for this quiet, clean, fast vehicle","A disappointing outcome for customers","A better option than the steam car arises"]', 'A disappointing outcome for customers', NULL, NULL, 1, NULL, NOW());
INSERT INTO IELTSQuestion (sectionId, questionIndex, questionType, questionText, options, correctAnswer, acceptableAnswers, passageText, score, answerExplanation, createdAt) VALUES
(18132, 19, 'matching', 'a mention of the need for many sailing vessels to stay relatively close to land', '["A period in cold conditions before the technology is assessed","Marketing issues lead to failure","Good and bad aspects of steam technology are passed on","A possible solution to the issues of today","Further improvements lead to commercial orders","Positive publicity at last for this quiet, clean, fast vehicle","A disappointing outcome for customers","A better option than the steam car arises"]', 'A period in cold conditions before the technology is assessed', NULL, NULL, 1, NULL, NOW());
INSERT INTO IELTSQuestion (sectionId, questionIndex, questionType, questionText, options, correctAnswer, acceptableAnswers, passageText, score, answerExplanation, createdAt) VALUES
(18132, 20, 'matching', 'bad outcomes for a forest when people focus only on its financial reward', '["A period in cold conditions before the technology is assessed","Marketing issues lead to failure","Good and bad aspects of steam technology are passed on","A possible solution to the issues of today","Further improvements lead to commercial orders","Positive publicity at last for this quiet, clean, fast vehicle","A disappointing outcome for customers","A better option than the steam car arises"]', 'A possible solution to the issues of today', NULL, NULL, 1, NULL, NOW());
INSERT INTO IELTSQuestion (sectionId, questionIndex, questionType, questionText, options, correctAnswer, acceptableAnswers, passageText, score, answerExplanation, createdAt) VALUES
(18132, 21, 'multiple_choice', 'What point does the writer make about the steam car in Paragraph B?', '["A. It was cheaper to produce","B. It could start almost instantly","C. It had a higher top speed","D. It used less water"]', 'Its success was short-lived.', NULL, NULL, 1, NULL, NOW());
INSERT INTO IELTSQuestion (sectionId, questionIndex, questionType, questionText, options, correctAnswer, acceptableAnswers, passageText, score, answerExplanation, createdAt) VALUES
(18132, 22, 'multiple_choice', 'When building their first steam car, the Doble brother', '["A. It was banned by the government","B. The inventor died unexpectedly","C. It was too expensive to mass-produce","D. Oil companies bought the patents"]', 'needed several attempts to achieve a competitive model.', NULL, NULL, 1, NULL, NOW());
INSERT INTO IELTSQuestion (sectionId, questionIndex, questionType, questionText, options, correctAnswer, acceptableAnswers, passageText, score, answerExplanation, createdAt) VALUES
(18132, 23, 'multiple_choice', 'In order to produce the Model C, the Doble brothers', '["A. simplicity of design","B. use of renewable fuel","C. high thermal efficiency","D. lightweight materials"]', 'raised financial capital.', NULL, NULL, 1, NULL, NOW());
INSERT INTO IELTSQuestion (sectionId, questionIndex, questionType, questionText, options, correctAnswer, acceptableAnswers, passageText, score, answerExplanation, createdAt) VALUES
(18132, 24, 'fill_blank', 'Some damaged trees should be left, as their ______ provide habitats for a range of creatures.', NULL, 'speed', NULL, '## The Model E\n\nThe Model E was road-tested in 1924 by the Automobile Club of America. They found it easy to drive, despite its weight, and it impressed the spectators. A later version of the Model E raised its (24) ______, while keeping its emissions extremely low.\n\n\nThe steam car was too expensive for many people and its design was constantly being altered. Under (25) ______ cars were produced before the company went out of business. However, even today, there are Model Es on the road in the US. They are straightforward to maintain, and they satisfy California\'s (26) ______ emissions laws. Perhaps today\'s technology and materials would help us revive the steam car.', 1, NULL, NOW());
INSERT INTO IELTSQuestion (sectionId, questionIndex, questionType, questionText, options, correctAnswer, acceptableAnswers, passageText, score, answerExplanation, createdAt) VALUES
(18132, 25, 'fill_blank', 'Some trees that are small, such as ______, are a source of food for animals and insects.', NULL, '50|fifty', NULL, NULL, 1, NULL, NOW());
INSERT INTO IELTSQuestion (sectionId, questionIndex, questionType, questionText, options, correctAnswer, acceptableAnswers, passageText, score, answerExplanation, createdAt) VALUES
(18132, 26, 'fill_blank', 'Any trees that are ______ should be left to grow, as they add to the variety of species in the forest.', NULL, 'strict', NULL, NULL, 1, NULL, NOW());

INSERT INTO IELTSQuestion (sectionId, questionIndex, questionType, questionText, options, correctAnswer, acceptableAnswers, passageText, score, answerExplanation, createdAt) VALUES
(18133, 27, 'multiple_choice', 'a reference to the cooperation that takes place to try and minimise risk', '["A. Streaming benefits high achievers","B. Mixed-ability classes benefit all students","C. Teachers prefer smaller classes","D. Gifted students need separate education"]', 'B. Mixed-ability classes benefit all students', NULL, NULL, 1, NULL, NOW());
INSERT INTO IELTSQuestion (sectionId, questionIndex, questionType, questionText, options, correctAnswer, acceptableAnswers, passageText, score, answerExplanation, createdAt) VALUES
(18133, 28, 'multiple_choice', 'an optimistic suggestion about the possible positive developments in the use of livestock guard dogs', '["A. improves outcomes for all groups","B. only benefits the highest achievers","C. has no significant effect on outcomes","D. harms lower-achieving students"]', 'D. harms lower-achieving students', NULL, NULL, 1, NULL, NOW());
INSERT INTO IELTSQuestion (sectionId, questionIndex, questionType, questionText, options, correctAnswer, acceptableAnswers, passageText, score, answerExplanation, createdAt) VALUES
(18133, 29, 'multiple_choice', 'a description of a major collision that occurred in space', '["A. are held back by slower students","B. benefit from explaining concepts to peers","C. receive less teacher attention","D. become frustrated and disengaged"]', 'B. benefit from explaining concepts to peers', NULL, NULL, 1, NULL, NOW());
INSERT INTO IELTSQuestion (sectionId, questionIndex, questionType, questionText, options, correctAnswer, acceptableAnswers, passageText, score, answerExplanation, createdAt) VALUES
(18133, 30, 'multiple_choice', 'a comparison between tracking objects in space and the efficiency of a transportation system', '["A. providing uniform instruction","B. facilitating peer learning","C. focusing on discipline","D. grouping by ability within class"]', 'B. facilitating peer learning', NULL, NULL, 1, NULL, NOW());
INSERT INTO IELTSQuestion (sectionId, questionIndex, questionType, questionText, options, correctAnswer, acceptableAnswers, passageText, score, answerExplanation, createdAt) VALUES
(18133, 31, 'matching', 'According to Professor John Hattie of the Melbourne Education Research Institute, there is very little indication that streaming leads to ______. He points out that, in schools which use streaming, the most significant impact is on those students placed in the ______, especially where a large proportion of them have ______. Meanwhile, for the ______, there appears to be only minimal advantage. A further issue is that teachers tend to have ______ of students in streamed groups.', '["wrong classes","lower expectations","average learners","bottom sets","brightest pupils","disadvantaged backgrounds","weaker students","higher achievements","positive impressions"]', 'differentiation', NULL, 'According to Professor John Hattie of the Melbourne Education Research Institute, there is very little indication that streaming leads to [match]31[/match]. He points out that, in schools which use streaming, the most significant impact is on those students placed in the [match]32[/match], especially where a large proportion of them have [match]33[/match]. Meanwhile, for the [match]34[/match], there appears to be only minimal advantage. A further issue is that teachers tend to have [match]35[/match] of students in streamed groups.', 1, NULL, NOW());
INSERT INTO IELTSQuestion (sectionId, questionIndex, questionType, questionText, options, correctAnswer, acceptableAnswers, passageText, score, answerExplanation, createdAt) VALUES
(18133, 32, 'matching', 'In Renaissance times, local people fought against the changes to Pienza and Ferrara.', '["wrong classes","lower expectations","average learners","bottom sets","brightest pupils","disadvantaged backgrounds","weaker students","higher achievements","positive impressions"]', 'motivation', NULL, NULL, 1, NULL, NOW());
INSERT INTO IELTSQuestion (sectionId, questionIndex, questionType, questionText, options, correctAnswer, acceptableAnswers, passageText, score, answerExplanation, createdAt) VALUES
(18133, 33, 'matching', 'Leonardo da Vinci kept a neat, organised record of his designs.', '["wrong classes","lower expectations","average learners","bottom sets","brightest pupils","disadvantaged backgrounds","weaker students","higher achievements","positive impressions"]', 'feedback', NULL, NULL, 1, NULL, NOW());
INSERT INTO IELTSQuestion (sectionId, questionIndex, questionType, questionText, options, correctAnswer, acceptableAnswers, passageText, score, answerExplanation, createdAt) VALUES
(18133, 34, 'matching', 'According to Professor John Hattie of the Melbourne Education Research Institute, there is very little indication that streaming leads to ______. He points out that, in schools which use streaming, the most significant impact is on those students placed in the ______, especially where a large proportion of them have ______. Meanwhile, for the ______, there appears to be only minimal advantage. A further issue is that teachers tend to have ______ of students in streamed groups.', '["wrong classes","lower expectations","average learners","bottom sets","brightest pupils","disadvantaged backgrounds","weaker students","higher achievements","positive impressions"]', 'collaboration', NULL, NULL, 1, NULL, NOW());
INSERT INTO IELTSQuestion (sectionId, questionIndex, questionType, questionText, options, correctAnswer, acceptableAnswers, passageText, score, answerExplanation, createdAt) VALUES
(18133, 35, 'matching', 'According to Professor John Hattie of the Melbourne Education Research Institute, there is very little indication that streaming leads to ______. He points out that, in schools which use streaming, the most significant impact is on those students placed in the ______, especially where a large proportion of them have ______. Meanwhile, for the ______, there appears to be only minimal advantage. A further issue is that teachers tend to have ______ of students in streamed groups.', '["wrong classes","lower expectations","average learners","bottom sets","brightest pupils","disadvantaged backgrounds","weaker students","higher achievements","positive impressions"]', 'streaming', NULL, NULL, 1, NULL, NOW());
INSERT INTO IELTSQuestion (sectionId, questionIndex, questionType, questionText, options, correctAnswer, acceptableAnswers, passageText, score, answerExplanation, createdAt) VALUES
(18133, 36, 'yes_no', 'The Vygotsky model of education supports the concept of a mixed-ability class.', NULL, 'NO', NULL, NULL, 1, NULL, NOW());
INSERT INTO IELTSQuestion (sectionId, questionIndex, questionType, questionText, options, correctAnswer, acceptableAnswers, passageText, score, answerExplanation, createdAt) VALUES
(18133, 37, 'yes_no', 'Some teachers are uncertain about allowing students to take on MKO roles in the classroom.', NULL, 'YES', NULL, NULL, 1, NULL, NOW());
INSERT INTO IELTSQuestion (sectionId, questionIndex, questionType, questionText, options, correctAnswer, acceptableAnswers, passageText, score, answerExplanation, createdAt) VALUES
(18133, 38, 'yes_no', 'It can be rewarding to teach knowledge which you have only recently acquired.', NULL, 'NO', NULL, NULL, 1, NULL, NOW());
INSERT INTO IELTSQuestion (sectionId, questionIndex, questionType, questionText, options, correctAnswer, acceptableAnswers, passageText, score, answerExplanation, createdAt) VALUES
(18133, 39, 'yes_no', 'The priority should be to ensure that the highest-achieving students attain their goals.', NULL, 'NOT GIVEN', NULL, NULL, 1, NULL, NOW());
INSERT INTO IELTSQuestion (sectionId, questionIndex, questionType, questionText, options, correctAnswer, acceptableAnswers, passageText, score, answerExplanation, createdAt) VALUES
(18133, 40, 'yes_no', 'Taking part in collaborative outdoor activities with teachers and classmates can improve student outcomes in the classroom.', NULL, 'NO', NULL, NULL, 1, NULL, NOW());

-- 剑桥雅思 18 - Test 4 阅读
INSERT INTO IELTSExam (id, title, type, isFullExam, difficultyLevel, totalQuestions, totalSections, durationMinutes, isPublished, createdAt, updatedAt)
VALUES (1814, '剑桥雅思 18 - Test 4 阅读', 'reading', TRUE, 'intermediate', 40, 3, 60, TRUE, NOW(), NOW());

INSERT INTO IELTSExamSection (id, examId, sectionIndex, title, instructions, audioUrl, imageUrl, createdAt) VALUES
(18141, 1814, 1, 'Passage 1: Green roofs', 'A\nRooftops covered with grass, vegetable gardens and lush foliage are now a common sight in many cities around the world. More and more private companies and city authorities are investing in green roofs, drawn to their wide-ranging benefits. Among the benefits are saving on energy costs, mitigating the risk of floods, making habitats for urban wildlife, tackling air pollution and even growing food. These increasingly radical urban designs can help cities adapt to the monumental problems they face, such as access to resources and a lack of green space due to development. But the involvement of city authorities, businesses and other institutions is crucial to ensuring their success – as is research investigating different options to suit the variety of rooftop spaces found in cities. The UK is relatively new to developing green roofs, and local governments and institutions are playing a major role in spreading the practice. London is home to much of the UK\'s green roof market, mainly due to forward-thinking policies such as the London Plan, which has paved the way to more than doubling the area of green roofs in the capital.\n\nB\nOngoing research is showcasing how green roofs in cities can integrate with \'living walls\': environmentally friendly walls which are partially or completely covered with greenery, including a growing medium, such as soil or water. Research also indicates that green roofs can be integrated with drainage systems on the ground, such as street trees, so that the water is managed better and the built environment is made more sustainable. There is also evidence to demonstrate the social value of green roofs. Doctors are increasingly prescribing time spent gardening outdoors for patients dealing with anxiety and depression. And research has found that access to even the most basic green spaces can provide a better quality of life for dementia sufferers and help people avoid obesity.\n\nC\nIn North America, green roofs have become mainstream, with a wide array of expansive, accessible and food-producing roofs installed in buildings. Again, city leaders and authorities have helped push the movement forward – only recently, San Francisco, USA, created a policy requiring new buildings to have green roofs. Toronto, Canada, has policies dating from the 1990s, encouraging the development of urban farms on rooftops. These countries also benefit from having newer buildings than in many parts of the world, which makes it easier to install green roofs. Being able to keep enough water at roof height and distribute it right across the rooftop is crucial to maintaining the plants on any green roof – especially on \'edible roofs\' where fruit and vegetables are farmed. And it\'s much easier to do this in newer buildings, which can typically hold greater weight, than to retro-fit old ones. Having a stronger roof also makes it easier to grow a greater variety of plants, since the soil can be deeper.\n\nD\nFor green roofs to become the norm for new developments, there needs to be support from public authorities and private investors. Those responsible for maintaining buildings may have to acquire new skills, such as landscaping, and in some cases, volunteers may be needed to help out. Other considerations include installing drainage paths, meeting health and safety requirements and perhaps allowing access for the public, as well as planning restrictions and disruption from regular activities in and around the buildings during installation. To convince investors and developers that installing green roofs is worthwhile, economic arguments are still the most important. The term \'natural capital\' has been developed to explain the economic value of nature; for example, measuring the money saved by installing natural solutions to protect against flood damage, adapt to climate change or help people lead healthier and happier lives.\n\nE\nAs the expertise about green roofs grows, official standards have been developed to ensure that they are designed, constructed and maintained properly, and function well. Improvements in the science and technology underpinning green roof development have also led to new variations in the concept. For example, \'blue roofs\' enable buildings to hold water over longer periods of time, rather than draining it away quickly – crucial in times of heavier rainfall. There are also combinations of green roofs with solar panels, and \'brown roofs\' which are wilder in nature and maximise biodiversity. If the trend continues, it could create new jobs and a more vibrant and sustainable local food economy – alongside many other benefits. There are still barriers to overcome, but the evidence so far indicates that green roofs have the potential to transform cities and help them function sustainably long into the future. The success stories need to be studied and replicated elsewhere, to make green, blue, brown and food-producing roofs the norm in cities around the world.\n\nReading Passage 1 has five paragraphs,  A-E .\nWhich paragraph contains the following information?\nWrite the correct letter, A-E , in boxes 1-5 on your answer sheet.\n NB You may use any letter more than once.\n\nComplete the summary below.\nChoose ONE WORD ONLY from the passage for each answer.\nWrite your answers in boxes 6-9 on your answer sheet.\n\nChoose  TWO letters, A-E .\nWrite the correct letters in boxes 10 and 11 on your answer sheet.\n\nChoose  TWO letters, A-E .\nWrite the correct letters in boxes 12 and 13 on your answer sheet.', NULL, NULL, NOW());
INSERT INTO IELTSExamSection (id, examId, sectionIndex, title, instructions, audioUrl, imageUrl, createdAt) VALUES
(18142, 1814, 2, 'Passage 2: The growth mindset', 'Over the past century, a powerful idea has taken root in the educational landscape. The concept of intelligence as something innate has been supplanted by the idea that intelligence is not fixed, and that, with the right training, we can be the authors of our own cognitive capabilities. Psychologist Alfred Binet, the developer of the first intelligence tests, was one of many 19th-century scientists who held that earlier view and sought to quantify cognitive ability. Then, in the early 20th century, progressive thinkers revolted against the notion that inherent ability is destiny. Instead, educators such as John Dewey argued that every child\'s intelligence could be developed, given the right environment. \n\n\'Growth mindset theory\' is a relatively new – and extremely popular – version of this idea. In many schools today you will see hallways covered in motivational posters and hear speeches on the mindset of great sporting heroes who simply believed their way to the top. A major focus of the growth mindset in schools is coaxing students away from seeing failure as an indication of their ability, and towards seeing it as a chance to improve that ability. As educationalist Jeff Howard noted several decades ago: \'Smart is not something that you just are, smart is something that you can get.\'\n\nThe idea of the growth mindset is based on the work of psychologist Carol Dweck in California in the 1990s. In one key experiment, Dweck divided a group of 10- to 12-year-olds into two groups. All were told that they had achieved a high score on a test but the first group were praised for their intelligence in achieving this, while the others were praised for their effort. The second group – those who had been instilled with a \'growth mindset\' – were subsequently far more likely to put effort into future tasks. Meanwhile, the former took on only those tasks that would not risk their sense of worth. This group had inferred that success or failure is due to innate ability, and this \'fixed mindset\' had led them to fear of failure and lack of effort. Praising ability actually made the students perform worse, while praising effort emphasised that change was possible.One of the greatest impediments to successfully implementing a growth mindset, however, is the education system itself: in many parts of the world, the school climate is obsessed with performance in the form of constant testing, analysing and ranking of students – a key characteristic of the fixed mindset. Nor is it unusual for schools to create a certain cognitive dissonance, when they applaud the benefits of a growth mindset but then hand out fixed target grades in lessons based on performance.\n\nAside from the implementation problem, the original growth mindset research has also received harsh criticism. The statistician Andrew Gelman claims that \'their research designs have enough degrees of freedom that they could take their data to support just about any theory at all\'. Professor of Psychology Timothy Bates, who has been trying to replicate Dweck\'s work, is finding that the results are repeatedly null. He notes that: \'People with a growth mindset don\'t cope any better with failure … Kids with the growth mindset aren\'t getting better grades, either before or after our intervention study.\'\n\nMuch of this criticism is not lost on Dweck, and she deserves great credit for responding to it and adapting her work accordingly. In fact, she argues that her work has been misunderstood and misapplied in a range of ways. She has also expressed concerns that her theories are being misappropriated in schools by being conflated with the self-esteem movement: \'For me the growth mindset is a tool for learning and improvement. It\'s not just a vehicle for making children feel good.\'\n\nBut there is another factor at work here. The failure to translate the growth mindset into the classroom might reflect a misunderstanding of the nature of teaching and learning itself. Growth mindset supporters David Yeager and Gregory Walton claim that interventions should be delivered in a subtle way to maximise their effectiveness. They say that if adolescents perceive a teacher\'s intervention as conveying that they are in need of help, this could undo its intended effects.\n\nA lot of what drives students is their innate beliefs and how they perceive themselves. There is a strong correlation between self-perception and achievement, but there is evidence to suggest that the actual effect of achievement on self-perception is stronger than the other way round. To stand up in a classroom and successfully deliver a good speech is a genuine achievement, and that is likely to be more powerfully motivating than vague notions of \'motivation\' itself.\n\nRecent evidence would suggest that growth mindset interventions are not the elixir of student learning that its proponents claim it to be. The growth mindset appears to be a viable construct in the lab, which, when administered in the classroom via targeted interventions, doesn\'t seem to work. It is hard to dispute that having faith in the capacity to change is a good attribute for students. Paradoxically, however, that aspiration is not well served by direct interventions that try to instil it. \n\nMotivational posters and talks are often a waste of time, and might well give students a deluded notion of what success actually means. Teaching concrete skills such as how to write an effective introduction to an essay then praising students\' effort in getting there is probably a far better way of improving confidence than telling them how unique they are, or indeed how capable they are of changing their own brains. Perhaps growth mindset works best as a philosophy and not an intervention.\n\nChoose the correct letter,  A , B , C or D .\nWrite the correct letter in boxes 14-16 on your answer sheet\n\nLook at the following statements (Questions 17-22) and the list of people below.\nMatch each statement with the correct person or people, A-E .\nWrite the correct letter, A-E , in boxes 17-22 on your answer sheet.\n NB You may use any letter more than once.\n\nDo the following statements agree with the views of the writer in Reading Passage 2?\nIn boxes 23-26 on your answer sheet, write\n YES if the statement agrees with the views of the writer\n NO if the statement contradicts the views of the writer\n NOT GIVEN if it is impossible to say what the writer thinks about this', NULL, NULL, NOW());
INSERT INTO IELTSExamSection (id, examId, sectionIndex, title, instructions, audioUrl, imageUrl, createdAt) VALUES
(18143, 1814, 3, 'Passage 3: Alfred Wegener: science, exploration and the theory of continental drift', 'by Mott T Greene\n\nIntroduction\n\nThis is a book about the life and scientific work of Alfred Wegener, whose reputation today rests with his theory of continental displacements, better known as \'continental drift\'. Wegener proposed this theory in 1912 and developed it extensively for nearly 20 years. His book on the subject, The Origin of Continents and Oceans, went through four editions and was the focus of an international controversy in his lifetime and for some years after his death.\n\nWegener\'s basic idea was that many mysteries about the Earth\'s history could be solved if one supposed that the continents moved laterally, rather than supposing that they remained fixed in place. Wegener showed in great detail how such continental movements were plausible and how they worked, using evidence from a large number of sciences including geology, geophysics, paleontology, and climatology. Wegener\'s idea – that the continents move – is at the heart of the theory that guides Earth sciences today: namely plate tectonics. Plate tectonics is in many respects quite different from Wegener\'s proposal, in the same way that modern evolutionary theory is very different from the ideas Charles Darwin proposed in the 1850s about biological evolution. Yet plate tectonics is a descendant of Alfred Wegener\'s theory of continental drift, in quite the same way that modern evolutionary theory is a descendant of Darwin\'s theory of natural selection.\n\nWhen I started writing about Wegener\'s life and work, one of the most intriguing things about him for me was that, although he came up with a theory on continental drift, he was not a geologist. He trained as an astronomer and pursued a career in atmospheric physics. When he proposed the theory of continental displacements in 1912, he was a lecturer in physics and astronomy at the University of Marburg, in southern Germany. However, he was not an \'unknown\'. In 1906 he had set a world record (with his brother Kurt) for time aloft in a hot-air balloon: 52 hours. Between 1906 and 1908 he had taken part in a highly publicized and extremely dangerous expedition to the coast of northeast Greenland. He had also made a name for himself amongst a small circle of meteorologists and atmospheric physicists in Germany as the author of a textbook, Thermodynamics of the Atmosphere (1911), and of a number of interesting scientific papers.\n\nAs important as Wegener\'s work on continental drift has turned out to be, it was largely a sideline to his interest in atmospheric physics, geophysics, and paleoclimatology, and thus I have been at great pains to put Wegener\'s work on continental drift in the larger context of his other scientific work, and in the even larger context of atmospheric sciences in his lifetime. This is a \'continental drift book\' only to the extent that Wegener was interested in that topic and later became famous for it. My treatment of his other scientific work is no less detailed, though I certainly have devoted more attention to the reception of his ideas on continental displacement, as they were much more controversial than his other work.\n\nReaders interested in the specific detail of Wegener\'s career will see that he often stopped pursuing a given line of investigation (sometimes for years on end), only to pick it up later. I have tried to provide guideposts to his rapidly shifting interests by characterizing different phases of his life as careers in different sciences, which is reflected in the titles of the chapters. Thus, the index should be a sufficient guide for those interested in a particular aspect of Wegener\'s life but perhaps not all of it. My own feeling, however, is that the parts do not make as much sense on their own as do all of his activities taken together. In this respect I urge readers to try to experience Wegener\'s life as he lived it, with all the interruptions, changes of mind, and renewed efforts this entailed.\n\nWegener left behind a few published works but, as was standard practice, these reported the results of his work – not the journey he took to reach that point. Only a few hundred of the many thousands of letters he wrote and received in his lifetime have survived and he didn\'t keep notebooks or diaries that recorded his life and activities. He was not active (with a few exceptions) in scientific societies, and did not seek to find influence or advance his ideas through professional contacts and politics, spending most of his time at home in his study reading and writing, or in the field collecting observations.\n\nSome famous scientists, such as Newton, Darwin, and Einstein, left mountains of written material behind, hundreds of notebooks and letters numbering in the tens of thousands. Others, like Michael Faraday, left extensive journals of their thoughts and speculations, parallel to their scientific notebooks. The more such material a scientist leaves behind, the better chance a biographer has of forming an accurate picture of how a scientist\'s ideas took shape and evolved.\n\nI am firmly of the opinion that most of us, Wegener included, are not in any real sense the authors of our own lives. We plan, think, and act, often with apparent freedom, but most of the time our lives \'happen to us\', and we only retrospectively turn this happenstance into a coherent narrative of fulfilled intentions. This book, therefore, is a story both of the life and scientific work that Alfred Wegener planned and intended and of the life and scientific work that actually \'happened to him\'. These are, as I think you will soon see, not always the same thing.\n\nDo the following statements agree with the claims of the writer in Reading Passage 3?\nIn boxes 27-30 on your answer sheet, write\n YES if the statement agrees with the claims of the writer\n NO if the statement contradicts the claims of the writer\n NOT GIVEN if it is impossible to say what the writer thinks about this\n\nComplete the summary using the list of phrases,  A-J , below.\nWrite the correct letter, A-J , in boxes 31-36 on your answer sheet.\n\nChoose the correct letter,  A , B , C or D .\nWrite the correct letter in boxes 37-40 on your answer sheet.', NULL, NULL, NOW());

INSERT INTO IELTSQuestion (sectionId, questionIndex, questionType, questionText, options, correctAnswer, acceptableAnswers, passageText, score, answerExplanation, createdAt) VALUES
(18141, 1, 'matching', 'mention of several challenges to be overcome before a green roof can be installed', '["A","B","C","D","E"]', 'D', NULL, NULL, 1, NULL, NOW());
INSERT INTO IELTSQuestion (sectionId, questionIndex, questionType, questionText, options, correctAnswer, acceptableAnswers, passageText, score, answerExplanation, createdAt) VALUES
(18141, 2, 'matching', 'reference to a city where green roofs have been promoted for many years', '["A","B","C","D","E"]', 'C', NULL, NULL, 1, NULL, NOW());
INSERT INTO IELTSQuestion (sectionId, questionIndex, questionType, questionText, options, correctAnswer, acceptableAnswers, passageText, score, answerExplanation, createdAt) VALUES
(18141, 3, 'matching', 'a belief that existing green roofs should be used as a model for new ones', '["A","B","C","D","E"]', 'E', NULL, NULL, 1, NULL, NOW());
INSERT INTO IELTSQuestion (sectionId, questionIndex, questionType, questionText, options, correctAnswer, acceptableAnswers, passageText, score, answerExplanation, createdAt) VALUES
(18141, 4, 'matching', 'examples of how green roofs can work in combination with other green urban initiatives', '["A","B","C","D","E"]', 'B', NULL, NULL, 1, NULL, NOW());
INSERT INTO IELTSQuestion (sectionId, questionIndex, questionType, questionText, options, correctAnswer, acceptableAnswers, passageText, score, answerExplanation, createdAt) VALUES
(18141, 5, 'matching', 'the need to make a persuasive argument for the financial benefits of green roofs', '["A","B","C","D","E"]', 'D', NULL, NULL, 1, NULL, NOW());
INSERT INTO IELTSQuestion (sectionId, questionIndex, questionType, questionText, options, correctAnswer, acceptableAnswers, passageText, score, answerExplanation, createdAt) VALUES
(18141, 6, 'fill_blank', '• ______ receive very little of overall', NULL, 'energy', NULL, '## Advantages of green roofs\n\nCity rooftops covered with greenery have many advantages. These include lessening the likelihood that floods will occur, reducing how much money is spent on (6) ______ and creating environments that are suitable for wildlife. In many cases, they can also be used for producing (7) ______.\n\n\n    There are also social benefits of green roofs. For example, the medical profession recommends (8) ______ as an activity to help people cope with mental health issues. Studies have also shown that the availability of green spaces can prevent physical problems such as (9) ______.', 1, NULL, NOW());
INSERT INTO IELTSQuestion (sectionId, questionIndex, questionType, questionText, options, correctAnswer, acceptableAnswers, passageText, score, answerExplanation, createdAt) VALUES
(18141, 7, 'fill_blank', 'its ______', NULL, 'food', NULL, NULL, 1, NULL, NOW());
INSERT INTO IELTSQuestion (sectionId, questionIndex, questionType, questionText, options, correctAnswer, acceptableAnswers, passageText, score, answerExplanation, createdAt) VALUES
(18141, 8, 'fill_blank', '● in the 1960s, it was suggested that it worked as a kind of ______', NULL, 'gardening', NULL, NULL, 1, NULL, NOW());
INSERT INTO IELTSQuestion (sectionId, questionIndex, questionType, questionText, options, correctAnswer, acceptableAnswers, passageText, score, answerExplanation, createdAt) VALUES
(18141, 9, 'fill_blank', 'There are also social benefits of green roofs. For example, the medical profession recommends ______ as an activity to help people cope with mental health issues. Studies have also shown that the availability of green spaces can prevent physical problems such as ______.', NULL, 'obesity', NULL, NULL, 1, NULL, NOW());
INSERT INTO IELTSQuestion (sectionId, questionIndex, questionType, questionText, options, correctAnswer, acceptableAnswers, passageText, score, answerExplanation, createdAt) VALUES
(18141, 10, 'multiple_choice', 'Which ** TWO ** advantages of using newer buildings for green roofs are mentioned in Paragraph C of the passage?', '["A. a longer growing season for edible produce","B. more economical use of water","C. greater water-storage capacity","D. ability to cultivate more plant types","E. a large surface area for growing plants"]', 'C. greater water-storage capacity', NULL, NULL, 1, NULL, NOW());
INSERT INTO IELTSQuestion (sectionId, questionIndex, questionType, questionText, options, correctAnswer, acceptableAnswers, passageText, score, answerExplanation, createdAt) VALUES
(18141, 11, 'multiple_choice', 'Which ** TWO ** advantages of using newer buildings for green roofs are mentioned in Paragraph C of the passage?', '["A. a longer growing season for edible produce","B. more economical use of water","C. greater water-storage capacity","D. ability to cultivate more plant types","E. a large surface area for growing plants"]', 'D. ability to cultivate more plant types', NULL, NULL, 1, NULL, NOW());
INSERT INTO IELTSQuestion (sectionId, questionIndex, questionType, questionText, options, correctAnswer, acceptableAnswers, passageText, score, answerExplanation, createdAt) VALUES
(18141, 12, 'multiple_choice', 'Which ** TWO ** aims of new variations on the concept of green roofs are mentioned in Paragraph E of the passage?', '["A. to provide habitats for a wide range of species","B. to grow plants successfully even in the wettest climates","C. to regulate the temperature of the immediate environment","D. to generate power from a sustainable source","E. to collect water to supply other buildings"]', 'A. to provide habitats for a wide range of species', NULL, NULL, 1, NULL, NOW());
INSERT INTO IELTSQuestion (sectionId, questionIndex, questionType, questionText, options, correctAnswer, acceptableAnswers, passageText, score, answerExplanation, createdAt) VALUES
(18141, 13, 'multiple_choice', 'Which ** TWO ** aims of new variations on the concept of green roofs are mentioned in Paragraph E of the passage?', '["A. to provide habitats for a wide range of species","B. to grow plants successfully even in the wettest climates","C. to regulate the temperature of the immediate environment","D. to generate power from a sustainable source","E. to collect water to supply other buildings"]', 'D. to generate power from a sustainable source', NULL, NULL, 1, NULL, NOW());

INSERT INTO IELTSQuestion (sectionId, questionIndex, questionType, questionText, options, correctAnswer, acceptableAnswers, passageText, score, answerExplanation, createdAt) VALUES
(18142, 14, 'multiple_choice', 'What can we learn from the first paragraph?', '["A. fixed at birth","B. determined by genetics","C. developed through effort","D. measured by test scores"]', 'C. developed through effort', NULL, NULL, 1, NULL, NOW());
INSERT INTO IELTSQuestion (sectionId, questionIndex, questionType, questionText, options, correctAnswer, acceptableAnswers, passageText, score, answerExplanation, createdAt) VALUES
(18142, 15, 'multiple_choice', 'The second paragraph describes how schools encourage students to', '["A. improves their performance","B. makes them avoid challenges","C. increases their confidence","D. helps them develop faster"]', 'B. makes them avoid challenges', NULL, NULL, 1, NULL, NOW());
INSERT INTO IELTSQuestion (sectionId, questionIndex, questionType, questionText, options, correctAnswer, acceptableAnswers, passageText, score, answerExplanation, createdAt) VALUES
(18142, 16, 'multiple_choice', 'In the third paragraph, the writer suggests that students with a fixed mindset', '["A. had larger brains","B. showed more activity when making errors","C. processed information faster","D. remembered more details"]', 'B. showed more activity when making errors', NULL, NULL, 1, NULL, NOW());
INSERT INTO IELTSQuestion (sectionId, questionIndex, questionType, questionText, options, correctAnswer, acceptableAnswers, passageText, score, answerExplanation, createdAt) VALUES
(18142, 17, 'matching', 'The methodology behind the growth mindset studies was not strict enough.', '["Alfred Binet","Carol Dweck","Andrew Gelman","Timothy Bates","David Yeager and Gregory Walton"]', 'Andrew Gelman', NULL, NULL, 1, NULL, NOW());
INSERT INTO IELTSQuestion (sectionId, questionIndex, questionType, questionText, options, correctAnswer, acceptableAnswers, passageText, score, answerExplanation, createdAt) VALUES
(18142, 18, 'matching', 'The idea of the growth mindset has been incorrectly interpreted.', '["Alfred Binet","Carol Dweck","Andrew Gelman","Timothy Bates","David Yeager and Gregory Walton"]', 'Carol Dweck', NULL, NULL, 1, NULL, NOW());
INSERT INTO IELTSQuestion (sectionId, questionIndex, questionType, questionText, options, correctAnswer, acceptableAnswers, passageText, score, answerExplanation, createdAt) VALUES
(18142, 19, 'matching', 'Intellectual ability is an unchangeable feature of each individual.', '["Alfred Binet","Carol Dweck","Andrew Gelman","Timothy Bates","David Yeager and Gregory Walton"]', 'Alfred Binet', NULL, NULL, 1, NULL, NOW());
INSERT INTO IELTSQuestion (sectionId, questionIndex, questionType, questionText, options, correctAnswer, acceptableAnswers, passageText, score, answerExplanation, createdAt) VALUES
(18142, 20, 'matching', 'The growth mindset should be promoted without students being aware of it.', '["Alfred Binet","Carol Dweck","Andrew Gelman","Timothy Bates","David Yeager and Gregory Walton"]', 'David Yeager and Gregory Walton', NULL, NULL, 1, NULL, NOW());
INSERT INTO IELTSQuestion (sectionId, questionIndex, questionType, questionText, options, correctAnswer, acceptableAnswers, passageText, score, answerExplanation, createdAt) VALUES
(18142, 21, 'matching', 'The growth mindset is not simply about boosting students\' morale.', '["Alfred Binet","Carol Dweck","Andrew Gelman","Timothy Bates","David Yeager and Gregory Walton"]', 'Carol Dweck', NULL, NULL, 1, NULL, NOW());
INSERT INTO IELTSQuestion (sectionId, questionIndex, questionType, questionText, options, correctAnswer, acceptableAnswers, passageText, score, answerExplanation, createdAt) VALUES
(18142, 22, 'matching', 'Research shows that the growth mindset has no effect on academic achievement.', '["Alfred Binet","Carol Dweck","Andrew Gelman","Timothy Bates","David Yeager and Gregory Walton"]', 'Timothy Bates', NULL, NULL, 1, NULL, NOW());
INSERT INTO IELTSQuestion (sectionId, questionIndex, questionType, questionText, options, correctAnswer, acceptableAnswers, passageText, score, answerExplanation, createdAt) VALUES
(18142, 23, 'true_false', 'Dweck has handled criticisms of her work in an admirable way.', NULL, 'YES', NULL, NULL, 1, NULL, NOW());
INSERT INTO IELTSQuestion (sectionId, questionIndex, questionType, questionText, options, correctAnswer, acceptableAnswers, passageText, score, answerExplanation, createdAt) VALUES
(18142, 24, 'true_false', 'Students\' self-perception is a more effective driver of self-confidence than actual achievement is.', NULL, 'NO', NULL, NULL, 1, NULL, NOW());
INSERT INTO IELTSQuestion (sectionId, questionIndex, questionType, questionText, options, correctAnswer, acceptableAnswers, passageText, score, answerExplanation, createdAt) VALUES
(18142, 25, 'true_false', 'Recent evidence about growth mindset interventions has attracted unfair coverage in the media.', NULL, 'NOT GIVEN', NULL, NULL, 1, NULL, NOW());
INSERT INTO IELTSQuestion (sectionId, questionIndex, questionType, questionText, options, correctAnswer, acceptableAnswers, passageText, score, answerExplanation, createdAt) VALUES
(18142, 26, 'true_false', 'Deliberate attempts to encourage students to strive for high achievement may have a negative effect.', NULL, 'YES', NULL, NULL, 1, NULL, NOW());

INSERT INTO IELTSQuestion (sectionId, questionIndex, questionType, questionText, options, correctAnswer, acceptableAnswers, passageText, score, answerExplanation, createdAt) VALUES
(18143, 27, 'true_false', 'Wegener\'s ideas about continental drift were widely disputed while he was alive.', NULL, 'YES', NULL, NULL, 1, NULL, NOW());
INSERT INTO IELTSQuestion (sectionId, questionIndex, questionType, questionText, options, correctAnswer, acceptableAnswers, passageText, score, answerExplanation, createdAt) VALUES
(18143, 28, 'true_false', 'The idea that the continents remained fixed in place was defended in a number of respected scientific publications.', NULL, 'NOT GIVEN', NULL, NULL, 1, NULL, NOW());
INSERT INTO IELTSQuestion (sectionId, questionIndex, questionType, questionText, options, correctAnswer, acceptableAnswers, passageText, score, answerExplanation, createdAt) VALUES
(18143, 29, 'true_false', 'Wegener relied on a limited range of scientific fields to support his theory of continental drift.', NULL, 'NO', NULL, NULL, 1, NULL, NOW());
INSERT INTO IELTSQuestion (sectionId, questionIndex, questionType, questionText, options, correctAnswer, acceptableAnswers, passageText, score, answerExplanation, createdAt) VALUES
(18143, 30, 'true_false', 'The similarities between Wegener\'s theory of continental drift and modern-day plate tectonics are enormous.', NULL, 'NO', NULL, NULL, 1, NULL, NOW());
INSERT INTO IELTSQuestion (sectionId, questionIndex, questionType, questionText, options, correctAnswer, acceptableAnswers, passageText, score, answerExplanation, createdAt) VALUES
(18143, 31, 'matching', 'a reference to efforts to classify space junk', '["modest fame","vast range","record-breaking achievement","research methods","select group","professional interests","scientific debate","hazardous exploration","biographer\'s perspective","narrow investigation"]', 'biographer\'s perspective', NULL, 'One of the remarkable things about Wegener from a [match]31[/match] is that although he proposed a theory of continental drift, he was not a geologist. His  [match]32[/match] were limited to atmospheric physics. However, at the time he proposed his theory of continental drift in 1912, he was already a person of  [match]33[/match] . Six years previously, there had been his  [match]34[/match] of 52 hours in a hot-air balloon, followed by his well-publicised but  [match]35[/match] of Greenland\'s coast. With the publication of his textbook on thermodynamics, he had also come to the attention of a  [match]36[/match]  of German scientists.', 1, NULL, NOW());
INSERT INTO IELTSQuestion (sectionId, questionIndex, questionType, questionText, options, correctAnswer, acceptableAnswers, passageText, score, answerExplanation, createdAt) VALUES
(18143, 32, 'matching', 'a reference to efforts to classify space junk', '["modest fame","vast range","record-breaking achievement","research methods","select group","professional interests","scientific debate","hazardous exploration","biographer\'s perspective","narrow investigation"]', 'professional interests', NULL, NULL, 1, NULL, NOW());
INSERT INTO IELTSQuestion (sectionId, questionIndex, questionType, questionText, options, correctAnswer, acceptableAnswers, passageText, score, answerExplanation, createdAt) VALUES
(18143, 33, 'matching', 'a reference to efforts to classify space junk', '["modest fame","vast range","record-breaking achievement","research methods","select group","professional interests","scientific debate","hazardous exploration","biographer\'s perspective","narrow investigation"]', 'modest fame', NULL, NULL, 1, NULL, NOW());
INSERT INTO IELTSQuestion (sectionId, questionIndex, questionType, questionText, options, correctAnswer, acceptableAnswers, passageText, score, answerExplanation, createdAt) VALUES
(18143, 34, 'matching', 'a reference to efforts to classify space junk', '["modest fame","vast range","record-breaking achievement","research methods","select group","professional interests","scientific debate","hazardous exploration","biographer\'s perspective","narrow investigation"]', 'record-breaking achievement', NULL, NULL, 1, NULL, NOW());
INSERT INTO IELTSQuestion (sectionId, questionIndex, questionType, questionText, options, correctAnswer, acceptableAnswers, passageText, score, answerExplanation, createdAt) VALUES
(18143, 35, 'matching', 'a reference to efforts to classify space junk', '["modest fame","vast range","record-breaking achievement","research methods","select group","professional interests","scientific debate","hazardous exploration","biographer\'s perspective","narrow investigation"]', 'hazardous exploration', NULL, NULL, 1, NULL, NOW());
INSERT INTO IELTSQuestion (sectionId, questionIndex, questionType, questionText, options, correctAnswer, acceptableAnswers, passageText, score, answerExplanation, createdAt) VALUES
(18143, 36, 'matching', 'a reference to efforts to classify space junk', '["modest fame","vast range","record-breaking achievement","research methods","select group","professional interests","scientific debate","hazardous exploration","biographer\'s perspective","narrow investigation"]', 'select group', NULL, NULL, 1, NULL, NOW());
INSERT INTO IELTSQuestion (sectionId, questionIndex, questionType, questionText, options, correctAnswer, acceptableAnswers, passageText, score, answerExplanation, createdAt) VALUES
(18143, 37, 'multiple_choice', 'What is Mott T Greene doing in the fifth paragraph?', '["A. lack of fossil evidence","B. he could not explain the mechanism","C. his calculations were wrong","D. other scientists were jealous"]', 'explaining why it is desirable to read the whole book', NULL, NULL, 1, NULL, NOW());
INSERT INTO IELTSQuestion (sectionId, questionIndex, questionType, questionText, options, correctAnswer, acceptableAnswers, passageText, score, answerExplanation, createdAt) VALUES
(18143, 38, 'multiple_choice', 'What is said about Wegener in the sixth paragraph?', '["A. better fossil discoveries","B. satellite imagery","C. the theory of plate tectonics","D. computer modeling"]', 'He was not a particularly ambitious person.', NULL, NULL, 1, NULL, NOW());
INSERT INTO IELTSQuestion (sectionId, questionIndex, questionType, questionText, options, correctAnswer, acceptableAnswers, passageText, score, answerExplanation, createdAt) VALUES
(18143, 39, 'multiple_choice', 'What does Greene say about some other famous scientists?', '["A. geology","B. astronomy and meteorology","C. biology","D. physics"]', 'They are easier subjects to write about than Wegener.', NULL, NULL, 1, NULL, NOW());
INSERT INTO IELTSQuestion (sectionId, questionIndex, questionType, questionText, options, correctAnswer, acceptableAnswers, passageText, score, answerExplanation, createdAt) VALUES
(18143, 40, 'multiple_choice', 'What is Greene\'s main point in the final paragraph?', '["A. discovering plate tectonics","B. mapping the ocean floor","C. challenging established scientific thinking","D. inventing new research methods"]', 'People have little control over many aspects of their lives.', NULL, NULL, 1, NULL, NOW());

